-- Admins
INSERT INTO Admin (admin_id, first_name, last_name, email, password_hash) VALUES ('ADM001','AdminF1','AdminL1','admin1@system.com','hashed_pw_admin1');
INSERT INTO Admin (admin_id, first_name, last_name, email, password_hash) VALUES ('ADM002','AdminF2','AdminL2','admin2@system.com','hashed_pw_admin2');
INSERT INTO Admin (admin_id, first_name, last_name, email, password_hash) VALUES ('ADM003','AdminF3','AdminL3','admin3@system.com','hashed_pw_admin3');
INSERT INTO Admin (admin_id, first_name, last_name, email, password_hash) VALUES ('ADM004','AdminF4','AdminL4','admin4@system.com','hashed_pw_admin4');
INSERT INTO Admin (admin_id, first_name, last_name, email, password_hash) VALUES ('ADM005','AdminF5','AdminL5','admin5@system.com','hashed_pw_admin5');

-- Clinicians
INSERT INTO Clinician (clinician_id, first_name, last_name, email, password_hash) VALUES ('CLIN001','ClinF1','ClinL1','clin1@clinic.com','hashed_pw_clin1');
INSERT INTO Clinician (clinician_id, first_name, last_name, email, password_hash) VALUES ('CLIN002','ClinF2','ClinL2','clin2@clinic.com','hashed_pw_clin2');
INSERT INTO Clinician (clinician_id, first_name, last_name, email, password_hash) VALUES ('CLIN003','ClinF3','ClinL3','clin3@clinic.com','hashed_pw_clin3');
INSERT INTO Clinician (clinician_id, first_name, last_name, email, password_hash) VALUES ('CLIN004','ClinF4','ClinL4','clin4@clinic.com','hashed_pw_clin4');
INSERT INTO Clinician (clinician_id, first_name, last_name, email, password_hash) VALUES ('CLIN005','ClinF5','ClinL5','clin5@clinic.com','hashed_pw_clin5');
INSERT INTO Clinician (clinician_id, first_name, last_name, email, password_hash) VALUES ('CLIN006','ClinF6','ClinL6','clin6@clinic.com','hashed_pw_clin6');
INSERT INTO Clinician (clinician_id, first_name, last_name, email, password_hash) VALUES ('CLIN007','ClinF7','ClinL7','clin7@clinic.com','hashed_pw_clin7');
INSERT INTO Clinician (clinician_id, first_name, last_name, email, password_hash) VALUES ('CLIN008','ClinF8','ClinL8','clin8@clinic.com','hashed_pw_clin8');
INSERT INTO Clinician (clinician_id, first_name, last_name, email, password_hash) VALUES ('CLIN009','ClinF9','ClinL9','clin9@clinic.com','hashed_pw_clin9');
INSERT INTO Clinician (clinician_id, first_name, last_name, email, password_hash) VALUES ('CLIN010','ClinF10','ClinL10','clin10@clinic.com','hashed_pw_clin10');

-- Patients
INSERT INTO Patient (patient_id, first_name, last_name, height, weight, amputation_type, prosthetic_type, email, password_hash, user_id, clinician_id) VALUES ('PAT001','PatF1','PatL1','188','69','Above Knee','Bebionic Arm','pat1@patient.com','hashed_pw_pat1','USER001','CLIN009');
INSERT INTO Patient (patient_id, first_name, last_name, height, weight, amputation_type, prosthetic_type, email, password_hash, user_id, clinician_id) VALUES ('PAT002','PatF2','PatL2','188','59','Below Elbow','Ottobock Genium','pat2@patient.com','hashed_pw_pat2','USER002','CLIN009');
INSERT INTO Patient (patient_id, first_name, last_name, height, weight, amputation_type, prosthetic_type, email, password_hash, user_id, clinician_id) VALUES ('PAT003','PatF3','PatL3','179','55','Above Elbow','Blatchford Linx','pat3@patient.com','hashed_pw_pat3','USER003','CLIN009');
INSERT INTO Patient (patient_id, first_name, last_name, height, weight, amputation_type, prosthetic_type, email, password_hash, user_id, clinician_id) VALUES ('PAT004','PatF4','PatL4','157','75','Below Elbow','Ottobock Genium','pat4@patient.com','hashed_pw_pat4','USER004','CLIN010');
INSERT INTO Patient (patient_id, first_name, last_name, height, weight, amputation_type, prosthetic_type, email, password_hash, user_id, clinician_id) VALUES ('PAT005','PatF5','PatL5','187','85','Above Knee','Blatchford Linx','pat5@patient.com','hashed_pw_pat5','USER005','CLIN005');
INSERT INTO Patient (patient_id, first_name, last_name, height, weight, amputation_type, prosthetic_type, email, password_hash, user_id, clinician_id) VALUES ('PAT006','PatF6','PatL6','180','73','Above Knee','Ottobock Genium','pat6@patient.com','hashed_pw_pat6','USER006','CLIN003');
INSERT INTO Patient (patient_id, first_name, last_name, height, weight, amputation_type, prosthetic_type, email, password_hash, user_id, clinician_id) VALUES ('PAT007','PatF7','PatL7','171','67','Below Knee','Blatchford Linx','pat7@patient.com','hashed_pw_pat7','USER007','CLIN002');
INSERT INTO Patient (patient_id, first_name, last_name, height, weight, amputation_type, prosthetic_type, email, password_hash, user_id, clinician_id) VALUES ('PAT008','PatF8','PatL8','158','59','Above Knee','Ottobock Genium','pat8@patient.com','hashed_pw_pat8','USER008','CLIN004');
INSERT INTO Patient (patient_id, first_name, last_name, height, weight, amputation_type, prosthetic_type, email, password_hash, user_id, clinician_id) VALUES ('PAT009','PatF9','PatL9','179','71','Below Knee','Ottobock Genium','pat9@patient.com','hashed_pw_pat9','USER009','CLIN001');
INSERT INTO Patient (patient_id, first_name, last_name, height, weight, amputation_type, prosthetic_type, email, password_hash, user_id, clinician_id) VALUES ('PAT010','PatF10','PatL10','186','67','Below Knee','Ottobock Genium','pat10@patient.com','hashed_pw_pat10','USER010','CLIN007');
INSERT INTO Patient (patient_id, first_name, last_name, height, weight, amputation_type, prosthetic_type, email, password_hash, user_id, clinician_id) VALUES ('PAT011','PatF11','PatL11','188','68','Above Elbow','Ottobock Genium','pat11@patient.com','hashed_pw_pat11','USER011','CLIN008');
INSERT INTO Patient (patient_id, first_name, last_name, height, weight, amputation_type, prosthetic_type, email, password_hash, user_id, clinician_id) VALUES ('PAT012','PatF12','PatL12','185','82','Above Knee','Blatchford Linx','pat12@patient.com','hashed_pw_pat12','USER012','CLIN002');
INSERT INTO Patient (patient_id, first_name, last_name, height, weight, amputation_type, prosthetic_type, email, password_hash, user_id, clinician_id) VALUES ('PAT013','PatF13','PatL13','172','60','Above Knee','Bebionic Arm','pat13@patient.com','hashed_pw_pat13','USER013','CLIN003');
INSERT INTO Patient (patient_id, first_name, last_name, height, weight, amputation_type, prosthetic_type, email, password_hash, user_id, clinician_id) VALUES ('PAT014','PatF14','PatL14','154','82','Below Elbow','Blatchford Linx','pat14@patient.com','hashed_pw_pat14','USER014','CLIN009');
INSERT INTO Patient (patient_id, first_name, last_name, height, weight, amputation_type, prosthetic_type, email, password_hash, user_id, clinician_id) VALUES ('PAT015','PatF15','PatL15','175','84','Below Elbow','Blatchford Linx','pat15@patient.com','hashed_pw_pat15','USER015','CLIN010');
INSERT INTO Patient (patient_id, first_name, last_name, height, weight, amputation_type, prosthetic_type, email, password_hash, user_id, clinician_id) VALUES ('PAT016','PatF16','PatL16','153','71','Above Knee','Blatchford Linx','pat16@patient.com','hashed_pw_pat16','USER016','CLIN010');
INSERT INTO Patient (patient_id, first_name, last_name, height, weight, amputation_type, prosthetic_type, email, password_hash, user_id, clinician_id) VALUES ('PAT017','PatF17','PatL17','170','70','Below Elbow','Blatchford Linx','pat17@patient.com','hashed_pw_pat17','USER017','CLIN005');
INSERT INTO Patient (patient_id, first_name, last_name, height, weight, amputation_type, prosthetic_type, email, password_hash, user_id, clinician_id) VALUES ('PAT018','PatF18','PatL18','183','52','Above Knee','Bebionic Arm','pat18@patient.com','hashed_pw_pat18','USER018','CLIN001');
INSERT INTO Patient (patient_id, first_name, last_name, height, weight, amputation_type, prosthetic_type, email, password_hash, user_id, clinician_id) VALUES ('PAT019','PatF19','PatL19','156','74','Below Knee','Blatchford Linx','pat19@patient.com','hashed_pw_pat19','USER019','CLIN001');
INSERT INTO Patient (patient_id, first_name, last_name, height, weight, amputation_type, prosthetic_type, email, password_hash, user_id, clinician_id) VALUES ('PAT020','PatF20','PatL20','181','89','Above Elbow','Blatchford Linx','pat20@patient.com','hashed_pw_pat20','USER020','CLIN003');
INSERT INTO Patient (patient_id, first_name, last_name, height, weight, amputation_type, prosthetic_type, email, password_hash, user_id, clinician_id) VALUES ('PAT021','PatF21','PatL21','162','66','Below Elbow','Ottobock Genium','pat21@patient.com','hashed_pw_pat21','USER021','CLIN003');
INSERT INTO Patient (patient_id, first_name, last_name, height, weight, amputation_type, prosthetic_type, email, password_hash, user_id, clinician_id) VALUES ('PAT022','PatF22','PatL22','187','53','Below Elbow','Bebionic Arm','pat22@patient.com','hashed_pw_pat22','USER022','CLIN007');
INSERT INTO Patient (patient_id, first_name, last_name, height, weight, amputation_type, prosthetic_type, email, password_hash, user_id, clinician_id) VALUES ('PAT023','PatF23','PatL23','163','79','Below Knee','Ottobock Genium','pat23@patient.com','hashed_pw_pat23','USER023','CLIN010');
INSERT INTO Patient (patient_id, first_name, last_name, height, weight, amputation_type, prosthetic_type, email, password_hash, user_id, clinician_id) VALUES ('PAT024','PatF24','PatL24','173','72','Below Elbow','Bebionic Arm','pat24@patient.com','hashed_pw_pat24','USER024','CLIN004');
INSERT INTO Patient (patient_id, first_name, last_name, height, weight, amputation_type, prosthetic_type, email, password_hash, user_id, clinician_id) VALUES ('PAT025','PatF25','PatL25','172','86','Above Knee','Blatchford Linx','pat25@patient.com','hashed_pw_pat25','USER025','CLIN010');
INSERT INTO Patient (patient_id, first_name, last_name, height, weight, amputation_type, prosthetic_type, email, password_hash, user_id, clinician_id) VALUES ('PAT026','PatF26','PatL26','175','89','Above Knee','Blatchford Linx','pat26@patient.com','hashed_pw_pat26','USER026','CLIN010');
INSERT INTO Patient (patient_id, first_name, last_name, height, weight, amputation_type, prosthetic_type, email, password_hash, user_id, clinician_id) VALUES ('PAT027','PatF27','PatL27','163','82','Above Elbow','Blatchford Linx','pat27@patient.com','hashed_pw_pat27','USER027','CLIN003');
INSERT INTO Patient (patient_id, first_name, last_name, height, weight, amputation_type, prosthetic_type, email, password_hash, user_id, clinician_id) VALUES ('PAT028','PatF28','PatL28','152','71','Below Knee','Bebionic Arm','pat28@patient.com','hashed_pw_pat28','USER028','CLIN005');
INSERT INTO Patient (patient_id, first_name, last_name, height, weight, amputation_type, prosthetic_type, email, password_hash, user_id, clinician_id) VALUES ('PAT029','PatF29','PatL29','154','87','Above Elbow','Bebionic Arm','pat29@patient.com','hashed_pw_pat29','USER029','CLIN002');
INSERT INTO Patient (patient_id, first_name, last_name, height, weight, amputation_type, prosthetic_type, email, password_hash, user_id, clinician_id) VALUES ('PAT030','PatF30','PatL30','167','71','Below Knee','Blatchford Linx','pat30@patient.com','hashed_pw_pat30','USER030','CLIN005');
INSERT INTO Patient (patient_id, first_name, last_name, height, weight, amputation_type, prosthetic_type, email, password_hash, user_id, clinician_id) VALUES ('PAT031','PatF31','PatL31','169','57','Above Elbow','Ottobock Genium','pat31@patient.com','hashed_pw_pat31','USER031','CLIN002');
INSERT INTO Patient (patient_id, first_name, last_name, height, weight, amputation_type, prosthetic_type, email, password_hash, user_id, clinician_id) VALUES ('PAT032','PatF32','PatL32','176','77','Above Knee','Blatchford Linx','pat32@patient.com','hashed_pw_pat32','USER032','CLIN003');
INSERT INTO Patient (patient_id, first_name, last_name, height, weight, amputation_type, prosthetic_type, email, password_hash, user_id, clinician_id) VALUES ('PAT033','PatF33','PatL33','172','79','Above Elbow','Bebionic Arm','pat33@patient.com','hashed_pw_pat33','USER033','CLIN010');
INSERT INTO Patient (patient_id, first_name, last_name, height, weight, amputation_type, prosthetic_type, email, password_hash, user_id, clinician_id) VALUES ('PAT034','PatF34','PatL34','187','70','Above Knee','Ottobock Genium','pat34@patient.com','hashed_pw_pat34','USER034','CLIN006');
INSERT INTO Patient (patient_id, first_name, last_name, height, weight, amputation_type, prosthetic_type, email, password_hash, user_id, clinician_id) VALUES ('PAT035','PatF35','PatL35','153','51','Below Knee','Ottobock Genium','pat35@patient.com','hashed_pw_pat35','USER035','CLIN006');
INSERT INTO Patient (patient_id, first_name, last_name, height, weight, amputation_type, prosthetic_type, email, password_hash, user_id, clinician_id) VALUES ('PAT036','PatF36','PatL36','170','52','Above Elbow','Ottobock Genium','pat36@patient.com','hashed_pw_pat36','USER036','CLIN003');
INSERT INTO Patient (patient_id, first_name, last_name, height, weight, amputation_type, prosthetic_type, email, password_hash, user_id, clinician_id) VALUES ('PAT037','PatF37','PatL37','151','69','Below Elbow','Bebionic Arm','pat37@patient.com','hashed_pw_pat37','USER037','CLIN009');
INSERT INTO Patient (patient_id, first_name, last_name, height, weight, amputation_type, prosthetic_type, email, password_hash, user_id, clinician_id) VALUES ('PAT038','PatF38','PatL38','189','86','Below Elbow','Bebionic Arm','pat38@patient.com','hashed_pw_pat38','USER038','CLIN004');
INSERT INTO Patient (patient_id, first_name, last_name, height, weight, amputation_type, prosthetic_type, email, password_hash, user_id, clinician_id) VALUES ('PAT039','PatF39','PatL39','156','52','Below Elbow','Bebionic Arm','pat39@patient.com','hashed_pw_pat39','USER039','CLIN005');
INSERT INTO Patient (patient_id, first_name, last_name, height, weight, amputation_type, prosthetic_type, email, password_hash, user_id, clinician_id) VALUES ('PAT040','PatF40','PatL40','164','55','Above Elbow','Blatchford Linx','pat40@patient.com','hashed_pw_pat40','USER040','CLIN002');
INSERT INTO Patient (patient_id, first_name, last_name, height, weight, amputation_type, prosthetic_type, email, password_hash, user_id, clinician_id) VALUES ('PAT041','PatF41','PatL41','171','51','Above Knee','Blatchford Linx','pat41@patient.com','hashed_pw_pat41','USER041','CLIN009');
INSERT INTO Patient (patient_id, first_name, last_name, height, weight, amputation_type, prosthetic_type, email, password_hash, user_id, clinician_id) VALUES ('PAT042','PatF42','PatL42','156','83','Below Knee','Blatchford Linx','pat42@patient.com','hashed_pw_pat42','USER042','CLIN001');
INSERT INTO Patient (patient_id, first_name, last_name, height, weight, amputation_type, prosthetic_type, email, password_hash, user_id, clinician_id) VALUES ('PAT043','PatF43','PatL43','166','81','Above Elbow','Ottobock Genium','pat43@patient.com','hashed_pw_pat43','USER043','CLIN010');
INSERT INTO Patient (patient_id, first_name, last_name, height, weight, amputation_type, prosthetic_type, email, password_hash, user_id, clinician_id) VALUES ('PAT044','PatF44','PatL44','181','52','Above Elbow','Ottobock Genium','pat44@patient.com','hashed_pw_pat44','USER044','CLIN009');
INSERT INTO Patient (patient_id, first_name, last_name, height, weight, amputation_type, prosthetic_type, email, password_hash, user_id, clinician_id) VALUES ('PAT045','PatF45','PatL45','182','69','Below Knee','Ottobock Genium','pat45@patient.com','hashed_pw_pat45','USER045','CLIN005');
INSERT INTO Patient (patient_id, first_name, last_name, height, weight, amputation_type, prosthetic_type, email, password_hash, user_id, clinician_id) VALUES ('PAT046','PatF46','PatL46','170','84','Above Elbow','Ottobock Genium','pat46@patient.com','hashed_pw_pat46','USER046','CLIN001');
INSERT INTO Patient (patient_id, first_name, last_name, height, weight, amputation_type, prosthetic_type, email, password_hash, user_id, clinician_id) VALUES ('PAT047','PatF47','PatL47','154','64','Above Elbow','Ottobock Genium','pat47@patient.com','hashed_pw_pat47','USER047','CLIN008');
INSERT INTO Patient (patient_id, first_name, last_name, height, weight, amputation_type, prosthetic_type, email, password_hash, user_id, clinician_id) VALUES ('PAT048','PatF48','PatL48','153','80','Below Elbow','Ottobock Genium','pat48@patient.com','hashed_pw_pat48','USER048','CLIN005');
INSERT INTO Patient (patient_id, first_name, last_name, height, weight, amputation_type, prosthetic_type, email, password_hash, user_id, clinician_id) VALUES ('PAT049','PatF49','PatL49','174','69','Below Knee','Bebionic Arm','pat49@patient.com','hashed_pw_pat49','USER049','CLIN002');
INSERT INTO Patient (patient_id, first_name, last_name, height, weight, amputation_type, prosthetic_type, email, password_hash, user_id, clinician_id) VALUES ('PAT050','PatF50','PatL50','162','84','Above Knee','Ottobock Genium','pat50@patient.com','hashed_pw_pat50','USER050','CLIN008');

-- Activities
INSERT INTO Activity (activity_id, activity_type, start_time, end_time, is_uploaded, patient_id) VALUES ('ACT001_1','Cycling',1693094400,1693097931,TRUE,'PAT001');
INSERT INTO Activity (activity_id, activity_type, start_time, end_time, is_uploaded, patient_id) VALUES ('ACT001_2','Lifting',1693094900,1693097094,TRUE,'PAT001');
INSERT INTO Activity (activity_id, activity_type, start_time, end_time, is_uploaded, patient_id) VALUES ('ACT002_1','Running',1693104400,1693107959,TRUE,'PAT002');
INSERT INTO Activity (activity_id, activity_type, start_time, end_time, is_uploaded, patient_id) VALUES ('ACT002_2','Cycling',1693104900,1693108084,TRUE,'PAT002');
INSERT INTO Activity (activity_id, activity_type, start_time, end_time, is_uploaded, patient_id) VALUES ('ACT003_1','Cycling',1693114400,1693115258,TRUE,'PAT003');
INSERT INTO Activity (activity_id, activity_type, start_time, end_time, is_uploaded, patient_id) VALUES ('ACT003_2','Standing',1693114900,1693116977,TRUE,'PAT003');
INSERT INTO Activity (activity_id, activity_type, start_time, end_time, is_uploaded, patient_id) VALUES ('ACT004_1','Walking',1693124400,1693125324,TRUE,'PAT004');
INSERT INTO Activity (activity_id, activity_type, start_time, end_time, is_uploaded, patient_id) VALUES ('ACT004_2','Walking',1693124900,1693127244,TRUE,'PAT004');
INSERT INTO Activity (activity_id, activity_type, start_time, end_time, is_uploaded, patient_id) VALUES ('ACT005_1','Walking',1693134400,1693136534,TRUE,'PAT005');
INSERT INTO Activity (activity_id, activity_type, start_time, end_time, is_uploaded, patient_id) VALUES ('ACT005_2','Cycling',1693134900,1693136868,TRUE,'PAT005');
INSERT INTO Activity (activity_id, activity_type, start_time, end_time, is_uploaded, patient_id) VALUES ('ACT006_1','Running',1693144400,1693147135,TRUE,'PAT006');
INSERT INTO Activity (activity_id, activity_type, start_time, end_time, is_uploaded, patient_id) VALUES ('ACT006_2','Lifting',1693144900,1693147756,TRUE,'PAT006');
INSERT INTO Activity (activity_id, activity_type, start_time, end_time, is_uploaded, patient_id) VALUES ('ACT007_1','Standing',1693154400,1693156012,TRUE,'PAT007');
INSERT INTO Activity (activity_id, activity_type, start_time, end_time, is_uploaded, patient_id) VALUES ('ACT007_2','GripTest',1693154900,1693156215,TRUE,'PAT007');
INSERT INTO Activity (activity_id, activity_type, start_time, end_time, is_uploaded, patient_id) VALUES ('ACT008_1','Cycling',1693164400,1693167101,TRUE,'PAT008');
INSERT INTO Activity (activity_id, activity_type, start_time, end_time, is_uploaded, patient_id) VALUES ('ACT008_2','Running',1693164900,1693166382,TRUE,'PAT008');
INSERT INTO Activity (activity_id, activity_type, start_time, end_time, is_uploaded, patient_id) VALUES ('ACT009_1','GripTest',1693174400,1693175202,TRUE,'PAT009');
INSERT INTO Activity (activity_id, activity_type, start_time, end_time, is_uploaded, patient_id) VALUES ('ACT009_2','Standing',1693174900,1693175883,TRUE,'PAT009');
INSERT INTO Activity (activity_id, activity_type, start_time, end_time, is_uploaded, patient_id) VALUES ('ACT010_1','Lifting',1693184400,1693186984,TRUE,'PAT010');
INSERT INTO Activity (activity_id, activity_type, start_time, end_time, is_uploaded, patient_id) VALUES ('ACT010_2','Walking',1693184900,1693187607,TRUE,'PAT010');
INSERT INTO Activity (activity_id, activity_type, start_time, end_time, is_uploaded, patient_id) VALUES ('ACT011_1','Cycling',1693194400,1693195907,TRUE,'PAT011');
INSERT INTO Activity (activity_id, activity_type, start_time, end_time, is_uploaded, patient_id) VALUES ('ACT011_2','Standing',1693194900,1693196047,TRUE,'PAT011');
INSERT INTO Activity (activity_id, activity_type, start_time, end_time, is_uploaded, patient_id) VALUES ('ACT012_1','Running',1693204400,1693206666,TRUE,'PAT012');
INSERT INTO Activity (activity_id, activity_type, start_time, end_time, is_uploaded, patient_id) VALUES ('ACT012_2','Cycling',1693204900,1693205633,TRUE,'PAT012');
INSERT INTO Activity (activity_id, activity_type, start_time, end_time, is_uploaded, patient_id) VALUES ('ACT013_1','Lifting',1693214400,1693215102,TRUE,'PAT013');
INSERT INTO Activity (activity_id, activity_type, start_time, end_time, is_uploaded, patient_id) VALUES ('ACT013_2','Standing',1693214900,1693215944,TRUE,'PAT013');
INSERT INTO Activity (activity_id, activity_type, start_time, end_time, is_uploaded, patient_id) VALUES ('ACT014_1','Lifting',1693224400,1693227607,TRUE,'PAT014');
INSERT INTO Activity (activity_id, activity_type, start_time, end_time, is_uploaded, patient_id) VALUES ('ACT014_2','Cycling',1693224900,1693226854,TRUE,'PAT014');
INSERT INTO Activity (activity_id, activity_type, start_time, end_time, is_uploaded, patient_id) VALUES ('ACT015_1','Standing',1693234400,1693236383,TRUE,'PAT015');
INSERT INTO Activity (activity_id, activity_type, start_time, end_time, is_uploaded, patient_id) VALUES ('ACT015_2','Running',1693234900,1693236308,TRUE,'PAT015');
INSERT INTO Activity (activity_id, activity_type, start_time, end_time, is_uploaded, patient_id) VALUES ('ACT016_1','Running',1693244400,1693245805,TRUE,'PAT016');
INSERT INTO Activity (activity_id, activity_type, start_time, end_time, is_uploaded, patient_id) VALUES ('ACT016_2','Running',1693244900,1693246651,TRUE,'PAT016');
INSERT INTO Activity (activity_id, activity_type, start_time, end_time, is_uploaded, patient_id) VALUES ('ACT017_1','Standing',1693254400,1693257858,TRUE,'PAT017');
INSERT INTO Activity (activity_id, activity_type, start_time, end_time, is_uploaded, patient_id) VALUES ('ACT017_2','Walking',1693254900,1693256662,TRUE,'PAT017');
INSERT INTO Activity (activity_id, activity_type, start_time, end_time, is_uploaded, patient_id) VALUES ('ACT018_1','Cycling',1693264400,1693265536,TRUE,'PAT018');
INSERT INTO Activity (activity_id, activity_type, start_time, end_time, is_uploaded, patient_id) VALUES ('ACT018_2','Running',1693264900,1693266206,TRUE,'PAT018');
INSERT INTO Activity (activity_id, activity_type, start_time, end_time, is_uploaded, patient_id) VALUES ('ACT019_1','Walking',1693274400,1693277372,TRUE,'PAT019');
INSERT INTO Activity (activity_id, activity_type, start_time, end_time, is_uploaded, patient_id) VALUES ('ACT019_2','Running',1693274900,1693275648,TRUE,'PAT019');
INSERT INTO Activity (activity_id, activity_type, start_time, end_time, is_uploaded, patient_id) VALUES ('ACT020_1','Walking',1693284400,1693287341,TRUE,'PAT020');
INSERT INTO Activity (activity_id, activity_type, start_time, end_time, is_uploaded, patient_id) VALUES ('ACT020_2','Standing',1693284900,1693288389,TRUE,'PAT020');
INSERT INTO Activity (activity_id, activity_type, start_time, end_time, is_uploaded, patient_id) VALUES ('ACT021_1','Standing',1693294400,1693296528,TRUE,'PAT021');
INSERT INTO Activity (activity_id, activity_type, start_time, end_time, is_uploaded, patient_id) VALUES ('ACT021_2','Cycling',1693294900,1693297368,TRUE,'PAT021');
INSERT INTO Activity (activity_id, activity_type, start_time, end_time, is_uploaded, patient_id) VALUES ('ACT022_1','Standing',1693304400,1693306012,TRUE,'PAT022');
INSERT INTO Activity (activity_id, activity_type, start_time, end_time, is_uploaded, patient_id) VALUES ('ACT022_2','Running',1693304900,1693308247,TRUE,'PAT022');
INSERT INTO Activity (activity_id, activity_type, start_time, end_time, is_uploaded, patient_id) VALUES ('ACT023_1','Running',1693314400,1693316530,TRUE,'PAT023');
INSERT INTO Activity (activity_id, activity_type, start_time, end_time, is_uploaded, patient_id) VALUES ('ACT023_2','Cycling',1693314900,1693316189,TRUE,'PAT023');
INSERT INTO Activity (activity_id, activity_type, start_time, end_time, is_uploaded, patient_id) VALUES ('ACT024_1','Cycling',1693324400,1693327223,TRUE,'PAT024');
INSERT INTO Activity (activity_id, activity_type, start_time, end_time, is_uploaded, patient_id) VALUES ('ACT024_2','GripTest',1693324900,1693327038,TRUE,'PAT024');
INSERT INTO Activity (activity_id, activity_type, start_time, end_time, is_uploaded, patient_id) VALUES ('ACT025_1','Cycling',1693334400,1693337888,TRUE,'PAT025');
INSERT INTO Activity (activity_id, activity_type, start_time, end_time, is_uploaded, patient_id) VALUES ('ACT025_2','Lifting',1693334900,1693337740,TRUE,'PAT025');
INSERT INTO Activity (activity_id, activity_type, start_time, end_time, is_uploaded, patient_id) VALUES ('ACT026_1','Walking',1693344400,1693346630,TRUE,'PAT026');
INSERT INTO Activity (activity_id, activity_type, start_time, end_time, is_uploaded, patient_id) VALUES ('ACT026_2','Standing',1693344900,1693347421,TRUE,'PAT026');
INSERT INTO Activity (activity_id, activity_type, start_time, end_time, is_uploaded, patient_id) VALUES ('ACT027_1','Running',1693354400,1693357391,TRUE,'PAT027');
INSERT INTO Activity (activity_id, activity_type, start_time, end_time, is_uploaded, patient_id) VALUES ('ACT027_2','Cycling',1693354900,1693358400,TRUE,'PAT027');
INSERT INTO Activity (activity_id, activity_type, start_time, end_time, is_uploaded, patient_id) VALUES ('ACT028_1','GripTest',1693364400,1693365575,TRUE,'PAT028');
INSERT INTO Activity (activity_id, activity_type, start_time, end_time, is_uploaded, patient_id) VALUES ('ACT028_2','Walking',1693364900,1693366582,TRUE,'PAT028');
INSERT INTO Activity (activity_id, activity_type, start_time, end_time, is_uploaded, patient_id) VALUES ('ACT029_1','Walking',1693374400,1693375678,TRUE,'PAT029');
INSERT INTO Activity (activity_id, activity_type, start_time, end_time, is_uploaded, patient_id) VALUES ('ACT029_2','Running',1693374900,1693376495,TRUE,'PAT029');
INSERT INTO Activity (activity_id, activity_type, start_time, end_time, is_uploaded, patient_id) VALUES ('ACT030_1','Walking',1693384400,1693387229,TRUE,'PAT030');
INSERT INTO Activity (activity_id, activity_type, start_time, end_time, is_uploaded, patient_id) VALUES ('ACT030_2','GripTest',1693384900,1693388233,TRUE,'PAT030');
INSERT INTO Activity (activity_id, activity_type, start_time, end_time, is_uploaded, patient_id) VALUES ('ACT031_1','Walking',1693394400,1693395968,TRUE,'PAT031');
INSERT INTO Activity (activity_id, activity_type, start_time, end_time, is_uploaded, patient_id) VALUES ('ACT031_2','GripTest',1693394900,1693397750,TRUE,'PAT031');
INSERT INTO Activity (activity_id, activity_type, start_time, end_time, is_uploaded, patient_id) VALUES ('ACT032_1','Walking',1693404400,1693406921,TRUE,'PAT032');
INSERT INTO Activity (activity_id, activity_type, start_time, end_time, is_uploaded, patient_id) VALUES ('ACT032_2','Cycling',1693404900,1693407704,TRUE,'PAT032');
INSERT INTO Activity (activity_id, activity_type, start_time, end_time, is_uploaded, patient_id) VALUES ('ACT033_1','Running',1693414400,1693415868,TRUE,'PAT033');
INSERT INTO Activity (activity_id, activity_type, start_time, end_time, is_uploaded, patient_id) VALUES ('ACT033_2','Walking',1693414900,1693417098,TRUE,'PAT033');
INSERT INTO Activity (activity_id, activity_type, start_time, end_time, is_uploaded, patient_id) VALUES ('ACT034_1','Running',1693424400,1693426392,TRUE,'PAT034');
INSERT INTO Activity (activity_id, activity_type, start_time, end_time, is_uploaded, patient_id) VALUES ('ACT034_2','Standing',1693424900,1693427172,TRUE,'PAT034');
INSERT INTO Activity (activity_id, activity_type, start_time, end_time, is_uploaded, patient_id) VALUES ('ACT035_1','Walking',1693434400,1693436660,TRUE,'PAT035');
INSERT INTO Activity (activity_id, activity_type, start_time, end_time, is_uploaded, patient_id) VALUES ('ACT035_2','GripTest',1693434900,1693437474,TRUE,'PAT035');
INSERT INTO Activity (activity_id, activity_type, start_time, end_time, is_uploaded, patient_id) VALUES ('ACT036_1','Running',1693444400,1693446348,TRUE,'PAT036');
INSERT INTO Activity (activity_id, activity_type, start_time, end_time, is_uploaded, patient_id) VALUES ('ACT036_2','GripTest',1693444900,1693446922,TRUE,'PAT036');
INSERT INTO Activity (activity_id, activity_type, start_time, end_time, is_uploaded, patient_id) VALUES ('ACT037_1','Lifting',1693454400,1693456144,TRUE,'PAT037');
INSERT INTO Activity (activity_id, activity_type, start_time, end_time, is_uploaded, patient_id) VALUES ('ACT037_2','Lifting',1693454900,1693457159,TRUE,'PAT037');
INSERT INTO Activity (activity_id, activity_type, start_time, end_time, is_uploaded, patient_id) VALUES ('ACT038_1','Standing',1693464400,1693465282,TRUE,'PAT038');
INSERT INTO Activity (activity_id, activity_type, start_time, end_time, is_uploaded, patient_id) VALUES ('ACT038_2','GripTest',1693464900,1693465660,TRUE,'PAT038');
INSERT INTO Activity (activity_id, activity_type, start_time, end_time, is_uploaded, patient_id) VALUES ('ACT039_1','Cycling',1693474400,1693476832,TRUE,'PAT039');
INSERT INTO Activity (activity_id, activity_type, start_time, end_time, is_uploaded, patient_id) VALUES ('ACT039_2','Standing',1693474900,1693477134,TRUE,'PAT039');
INSERT INTO Activity (activity_id, activity_type, start_time, end_time, is_uploaded, patient_id) VALUES ('ACT040_1','Walking',1693484400,1693485336,TRUE,'PAT040');
INSERT INTO Activity (activity_id, activity_type, start_time, end_time, is_uploaded, patient_id) VALUES ('ACT040_2','Walking',1693484900,1693487804,TRUE,'PAT040');
INSERT INTO Activity (activity_id, activity_type, start_time, end_time, is_uploaded, patient_id) VALUES ('ACT041_1','Cycling',1693494400,1693496161,TRUE,'PAT041');
INSERT INTO Activity (activity_id, activity_type, start_time, end_time, is_uploaded, patient_id) VALUES ('ACT041_2','Cycling',1693494900,1693498413,TRUE,'PAT041');
INSERT INTO Activity (activity_id, activity_type, start_time, end_time, is_uploaded, patient_id) VALUES ('ACT042_1','Walking',1693504400,1693507014,TRUE,'PAT042');
INSERT INTO Activity (activity_id, activity_type, start_time, end_time, is_uploaded, patient_id) VALUES ('ACT042_2','Walking',1693504900,1693507037,TRUE,'PAT042');
INSERT INTO Activity (activity_id, activity_type, start_time, end_time, is_uploaded, patient_id) VALUES ('ACT043_1','Walking',1693514400,1693516889,TRUE,'PAT043');
INSERT INTO Activity (activity_id, activity_type, start_time, end_time, is_uploaded, patient_id) VALUES ('ACT043_2','Cycling',1693514900,1693517688,TRUE,'PAT043');
INSERT INTO Activity (activity_id, activity_type, start_time, end_time, is_uploaded, patient_id) VALUES ('ACT044_1','Cycling',1693524400,1693525452,TRUE,'PAT044');
INSERT INTO Activity (activity_id, activity_type, start_time, end_time, is_uploaded, patient_id) VALUES ('ACT044_2','Cycling',1693524900,1693526075,TRUE,'PAT044');
INSERT INTO Activity (activity_id, activity_type, start_time, end_time, is_uploaded, patient_id) VALUES ('ACT045_1','Walking',1693534400,1693536619,TRUE,'PAT045');
INSERT INTO Activity (activity_id, activity_type, start_time, end_time, is_uploaded, patient_id) VALUES ('ACT045_2','Cycling',1693534900,1693537605,TRUE,'PAT045');
INSERT INTO Activity (activity_id, activity_type, start_time, end_time, is_uploaded, patient_id) VALUES ('ACT046_1','Standing',1693544400,1693545674,TRUE,'PAT046');
INSERT INTO Activity (activity_id, activity_type, start_time, end_time, is_uploaded, patient_id) VALUES ('ACT046_2','GripTest',1693544900,1693546326,TRUE,'PAT046');
INSERT INTO Activity (activity_id, activity_type, start_time, end_time, is_uploaded, patient_id) VALUES ('ACT047_1','Walking',1693554400,1693557137,TRUE,'PAT047');
INSERT INTO Activity (activity_id, activity_type, start_time, end_time, is_uploaded, patient_id) VALUES ('ACT047_2','Walking',1693554900,1693558134,TRUE,'PAT047');
INSERT INTO Activity (activity_id, activity_type, start_time, end_time, is_uploaded, patient_id) VALUES ('ACT048_1','Cycling',1693564400,1693567003,TRUE,'PAT048');
INSERT INTO Activity (activity_id, activity_type, start_time, end_time, is_uploaded, patient_id) VALUES ('ACT048_2','Standing',1693564900,1693565524,TRUE,'PAT048');
INSERT INTO Activity (activity_id, activity_type, start_time, end_time, is_uploaded, patient_id) VALUES ('ACT049_1','Walking',1693574400,1693576697,TRUE,'PAT049');
INSERT INTO Activity (activity_id, activity_type, start_time, end_time, is_uploaded, patient_id) VALUES ('ACT049_2','Cycling',1693574900,1693577788,TRUE,'PAT049');
INSERT INTO Activity (activity_id, activity_type, start_time, end_time, is_uploaded, patient_id) VALUES ('ACT050_1','Standing',1693584400,1693585140,TRUE,'PAT050');
INSERT INTO Activity (activity_id, activity_type, start_time, end_time, is_uploaded, patient_id) VALUES ('ACT050_2','Running',1693584900,1693586102,TRUE,'PAT050');

-- Sensors
INSERT INTO Sensor (sensor_id, sensor_type, is_connected, patient_email, activity_id) VALUES ('SNS001_1',1,TRUE,'pat1@patient.com','ACT001_1');
INSERT INTO Sensor (sensor_id, sensor_type, is_connected, patient_email, activity_id) VALUES ('SNS001_2',4,TRUE,'pat1@patient.com','ACT001_2');
INSERT INTO Sensor (sensor_id, sensor_type, is_connected, patient_email, activity_id) VALUES ('SNS002_1',2,TRUE,'pat2@patient.com','ACT002_1');
INSERT INTO Sensor (sensor_id, sensor_type, is_connected, patient_email, activity_id) VALUES ('SNS002_2',2,TRUE,'pat2@patient.com','ACT002_2');
INSERT INTO Sensor (sensor_id, sensor_type, is_connected, patient_email, activity_id) VALUES ('SNS003_1',1,TRUE,'pat3@patient.com','ACT003_1');
INSERT INTO Sensor (sensor_id, sensor_type, is_connected, patient_email, activity_id) VALUES ('SNS003_2',2,TRUE,'pat3@patient.com','ACT003_2');
INSERT INTO Sensor (sensor_id, sensor_type, is_connected, patient_email, activity_id) VALUES ('SNS004_1',3,TRUE,'pat4@patient.com','ACT004_1');
INSERT INTO Sensor (sensor_id, sensor_type, is_connected, patient_email, activity_id) VALUES ('SNS004_2',2,TRUE,'pat4@patient.com','ACT004_2');
INSERT INTO Sensor (sensor_id, sensor_type, is_connected, patient_email, activity_id) VALUES ('SNS005_1',2,TRUE,'pat5@patient.com','ACT005_1');
INSERT INTO Sensor (sensor_id, sensor_type, is_connected, patient_email, activity_id) VALUES ('SNS005_2',3,TRUE,'pat5@patient.com','ACT005_2');
INSERT INTO Sensor (sensor_id, sensor_type, is_connected, patient_email, activity_id) VALUES ('SNS006_1',4,TRUE,'pat6@patient.com','ACT006_1');
INSERT INTO Sensor (sensor_id, sensor_type, is_connected, patient_email, activity_id) VALUES ('SNS006_2',4,TRUE,'pat6@patient.com','ACT006_2');
INSERT INTO Sensor (sensor_id, sensor_type, is_connected, patient_email, activity_id) VALUES ('SNS007_1',2,TRUE,'pat7@patient.com','ACT007_1');
INSERT INTO Sensor (sensor_id, sensor_type, is_connected, patient_email, activity_id) VALUES ('SNS007_2',1,TRUE,'pat7@patient.com','ACT007_2');
INSERT INTO Sensor (sensor_id, sensor_type, is_connected, patient_email, activity_id) VALUES ('SNS008_1',1,TRUE,'pat8@patient.com','ACT008_1');
INSERT INTO Sensor (sensor_id, sensor_type, is_connected, patient_email, activity_id) VALUES ('SNS008_2',2,TRUE,'pat8@patient.com','ACT008_2');
INSERT INTO Sensor (sensor_id, sensor_type, is_connected, patient_email, activity_id) VALUES ('SNS009_1',2,TRUE,'pat9@patient.com','ACT009_1');
INSERT INTO Sensor (sensor_id, sensor_type, is_connected, patient_email, activity_id) VALUES ('SNS009_2',1,TRUE,'pat9@patient.com','ACT009_2');
INSERT INTO Sensor (sensor_id, sensor_type, is_connected, patient_email, activity_id) VALUES ('SNS010_1',3,TRUE,'pat10@patient.com','ACT010_1');
INSERT INTO Sensor (sensor_id, sensor_type, is_connected, patient_email, activity_id) VALUES ('SNS010_2',2,TRUE,'pat10@patient.com','ACT010_2');
INSERT INTO Sensor (sensor_id, sensor_type, is_connected, patient_email, activity_id) VALUES ('SNS011_1',1,TRUE,'pat11@patient.com','ACT011_1');
INSERT INTO Sensor (sensor_id, sensor_type, is_connected, patient_email, activity_id) VALUES ('SNS011_2',2,TRUE,'pat11@patient.com','ACT011_2');
INSERT INTO Sensor (sensor_id, sensor_type, is_connected, patient_email, activity_id) VALUES ('SNS012_1',4,TRUE,'pat12@patient.com','ACT012_1');
INSERT INTO Sensor (sensor_id, sensor_type, is_connected, patient_email, activity_id) VALUES ('SNS012_2',4,TRUE,'pat12@patient.com','ACT012_2');
INSERT INTO Sensor (sensor_id, sensor_type, is_connected, patient_email, activity_id) VALUES ('SNS013_1',3,TRUE,'pat13@patient.com','ACT013_1');
INSERT INTO Sensor (sensor_id, sensor_type, is_connected, patient_email, activity_id) VALUES ('SNS013_2',1,TRUE,'pat13@patient.com','ACT013_2');
INSERT INTO Sensor (sensor_id, sensor_type, is_connected, patient_email, activity_id) VALUES ('SNS014_1',3,TRUE,'pat14@patient.com','ACT014_1');
INSERT INTO Sensor (sensor_id, sensor_type, is_connected, patient_email, activity_id) VALUES ('SNS014_2',3,TRUE,'pat14@patient.com','ACT014_2');
INSERT INTO Sensor (sensor_id, sensor_type, is_connected, patient_email, activity_id) VALUES ('SNS015_1',1,TRUE,'pat15@patient.com','ACT015_1');
INSERT INTO Sensor (sensor_id, sensor_type, is_connected, patient_email, activity_id) VALUES ('SNS015_2',4,TRUE,'pat15@patient.com','ACT015_2');
INSERT INTO Sensor (sensor_id, sensor_type, is_connected, patient_email, activity_id) VALUES ('SNS016_1',2,TRUE,'pat16@patient.com','ACT016_1');
INSERT INTO Sensor (sensor_id, sensor_type, is_connected, patient_email, activity_id) VALUES ('SNS016_2',1,TRUE,'pat16@patient.com','ACT016_2');
INSERT INTO Sensor (sensor_id, sensor_type, is_connected, patient_email, activity_id) VALUES ('SNS017_1',1,TRUE,'pat17@patient.com','ACT017_1');
INSERT INTO Sensor (sensor_id, sensor_type, is_connected, patient_email, activity_id) VALUES ('SNS017_2',4,TRUE,'pat17@patient.com','ACT017_2');
INSERT INTO Sensor (sensor_id, sensor_type, is_connected, patient_email, activity_id) VALUES ('SNS018_1',4,TRUE,'pat18@patient.com','ACT018_1');
INSERT INTO Sensor (sensor_id, sensor_type, is_connected, patient_email, activity_id) VALUES ('SNS018_2',2,TRUE,'pat18@patient.com','ACT018_2');
INSERT INTO Sensor (sensor_id, sensor_type, is_connected, patient_email, activity_id) VALUES ('SNS019_1',1,TRUE,'pat19@patient.com','ACT019_1');
INSERT INTO Sensor (sensor_id, sensor_type, is_connected, patient_email, activity_id) VALUES ('SNS019_2',3,TRUE,'pat19@patient.com','ACT019_2');
INSERT INTO Sensor (sensor_id, sensor_type, is_connected, patient_email, activity_id) VALUES ('SNS020_1',4,TRUE,'pat20@patient.com','ACT020_1');
INSERT INTO Sensor (sensor_id, sensor_type, is_connected, patient_email, activity_id) VALUES ('SNS020_2',2,TRUE,'pat20@patient.com','ACT020_2');
INSERT INTO Sensor (sensor_id, sensor_type, is_connected, patient_email, activity_id) VALUES ('SNS021_1',1,TRUE,'pat21@patient.com','ACT021_1');
INSERT INTO Sensor (sensor_id, sensor_type, is_connected, patient_email, activity_id) VALUES ('SNS021_2',2,TRUE,'pat21@patient.com','ACT021_2');
INSERT INTO Sensor (sensor_id, sensor_type, is_connected, patient_email, activity_id) VALUES ('SNS022_1',3,TRUE,'pat22@patient.com','ACT022_1');
INSERT INTO Sensor (sensor_id, sensor_type, is_connected, patient_email, activity_id) VALUES ('SNS022_2',4,TRUE,'pat22@patient.com','ACT022_2');
INSERT INTO Sensor (sensor_id, sensor_type, is_connected, patient_email, activity_id) VALUES ('SNS023_1',2,TRUE,'pat23@patient.com','ACT023_1');
INSERT INTO Sensor (sensor_id, sensor_type, is_connected, patient_email, activity_id) VALUES ('SNS023_2',2,TRUE,'pat23@patient.com','ACT023_2');
INSERT INTO Sensor (sensor_id, sensor_type, is_connected, patient_email, activity_id) VALUES ('SNS024_1',1,TRUE,'pat24@patient.com','ACT024_1');
INSERT INTO Sensor (sensor_id, sensor_type, is_connected, patient_email, activity_id) VALUES ('SNS024_2',1,TRUE,'pat24@patient.com','ACT024_2');
INSERT INTO Sensor (sensor_id, sensor_type, is_connected, patient_email, activity_id) VALUES ('SNS025_1',4,TRUE,'pat25@patient.com','ACT025_1');
INSERT INTO Sensor (sensor_id, sensor_type, is_connected, patient_email, activity_id) VALUES ('SNS025_2',3,TRUE,'pat25@patient.com','ACT025_2');
INSERT INTO Sensor (sensor_id, sensor_type, is_connected, patient_email, activity_id) VALUES ('SNS026_1',2,TRUE,'pat26@patient.com','ACT026_1');
INSERT INTO Sensor (sensor_id, sensor_type, is_connected, patient_email, activity_id) VALUES ('SNS026_2',2,TRUE,'pat26@patient.com','ACT026_2');
INSERT INTO Sensor (sensor_id, sensor_type, is_connected, patient_email, activity_id) VALUES ('SNS027_1',2,TRUE,'pat27@patient.com','ACT027_1');
INSERT INTO Sensor (sensor_id, sensor_type, is_connected, patient_email, activity_id) VALUES ('SNS027_2',3,TRUE,'pat27@patient.com','ACT027_2');
INSERT INTO Sensor (sensor_id, sensor_type, is_connected, patient_email, activity_id) VALUES ('SNS028_1',2,TRUE,'pat28@patient.com','ACT028_1');
INSERT INTO Sensor (sensor_id, sensor_type, is_connected, patient_email, activity_id) VALUES ('SNS028_2',4,TRUE,'pat28@patient.com','ACT028_2');
INSERT INTO Sensor (sensor_id, sensor_type, is_connected, patient_email, activity_id) VALUES ('SNS029_1',4,TRUE,'pat29@patient.com','ACT029_1');
INSERT INTO Sensor (sensor_id, sensor_type, is_connected, patient_email, activity_id) VALUES ('SNS029_2',4,TRUE,'pat29@patient.com','ACT029_2');
INSERT INTO Sensor (sensor_id, sensor_type, is_connected, patient_email, activity_id) VALUES ('SNS030_1',4,TRUE,'pat30@patient.com','ACT030_1');
INSERT INTO Sensor (sensor_id, sensor_type, is_connected, patient_email, activity_id) VALUES ('SNS030_2',4,TRUE,'pat30@patient.com','ACT030_2');
INSERT INTO Sensor (sensor_id, sensor_type, is_connected, patient_email, activity_id) VALUES ('SNS031_1',3,TRUE,'pat31@patient.com','ACT031_1');
INSERT INTO Sensor (sensor_id, sensor_type, is_connected, patient_email, activity_id) VALUES ('SNS031_2',4,TRUE,'pat31@patient.com','ACT031_2');
INSERT INTO Sensor (sensor_id, sensor_type, is_connected, patient_email, activity_id) VALUES ('SNS032_1',2,TRUE,'pat32@patient.com','ACT032_1');
INSERT INTO Sensor (sensor_id, sensor_type, is_connected, patient_email, activity_id) VALUES ('SNS032_2',3,TRUE,'pat32@patient.com','ACT032_2');
INSERT INTO Sensor (sensor_id, sensor_type, is_connected, patient_email, activity_id) VALUES ('SNS033_1',4,TRUE,'pat33@patient.com','ACT033_1');
INSERT INTO Sensor (sensor_id, sensor_type, is_connected, patient_email, activity_id) VALUES ('SNS033_2',4,TRUE,'pat33@patient.com','ACT033_2');
INSERT INTO Sensor (sensor_id, sensor_type, is_connected, patient_email, activity_id) VALUES ('SNS034_1',3,TRUE,'pat34@patient.com','ACT034_1');
INSERT INTO Sensor (sensor_id, sensor_type, is_connected, patient_email, activity_id) VALUES ('SNS034_2',4,TRUE,'pat34@patient.com','ACT034_2');
INSERT INTO Sensor (sensor_id, sensor_type, is_connected, patient_email, activity_id) VALUES ('SNS035_1',2,TRUE,'pat35@patient.com','ACT035_1');
INSERT INTO Sensor (sensor_id, sensor_type, is_connected, patient_email, activity_id) VALUES ('SNS035_2',3,TRUE,'pat35@patient.com','ACT035_2');
INSERT INTO Sensor (sensor_id, sensor_type, is_connected, patient_email, activity_id) VALUES ('SNS036_1',3,TRUE,'pat36@patient.com','ACT036_1');
INSERT INTO Sensor (sensor_id, sensor_type, is_connected, patient_email, activity_id) VALUES ('SNS036_2',4,TRUE,'pat36@patient.com','ACT036_2');
INSERT INTO Sensor (sensor_id, sensor_type, is_connected, patient_email, activity_id) VALUES ('SNS037_1',1,TRUE,'pat37@patient.com','ACT037_1');
INSERT INTO Sensor (sensor_id, sensor_type, is_connected, patient_email, activity_id) VALUES ('SNS037_2',1,TRUE,'pat37@patient.com','ACT037_2');
INSERT INTO Sensor (sensor_id, sensor_type, is_connected, patient_email, activity_id) VALUES ('SNS038_1',3,TRUE,'pat38@patient.com','ACT038_1');
INSERT INTO Sensor (sensor_id, sensor_type, is_connected, patient_email, activity_id) VALUES ('SNS038_2',3,TRUE,'pat38@patient.com','ACT038_2');
INSERT INTO Sensor (sensor_id, sensor_type, is_connected, patient_email, activity_id) VALUES ('SNS039_1',1,TRUE,'pat39@patient.com','ACT039_1');
INSERT INTO Sensor (sensor_id, sensor_type, is_connected, patient_email, activity_id) VALUES ('SNS039_2',1,TRUE,'pat39@patient.com','ACT039_2');
INSERT INTO Sensor (sensor_id, sensor_type, is_connected, patient_email, activity_id) VALUES ('SNS040_1',1,TRUE,'pat40@patient.com','ACT040_1');
INSERT INTO Sensor (sensor_id, sensor_type, is_connected, patient_email, activity_id) VALUES ('SNS040_2',3,TRUE,'pat40@patient.com','ACT040_2');
INSERT INTO Sensor (sensor_id, sensor_type, is_connected, patient_email, activity_id) VALUES ('SNS041_1',4,TRUE,'pat41@patient.com','ACT041_1');
INSERT INTO Sensor (sensor_id, sensor_type, is_connected, patient_email, activity_id) VALUES ('SNS041_2',3,TRUE,'pat41@patient.com','ACT041_2');
INSERT INTO Sensor (sensor_id, sensor_type, is_connected, patient_email, activity_id) VALUES ('SNS042_1',4,TRUE,'pat42@patient.com','ACT042_1');
INSERT INTO Sensor (sensor_id, sensor_type, is_connected, patient_email, activity_id) VALUES ('SNS042_2',1,TRUE,'pat42@patient.com','ACT042_2');
INSERT INTO Sensor (sensor_id, sensor_type, is_connected, patient_email, activity_id) VALUES ('SNS043_1',2,TRUE,'pat43@patient.com','ACT043_1');
INSERT INTO Sensor (sensor_id, sensor_type, is_connected, patient_email, activity_id) VALUES ('SNS043_2',4,TRUE,'pat43@patient.com','ACT043_2');
INSERT INTO Sensor (sensor_id, sensor_type, is_connected, patient_email, activity_id) VALUES ('SNS044_1',2,TRUE,'pat44@patient.com','ACT044_1');
INSERT INTO Sensor (sensor_id, sensor_type, is_connected, patient_email, activity_id) VALUES ('SNS044_2',1,TRUE,'pat44@patient.com','ACT044_2');
INSERT INTO Sensor (sensor_id, sensor_type, is_connected, patient_email, activity_id) VALUES ('SNS045_1',3,TRUE,'pat45@patient.com','ACT045_1');
INSERT INTO Sensor (sensor_id, sensor_type, is_connected, patient_email, activity_id) VALUES ('SNS045_2',2,TRUE,'pat45@patient.com','ACT045_2');
INSERT INTO Sensor (sensor_id, sensor_type, is_connected, patient_email, activity_id) VALUES ('SNS046_1',3,TRUE,'pat46@patient.com','ACT046_1');
INSERT INTO Sensor (sensor_id, sensor_type, is_connected, patient_email, activity_id) VALUES ('SNS046_2',3,TRUE,'pat46@patient.com','ACT046_2');
INSERT INTO Sensor (sensor_id, sensor_type, is_connected, patient_email, activity_id) VALUES ('SNS047_1',2,TRUE,'pat47@patient.com','ACT047_1');
INSERT INTO Sensor (sensor_id, sensor_type, is_connected, patient_email, activity_id) VALUES ('SNS047_2',3,TRUE,'pat47@patient.com','ACT047_2');
INSERT INTO Sensor (sensor_id, sensor_type, is_connected, patient_email, activity_id) VALUES ('SNS048_1',1,TRUE,'pat48@patient.com','ACT048_1');
INSERT INTO Sensor (sensor_id, sensor_type, is_connected, patient_email, activity_id) VALUES ('SNS048_2',1,TRUE,'pat48@patient.com','ACT048_2');
INSERT INTO Sensor (sensor_id, sensor_type, is_connected, patient_email, activity_id) VALUES ('SNS049_1',1,TRUE,'pat49@patient.com','ACT049_1');
INSERT INTO Sensor (sensor_id, sensor_type, is_connected, patient_email, activity_id) VALUES ('SNS049_2',3,TRUE,'pat49@patient.com','ACT049_2');
INSERT INTO Sensor (sensor_id, sensor_type, is_connected, patient_email, activity_id) VALUES ('SNS050_1',1,TRUE,'pat50@patient.com','ACT050_1');
INSERT INTO Sensor (sensor_id, sensor_type, is_connected, patient_email, activity_id) VALUES ('SNS050_2',2,TRUE,'pat50@patient.com','ACT050_2');

-- Pressure Readings
INSERT INTO PressureReading (pressure_reading_id, pressure_value, time, is_uploaded, sensor_id, activity_id) VALUES ('PR001_1_1',41,1693094988,TRUE,'SNS001_1','ACT001_1');
INSERT INTO PressureReading (pressure_reading_id, pressure_value, time, is_uploaded, sensor_id, activity_id) VALUES ('PR001_1_2',66,1693095577,TRUE,'SNS001_1','ACT001_1');
INSERT INTO PressureReading (pressure_reading_id, pressure_value, time, is_uploaded, sensor_id, activity_id) VALUES ('PR001_1_3',53,1693096165,TRUE,'SNS001_1','ACT001_1');
INSERT INTO PressureReading (pressure_reading_id, pressure_value, time, is_uploaded, sensor_id, activity_id) VALUES ('PR001_1_4',45,1693096754,TRUE,'SNS001_1','ACT001_1');
INSERT INTO PressureReading (pressure_reading_id, pressure_value, time, is_uploaded, sensor_id, activity_id) VALUES ('PR001_1_5',29,1693097342,TRUE,'SNS001_1','ACT001_1');
INSERT INTO PressureReading (pressure_reading_id, pressure_value, time, is_uploaded, sensor_id, activity_id) VALUES ('PR001_2_1',44,1693095046,TRUE,'SNS001_2','ACT001_2');
INSERT INTO PressureReading (pressure_reading_id, pressure_value, time, is_uploaded, sensor_id, activity_id) VALUES ('PR001_2_2',44,1693095192,TRUE,'SNS001_2','ACT001_2');
INSERT INTO PressureReading (pressure_reading_id, pressure_value, time, is_uploaded, sensor_id, activity_id) VALUES ('PR001_2_3',42,1693095338,TRUE,'SNS001_2','ACT001_2');
INSERT INTO PressureReading (pressure_reading_id, pressure_value, time, is_uploaded, sensor_id, activity_id) VALUES ('PR001_2_4',41,1693095485,TRUE,'SNS001_2','ACT001_2');
INSERT INTO PressureReading (pressure_reading_id, pressure_value, time, is_uploaded, sensor_id, activity_id) VALUES ('PR001_2_5',63,1693095631,TRUE,'SNS001_2','ACT001_2');
INSERT INTO PressureReading (pressure_reading_id, pressure_value, time, is_uploaded, sensor_id, activity_id) VALUES ('PR001_2_6',47,1693095777,TRUE,'SNS001_2','ACT001_2');
INSERT INTO PressureReading (pressure_reading_id, pressure_value, time, is_uploaded, sensor_id, activity_id) VALUES ('PR001_2_7',62,1693095923,TRUE,'SNS001_2','ACT001_2');
INSERT INTO PressureReading (pressure_reading_id, pressure_value, time, is_uploaded, sensor_id, activity_id) VALUES ('PR001_2_8',72,1693096070,TRUE,'SNS001_2','ACT001_2');
INSERT INTO PressureReading (pressure_reading_id, pressure_value, time, is_uploaded, sensor_id, activity_id) VALUES ('PR001_2_9',50,1693096216,TRUE,'SNS001_2','ACT001_2');
INSERT INTO PressureReading (pressure_reading_id, pressure_value, time, is_uploaded, sensor_id, activity_id) VALUES ('PR001_2_10',23,1693096362,TRUE,'SNS001_2','ACT001_2');
INSERT INTO PressureReading (pressure_reading_id, pressure_value, time, is_uploaded, sensor_id, activity_id) VALUES ('PR001_2_11',41,1693096508,TRUE,'SNS001_2','ACT001_2');
INSERT INTO PressureReading (pressure_reading_id, pressure_value, time, is_uploaded, sensor_id, activity_id) VALUES ('PR001_2_12',27,1693096655,TRUE,'SNS001_2','ACT001_2');
INSERT INTO PressureReading (pressure_reading_id, pressure_value, time, is_uploaded, sensor_id, activity_id) VALUES ('PR001_2_13',60,1693096801,TRUE,'SNS001_2','ACT001_2');
INSERT INTO PressureReading (pressure_reading_id, pressure_value, time, is_uploaded, sensor_id, activity_id) VALUES ('PR001_2_14',29,1693096947,TRUE,'SNS001_2','ACT001_2');
INSERT INTO PressureReading (pressure_reading_id, pressure_value, time, is_uploaded, sensor_id, activity_id) VALUES ('PR002_1_1',21,1693104908,TRUE,'SNS002_1','ACT002_1');
INSERT INTO PressureReading (pressure_reading_id, pressure_value, time, is_uploaded, sensor_id, activity_id) VALUES ('PR002_1_2',78,1693105416,TRUE,'SNS002_1','ACT002_1');
INSERT INTO PressureReading (pressure_reading_id, pressure_value, time, is_uploaded, sensor_id, activity_id) VALUES ('PR002_1_3',68,1693105925,TRUE,'SNS002_1','ACT002_1');
INSERT INTO PressureReading (pressure_reading_id, pressure_value, time, is_uploaded, sensor_id, activity_id) VALUES ('PR002_1_4',42,1693106433,TRUE,'SNS002_1','ACT002_1');
INSERT INTO PressureReading (pressure_reading_id, pressure_value, time, is_uploaded, sensor_id, activity_id) VALUES ('PR002_1_5',25,1693106942,TRUE,'SNS002_1','ACT002_1');
INSERT INTO PressureReading (pressure_reading_id, pressure_value, time, is_uploaded, sensor_id, activity_id) VALUES ('PR002_1_6',30,1693107450,TRUE,'SNS002_1','ACT002_1');
INSERT INTO PressureReading (pressure_reading_id, pressure_value, time, is_uploaded, sensor_id, activity_id) VALUES ('PR002_2_1',28,1693105253,TRUE,'SNS002_2','ACT002_2');
INSERT INTO PressureReading (pressure_reading_id, pressure_value, time, is_uploaded, sensor_id, activity_id) VALUES ('PR002_2_2',50,1693105607,TRUE,'SNS002_2','ACT002_2');
INSERT INTO PressureReading (pressure_reading_id, pressure_value, time, is_uploaded, sensor_id, activity_id) VALUES ('PR002_2_3',70,1693105961,TRUE,'SNS002_2','ACT002_2');
INSERT INTO PressureReading (pressure_reading_id, pressure_value, time, is_uploaded, sensor_id, activity_id) VALUES ('PR002_2_4',65,1693106315,TRUE,'SNS002_2','ACT002_2');
INSERT INTO PressureReading (pressure_reading_id, pressure_value, time, is_uploaded, sensor_id, activity_id) VALUES ('PR002_2_5',40,1693106668,TRUE,'SNS002_2','ACT002_2');
INSERT INTO PressureReading (pressure_reading_id, pressure_value, time, is_uploaded, sensor_id, activity_id) VALUES ('PR002_2_6',55,1693107022,TRUE,'SNS002_2','ACT002_2');
INSERT INTO PressureReading (pressure_reading_id, pressure_value, time, is_uploaded, sensor_id, activity_id) VALUES ('PR002_2_7',32,1693107376,TRUE,'SNS002_2','ACT002_2');
INSERT INTO PressureReading (pressure_reading_id, pressure_value, time, is_uploaded, sensor_id, activity_id) VALUES ('PR002_2_8',34,1693107730,TRUE,'SNS002_2','ACT002_2');
INSERT INTO PressureReading (pressure_reading_id, pressure_value, time, is_uploaded, sensor_id, activity_id) VALUES ('PR003_1_1',68,1693114543,TRUE,'SNS003_1','ACT003_1');
INSERT INTO PressureReading (pressure_reading_id, pressure_value, time, is_uploaded, sensor_id, activity_id) VALUES ('PR003_1_2',38,1693114686,TRUE,'SNS003_1','ACT003_1');
INSERT INTO PressureReading (pressure_reading_id, pressure_value, time, is_uploaded, sensor_id, activity_id) VALUES ('PR003_1_3',38,1693114829,TRUE,'SNS003_1','ACT003_1');
INSERT INTO PressureReading (pressure_reading_id, pressure_value, time, is_uploaded, sensor_id, activity_id) VALUES ('PR003_1_4',48,1693114972,TRUE,'SNS003_1','ACT003_1');
INSERT INTO PressureReading (pressure_reading_id, pressure_value, time, is_uploaded, sensor_id, activity_id) VALUES ('PR003_1_5',76,1693115115,TRUE,'SNS003_1','ACT003_1');
INSERT INTO PressureReading (pressure_reading_id, pressure_value, time, is_uploaded, sensor_id, activity_id) VALUES ('PR003_2_1',42,1693115159,TRUE,'SNS003_2','ACT003_2');
INSERT INTO PressureReading (pressure_reading_id, pressure_value, time, is_uploaded, sensor_id, activity_id) VALUES ('PR003_2_2',35,1693115419,TRUE,'SNS003_2','ACT003_2');
INSERT INTO PressureReading (pressure_reading_id, pressure_value, time, is_uploaded, sensor_id, activity_id) VALUES ('PR003_2_3',36,1693115678,TRUE,'SNS003_2','ACT003_2');
INSERT INTO PressureReading (pressure_reading_id, pressure_value, time, is_uploaded, sensor_id, activity_id) VALUES ('PR003_2_4',31,1693115938,TRUE,'SNS003_2','ACT003_2');
INSERT INTO PressureReading (pressure_reading_id, pressure_value, time, is_uploaded, sensor_id, activity_id) VALUES ('PR003_2_5',41,1693116198,TRUE,'SNS003_2','ACT003_2');
INSERT INTO PressureReading (pressure_reading_id, pressure_value, time, is_uploaded, sensor_id, activity_id) VALUES ('PR003_2_6',20,1693116457,TRUE,'SNS003_2','ACT003_2');
INSERT INTO PressureReading (pressure_reading_id, pressure_value, time, is_uploaded, sensor_id, activity_id) VALUES ('PR003_2_7',21,1693116717,TRUE,'SNS003_2','ACT003_2');
INSERT INTO PressureReading (pressure_reading_id, pressure_value, time, is_uploaded, sensor_id, activity_id) VALUES ('PR004_1_1',66,1693124461,TRUE,'SNS004_1','ACT004_1');
INSERT INTO PressureReading (pressure_reading_id, pressure_value, time, is_uploaded, sensor_id, activity_id) VALUES ('PR004_1_2',58,1693124523,TRUE,'SNS004_1','ACT004_1');
INSERT INTO PressureReading (pressure_reading_id, pressure_value, time, is_uploaded, sensor_id, activity_id) VALUES ('PR004_1_3',24,1693124584,TRUE,'SNS004_1','ACT004_1');
INSERT INTO PressureReading (pressure_reading_id, pressure_value, time, is_uploaded, sensor_id, activity_id) VALUES ('PR004_1_4',29,1693124646,TRUE,'SNS004_1','ACT004_1');
INSERT INTO PressureReading (pressure_reading_id, pressure_value, time, is_uploaded, sensor_id, activity_id) VALUES ('PR004_1_5',72,1693124708,TRUE,'SNS004_1','ACT004_1');
INSERT INTO PressureReading (pressure_reading_id, pressure_value, time, is_uploaded, sensor_id, activity_id) VALUES ('PR004_1_6',40,1693124769,TRUE,'SNS004_1','ACT004_1');
INSERT INTO PressureReading (pressure_reading_id, pressure_value, time, is_uploaded, sensor_id, activity_id) VALUES ('PR004_1_7',21,1693124831,TRUE,'SNS004_1','ACT004_1');
INSERT INTO PressureReading (pressure_reading_id, pressure_value, time, is_uploaded, sensor_id, activity_id) VALUES ('PR004_1_8',67,1693124892,TRUE,'SNS004_1','ACT004_1');
INSERT INTO PressureReading (pressure_reading_id, pressure_value, time, is_uploaded, sensor_id, activity_id) VALUES ('PR004_1_9',26,1693124954,TRUE,'SNS004_1','ACT004_1');
INSERT INTO PressureReading (pressure_reading_id, pressure_value, time, is_uploaded, sensor_id, activity_id) VALUES ('PR004_1_10',33,1693125016,TRUE,'SNS004_1','ACT004_1');
INSERT INTO PressureReading (pressure_reading_id, pressure_value, time, is_uploaded, sensor_id, activity_id) VALUES ('PR004_1_11',52,1693125077,TRUE,'SNS004_1','ACT004_1');
INSERT INTO PressureReading (pressure_reading_id, pressure_value, time, is_uploaded, sensor_id, activity_id) VALUES ('PR004_1_12',80,1693125139,TRUE,'SNS004_1','ACT004_1');
INSERT INTO PressureReading (pressure_reading_id, pressure_value, time, is_uploaded, sensor_id, activity_id) VALUES ('PR004_1_13',67,1693125200,TRUE,'SNS004_1','ACT004_1');
INSERT INTO PressureReading (pressure_reading_id, pressure_value, time, is_uploaded, sensor_id, activity_id) VALUES ('PR004_1_14',74,1693125262,TRUE,'SNS004_1','ACT004_1');
INSERT INTO PressureReading (pressure_reading_id, pressure_value, time, is_uploaded, sensor_id, activity_id) VALUES ('PR004_2_1',46,1693125160,TRUE,'SNS004_2','ACT004_2');
INSERT INTO PressureReading (pressure_reading_id, pressure_value, time, is_uploaded, sensor_id, activity_id) VALUES ('PR004_2_2',59,1693125420,TRUE,'SNS004_2','ACT004_2');
INSERT INTO PressureReading (pressure_reading_id, pressure_value, time, is_uploaded, sensor_id, activity_id) VALUES ('PR004_2_3',48,1693125681,TRUE,'SNS004_2','ACT004_2');
INSERT INTO PressureReading (pressure_reading_id, pressure_value, time, is_uploaded, sensor_id, activity_id) VALUES ('PR004_2_4',33,1693125941,TRUE,'SNS004_2','ACT004_2');
INSERT INTO PressureReading (pressure_reading_id, pressure_value, time, is_uploaded, sensor_id, activity_id) VALUES ('PR004_2_5',53,1693126202,TRUE,'SNS004_2','ACT004_2');
INSERT INTO PressureReading (pressure_reading_id, pressure_value, time, is_uploaded, sensor_id, activity_id) VALUES ('PR004_2_6',79,1693126462,TRUE,'SNS004_2','ACT004_2');
INSERT INTO PressureReading (pressure_reading_id, pressure_value, time, is_uploaded, sensor_id, activity_id) VALUES ('PR004_2_7',46,1693126723,TRUE,'SNS004_2','ACT004_2');
INSERT INTO PressureReading (pressure_reading_id, pressure_value, time, is_uploaded, sensor_id, activity_id) VALUES ('PR004_2_8',79,1693126983,TRUE,'SNS004_2','ACT004_2');
INSERT INTO PressureReading (pressure_reading_id, pressure_value, time, is_uploaded, sensor_id, activity_id) VALUES ('PR005_1_1',72,1693134564,TRUE,'SNS005_1','ACT005_1');
INSERT INTO PressureReading (pressure_reading_id, pressure_value, time, is_uploaded, sensor_id, activity_id) VALUES ('PR005_1_2',20,1693134728,TRUE,'SNS005_1','ACT005_1');
INSERT INTO PressureReading (pressure_reading_id, pressure_value, time, is_uploaded, sensor_id, activity_id) VALUES ('PR005_1_3',78,1693134892,TRUE,'SNS005_1','ACT005_1');
INSERT INTO PressureReading (pressure_reading_id, pressure_value, time, is_uploaded, sensor_id, activity_id) VALUES ('PR005_1_4',78,1693135056,TRUE,'SNS005_1','ACT005_1');
INSERT INTO PressureReading (pressure_reading_id, pressure_value, time, is_uploaded, sensor_id, activity_id) VALUES ('PR005_1_5',57,1693135220,TRUE,'SNS005_1','ACT005_1');
INSERT INTO PressureReading (pressure_reading_id, pressure_value, time, is_uploaded, sensor_id, activity_id) VALUES ('PR005_1_6',39,1693135384,TRUE,'SNS005_1','ACT005_1');
INSERT INTO PressureReading (pressure_reading_id, pressure_value, time, is_uploaded, sensor_id, activity_id) VALUES ('PR005_1_7',42,1693135549,TRUE,'SNS005_1','ACT005_1');
INSERT INTO PressureReading (pressure_reading_id, pressure_value, time, is_uploaded, sensor_id, activity_id) VALUES ('PR005_1_8',61,1693135713,TRUE,'SNS005_1','ACT005_1');
INSERT INTO PressureReading (pressure_reading_id, pressure_value, time, is_uploaded, sensor_id, activity_id) VALUES ('PR005_1_9',31,1693135877,TRUE,'SNS005_1','ACT005_1');
INSERT INTO PressureReading (pressure_reading_id, pressure_value, time, is_uploaded, sensor_id, activity_id) VALUES ('PR005_1_10',71,1693136041,TRUE,'SNS005_1','ACT005_1');
INSERT INTO PressureReading (pressure_reading_id, pressure_value, time, is_uploaded, sensor_id, activity_id) VALUES ('PR005_1_11',34,1693136205,TRUE,'SNS005_1','ACT005_1');
INSERT INTO PressureReading (pressure_reading_id, pressure_value, time, is_uploaded, sensor_id, activity_id) VALUES ('PR005_1_12',63,1693136369,TRUE,'SNS005_1','ACT005_1');
INSERT INTO PressureReading (pressure_reading_id, pressure_value, time, is_uploaded, sensor_id, activity_id) VALUES ('PR005_2_1',47,1693135096,TRUE,'SNS005_2','ACT005_2');
INSERT INTO PressureReading (pressure_reading_id, pressure_value, time, is_uploaded, sensor_id, activity_id) VALUES ('PR005_2_2',63,1693135293,TRUE,'SNS005_2','ACT005_2');
INSERT INTO PressureReading (pressure_reading_id, pressure_value, time, is_uploaded, sensor_id, activity_id) VALUES ('PR005_2_3',68,1693135490,TRUE,'SNS005_2','ACT005_2');
INSERT INTO PressureReading (pressure_reading_id, pressure_value, time, is_uploaded, sensor_id, activity_id) VALUES ('PR005_2_4',51,1693135687,TRUE,'SNS005_2','ACT005_2');
INSERT INTO PressureReading (pressure_reading_id, pressure_value, time, is_uploaded, sensor_id, activity_id) VALUES ('PR005_2_5',73,1693135884,TRUE,'SNS005_2','ACT005_2');
INSERT INTO PressureReading (pressure_reading_id, pressure_value, time, is_uploaded, sensor_id, activity_id) VALUES ('PR005_2_6',29,1693136080,TRUE,'SNS005_2','ACT005_2');
INSERT INTO PressureReading (pressure_reading_id, pressure_value, time, is_uploaded, sensor_id, activity_id) VALUES ('PR005_2_7',22,1693136277,TRUE,'SNS005_2','ACT005_2');
INSERT INTO PressureReading (pressure_reading_id, pressure_value, time, is_uploaded, sensor_id, activity_id) VALUES ('PR005_2_8',44,1693136474,TRUE,'SNS005_2','ACT005_2');
INSERT INTO PressureReading (pressure_reading_id, pressure_value, time, is_uploaded, sensor_id, activity_id) VALUES ('PR005_2_9',59,1693136671,TRUE,'SNS005_2','ACT005_2');
INSERT INTO PressureReading (pressure_reading_id, pressure_value, time, is_uploaded, sensor_id, activity_id) VALUES ('PR006_1_1',61,1693144610,TRUE,'SNS006_1','ACT006_1');
INSERT INTO PressureReading (pressure_reading_id, pressure_value, time, is_uploaded, sensor_id, activity_id) VALUES ('PR006_1_2',64,1693144820,TRUE,'SNS006_1','ACT006_1');
INSERT INTO PressureReading (pressure_reading_id, pressure_value, time, is_uploaded, sensor_id, activity_id) VALUES ('PR006_1_3',37,1693145031,TRUE,'SNS006_1','ACT006_1');
INSERT INTO PressureReading (pressure_reading_id, pressure_value, time, is_uploaded, sensor_id, activity_id) VALUES ('PR006_1_4',35,1693145241,TRUE,'SNS006_1','ACT006_1');
INSERT INTO PressureReading (pressure_reading_id, pressure_value, time, is_uploaded, sensor_id, activity_id) VALUES ('PR006_1_5',62,1693145451,TRUE,'SNS006_1','ACT006_1');
INSERT INTO PressureReading (pressure_reading_id, pressure_value, time, is_uploaded, sensor_id, activity_id) VALUES ('PR006_1_6',77,1693145662,TRUE,'SNS006_1','ACT006_1');
INSERT INTO PressureReading (pressure_reading_id, pressure_value, time, is_uploaded, sensor_id, activity_id) VALUES ('PR006_1_7',73,1693145872,TRUE,'SNS006_1','ACT006_1');
INSERT INTO PressureReading (pressure_reading_id, pressure_value, time, is_uploaded, sensor_id, activity_id) VALUES ('PR006_1_8',38,1693146083,TRUE,'SNS006_1','ACT006_1');
INSERT INTO PressureReading (pressure_reading_id, pressure_value, time, is_uploaded, sensor_id, activity_id) VALUES ('PR006_1_9',77,1693146293,TRUE,'SNS006_1','ACT006_1');
INSERT INTO PressureReading (pressure_reading_id, pressure_value, time, is_uploaded, sensor_id, activity_id) VALUES ('PR006_1_10',67,1693146503,TRUE,'SNS006_1','ACT006_1');
INSERT INTO PressureReading (pressure_reading_id, pressure_value, time, is_uploaded, sensor_id, activity_id) VALUES ('PR006_1_11',53,1693146714,TRUE,'SNS006_1','ACT006_1');
INSERT INTO PressureReading (pressure_reading_id, pressure_value, time, is_uploaded, sensor_id, activity_id) VALUES ('PR006_1_12',38,1693146924,TRUE,'SNS006_1','ACT006_1');
INSERT INTO PressureReading (pressure_reading_id, pressure_value, time, is_uploaded, sensor_id, activity_id) VALUES ('PR006_2_1',65,1693145119,TRUE,'SNS006_2','ACT006_2');
INSERT INTO PressureReading (pressure_reading_id, pressure_value, time, is_uploaded, sensor_id, activity_id) VALUES ('PR006_2_2',77,1693145339,TRUE,'SNS006_2','ACT006_2');
INSERT INTO PressureReading (pressure_reading_id, pressure_value, time, is_uploaded, sensor_id, activity_id) VALUES ('PR006_2_3',24,1693145559,TRUE,'SNS006_2','ACT006_2');
INSERT INTO PressureReading (pressure_reading_id, pressure_value, time, is_uploaded, sensor_id, activity_id) VALUES ('PR006_2_4',46,1693145778,TRUE,'SNS006_2','ACT006_2');
INSERT INTO PressureReading (pressure_reading_id, pressure_value, time, is_uploaded, sensor_id, activity_id) VALUES ('PR006_2_5',77,1693145998,TRUE,'SNS006_2','ACT006_2');
INSERT INTO PressureReading (pressure_reading_id, pressure_value, time, is_uploaded, sensor_id, activity_id) VALUES ('PR006_2_6',60,1693146218,TRUE,'SNS006_2','ACT006_2');
INSERT INTO PressureReading (pressure_reading_id, pressure_value, time, is_uploaded, sensor_id, activity_id) VALUES ('PR006_2_7',66,1693146437,TRUE,'SNS006_2','ACT006_2');
INSERT INTO PressureReading (pressure_reading_id, pressure_value, time, is_uploaded, sensor_id, activity_id) VALUES ('PR006_2_8',24,1693146657,TRUE,'SNS006_2','ACT006_2');
INSERT INTO PressureReading (pressure_reading_id, pressure_value, time, is_uploaded, sensor_id, activity_id) VALUES ('PR006_2_9',30,1693146877,TRUE,'SNS006_2','ACT006_2');
INSERT INTO PressureReading (pressure_reading_id, pressure_value, time, is_uploaded, sensor_id, activity_id) VALUES ('PR006_2_10',54,1693147096,TRUE,'SNS006_2','ACT006_2');
INSERT INTO PressureReading (pressure_reading_id, pressure_value, time, is_uploaded, sensor_id, activity_id) VALUES ('PR006_2_11',53,1693147316,TRUE,'SNS006_2','ACT006_2');
INSERT INTO PressureReading (pressure_reading_id, pressure_value, time, is_uploaded, sensor_id, activity_id) VALUES ('PR006_2_12',69,1693147536,TRUE,'SNS006_2','ACT006_2');
INSERT INTO PressureReading (pressure_reading_id, pressure_value, time, is_uploaded, sensor_id, activity_id) VALUES ('PR007_1_1',23,1693154668,TRUE,'SNS007_1','ACT007_1');
INSERT INTO PressureReading (pressure_reading_id, pressure_value, time, is_uploaded, sensor_id, activity_id) VALUES ('PR007_1_2',48,1693154937,TRUE,'SNS007_1','ACT007_1');
INSERT INTO PressureReading (pressure_reading_id, pressure_value, time, is_uploaded, sensor_id, activity_id) VALUES ('PR007_1_3',52,1693155206,TRUE,'SNS007_1','ACT007_1');
INSERT INTO PressureReading (pressure_reading_id, pressure_value, time, is_uploaded, sensor_id, activity_id) VALUES ('PR007_1_4',21,1693155474,TRUE,'SNS007_1','ACT007_1');
INSERT INTO PressureReading (pressure_reading_id, pressure_value, time, is_uploaded, sensor_id, activity_id) VALUES ('PR007_1_5',80,1693155743,TRUE,'SNS007_1','ACT007_1');
INSERT INTO PressureReading (pressure_reading_id, pressure_value, time, is_uploaded, sensor_id, activity_id) VALUES ('PR007_2_1',74,1693154982,TRUE,'SNS007_2','ACT007_2');
INSERT INTO PressureReading (pressure_reading_id, pressure_value, time, is_uploaded, sensor_id, activity_id) VALUES ('PR007_2_2',30,1693155064,TRUE,'SNS007_2','ACT007_2');
INSERT INTO PressureReading (pressure_reading_id, pressure_value, time, is_uploaded, sensor_id, activity_id) VALUES ('PR007_2_3',75,1693155146,TRUE,'SNS007_2','ACT007_2');
INSERT INTO PressureReading (pressure_reading_id, pressure_value, time, is_uploaded, sensor_id, activity_id) VALUES ('PR007_2_4',23,1693155228,TRUE,'SNS007_2','ACT007_2');
INSERT INTO PressureReading (pressure_reading_id, pressure_value, time, is_uploaded, sensor_id, activity_id) VALUES ('PR007_2_5',51,1693155310,TRUE,'SNS007_2','ACT007_2');
INSERT INTO PressureReading (pressure_reading_id, pressure_value, time, is_uploaded, sensor_id, activity_id) VALUES ('PR007_2_6',22,1693155393,TRUE,'SNS007_2','ACT007_2');
INSERT INTO PressureReading (pressure_reading_id, pressure_value, time, is_uploaded, sensor_id, activity_id) VALUES ('PR007_2_7',74,1693155475,TRUE,'SNS007_2','ACT007_2');
INSERT INTO PressureReading (pressure_reading_id, pressure_value, time, is_uploaded, sensor_id, activity_id) VALUES ('PR007_2_8',74,1693155557,TRUE,'SNS007_2','ACT007_2');
INSERT INTO PressureReading (pressure_reading_id, pressure_value, time, is_uploaded, sensor_id, activity_id) VALUES ('PR007_2_9',56,1693155639,TRUE,'SNS007_2','ACT007_2');
INSERT INTO PressureReading (pressure_reading_id, pressure_value, time, is_uploaded, sensor_id, activity_id) VALUES ('PR007_2_10',55,1693155721,TRUE,'SNS007_2','ACT007_2');
INSERT INTO PressureReading (pressure_reading_id, pressure_value, time, is_uploaded, sensor_id, activity_id) VALUES ('PR007_2_11',29,1693155804,TRUE,'SNS007_2','ACT007_2');
INSERT INTO PressureReading (pressure_reading_id, pressure_value, time, is_uploaded, sensor_id, activity_id) VALUES ('PR007_2_12',57,1693155886,TRUE,'SNS007_2','ACT007_2');
INSERT INTO PressureReading (pressure_reading_id, pressure_value, time, is_uploaded, sensor_id, activity_id) VALUES ('PR007_2_13',31,1693155968,TRUE,'SNS007_2','ACT007_2');
INSERT INTO PressureReading (pressure_reading_id, pressure_value, time, is_uploaded, sensor_id, activity_id) VALUES ('PR007_2_14',54,1693156050,TRUE,'SNS007_2','ACT007_2');
INSERT INTO PressureReading (pressure_reading_id, pressure_value, time, is_uploaded, sensor_id, activity_id) VALUES ('PR007_2_15',67,1693156132,TRUE,'SNS007_2','ACT007_2');
INSERT INTO PressureReading (pressure_reading_id, pressure_value, time, is_uploaded, sensor_id, activity_id) VALUES ('PR008_1_1',58,1693164580,TRUE,'SNS008_1','ACT008_1');
INSERT INTO PressureReading (pressure_reading_id, pressure_value, time, is_uploaded, sensor_id, activity_id) VALUES ('PR008_1_2',47,1693164760,TRUE,'SNS008_1','ACT008_1');
INSERT INTO PressureReading (pressure_reading_id, pressure_value, time, is_uploaded, sensor_id, activity_id) VALUES ('PR008_1_3',50,1693164940,TRUE,'SNS008_1','ACT008_1');
INSERT INTO PressureReading (pressure_reading_id, pressure_value, time, is_uploaded, sensor_id, activity_id) VALUES ('PR008_1_4',76,1693165120,TRUE,'SNS008_1','ACT008_1');
INSERT INTO PressureReading (pressure_reading_id, pressure_value, time, is_uploaded, sensor_id, activity_id) VALUES ('PR008_1_5',59,1693165300,TRUE,'SNS008_1','ACT008_1');
INSERT INTO PressureReading (pressure_reading_id, pressure_value, time, is_uploaded, sensor_id, activity_id) VALUES ('PR008_1_6',80,1693165480,TRUE,'SNS008_1','ACT008_1');
INSERT INTO PressureReading (pressure_reading_id, pressure_value, time, is_uploaded, sensor_id, activity_id) VALUES ('PR008_1_7',33,1693165660,TRUE,'SNS008_1','ACT008_1');
INSERT INTO PressureReading (pressure_reading_id, pressure_value, time, is_uploaded, sensor_id, activity_id) VALUES ('PR008_1_8',53,1693165840,TRUE,'SNS008_1','ACT008_1');
INSERT INTO PressureReading (pressure_reading_id, pressure_value, time, is_uploaded, sensor_id, activity_id) VALUES ('PR008_1_9',33,1693166020,TRUE,'SNS008_1','ACT008_1');
INSERT INTO PressureReading (pressure_reading_id, pressure_value, time, is_uploaded, sensor_id, activity_id) VALUES ('PR008_1_10',46,1693166200,TRUE,'SNS008_1','ACT008_1');
INSERT INTO PressureReading (pressure_reading_id, pressure_value, time, is_uploaded, sensor_id, activity_id) VALUES ('PR008_1_11',62,1693166380,TRUE,'SNS008_1','ACT008_1');
INSERT INTO PressureReading (pressure_reading_id, pressure_value, time, is_uploaded, sensor_id, activity_id) VALUES ('PR008_1_12',38,1693166560,TRUE,'SNS008_1','ACT008_1');
INSERT INTO PressureReading (pressure_reading_id, pressure_value, time, is_uploaded, sensor_id, activity_id) VALUES ('PR008_1_13',27,1693166740,TRUE,'SNS008_1','ACT008_1');
INSERT INTO PressureReading (pressure_reading_id, pressure_value, time, is_uploaded, sensor_id, activity_id) VALUES ('PR008_1_14',46,1693166920,TRUE,'SNS008_1','ACT008_1');
INSERT INTO PressureReading (pressure_reading_id, pressure_value, time, is_uploaded, sensor_id, activity_id) VALUES ('PR008_2_1',53,1693165147,TRUE,'SNS008_2','ACT008_2');
INSERT INTO PressureReading (pressure_reading_id, pressure_value, time, is_uploaded, sensor_id, activity_id) VALUES ('PR008_2_2',62,1693165394,TRUE,'SNS008_2','ACT008_2');
INSERT INTO PressureReading (pressure_reading_id, pressure_value, time, is_uploaded, sensor_id, activity_id) VALUES ('PR008_2_3',71,1693165641,TRUE,'SNS008_2','ACT008_2');
INSERT INTO PressureReading (pressure_reading_id, pressure_value, time, is_uploaded, sensor_id, activity_id) VALUES ('PR008_2_4',74,1693165888,TRUE,'SNS008_2','ACT008_2');
INSERT INTO PressureReading (pressure_reading_id, pressure_value, time, is_uploaded, sensor_id, activity_id) VALUES ('PR008_2_5',64,1693166135,TRUE,'SNS008_2','ACT008_2');
INSERT INTO PressureReading (pressure_reading_id, pressure_value, time, is_uploaded, sensor_id, activity_id) VALUES ('PR009_1_1',24,1693174514,TRUE,'SNS009_1','ACT009_1');
INSERT INTO PressureReading (pressure_reading_id, pressure_value, time, is_uploaded, sensor_id, activity_id) VALUES ('PR009_1_2',21,1693174629,TRUE,'SNS009_1','ACT009_1');
INSERT INTO PressureReading (pressure_reading_id, pressure_value, time, is_uploaded, sensor_id, activity_id) VALUES ('PR009_1_3',58,1693174743,TRUE,'SNS009_1','ACT009_1');
INSERT INTO PressureReading (pressure_reading_id, pressure_value, time, is_uploaded, sensor_id, activity_id) VALUES ('PR009_1_4',50,1693174858,TRUE,'SNS009_1','ACT009_1');
INSERT INTO PressureReading (pressure_reading_id, pressure_value, time, is_uploaded, sensor_id, activity_id) VALUES ('PR009_1_5',28,1693174972,TRUE,'SNS009_1','ACT009_1');
INSERT INTO PressureReading (pressure_reading_id, pressure_value, time, is_uploaded, sensor_id, activity_id) VALUES ('PR009_1_6',42,1693175087,TRUE,'SNS009_1','ACT009_1');
INSERT INTO PressureReading (pressure_reading_id, pressure_value, time, is_uploaded, sensor_id, activity_id) VALUES ('PR009_2_1',78,1693175040,TRUE,'SNS009_2','ACT009_2');
INSERT INTO PressureReading (pressure_reading_id, pressure_value, time, is_uploaded, sensor_id, activity_id) VALUES ('PR009_2_2',21,1693175180,TRUE,'SNS009_2','ACT009_2');
INSERT INTO PressureReading (pressure_reading_id, pressure_value, time, is_uploaded, sensor_id, activity_id) VALUES ('PR009_2_3',68,1693175321,TRUE,'SNS009_2','ACT009_2');
INSERT INTO PressureReading (pressure_reading_id, pressure_value, time, is_uploaded, sensor_id, activity_id) VALUES ('PR009_2_4',51,1693175461,TRUE,'SNS009_2','ACT009_2');
INSERT INTO PressureReading (pressure_reading_id, pressure_value, time, is_uploaded, sensor_id, activity_id) VALUES ('PR009_2_5',54,1693175602,TRUE,'SNS009_2','ACT009_2');
INSERT INTO PressureReading (pressure_reading_id, pressure_value, time, is_uploaded, sensor_id, activity_id) VALUES ('PR009_2_6',63,1693175742,TRUE,'SNS009_2','ACT009_2');
INSERT INTO PressureReading (pressure_reading_id, pressure_value, time, is_uploaded, sensor_id, activity_id) VALUES ('PR010_1_1',69,1693184769,TRUE,'SNS010_1','ACT010_1');
INSERT INTO PressureReading (pressure_reading_id, pressure_value, time, is_uploaded, sensor_id, activity_id) VALUES ('PR010_1_2',32,1693185138,TRUE,'SNS010_1','ACT010_1');
INSERT INTO PressureReading (pressure_reading_id, pressure_value, time, is_uploaded, sensor_id, activity_id) VALUES ('PR010_1_3',51,1693185507,TRUE,'SNS010_1','ACT010_1');
INSERT INTO PressureReading (pressure_reading_id, pressure_value, time, is_uploaded, sensor_id, activity_id) VALUES ('PR010_1_4',50,1693185876,TRUE,'SNS010_1','ACT010_1');
INSERT INTO PressureReading (pressure_reading_id, pressure_value, time, is_uploaded, sensor_id, activity_id) VALUES ('PR010_1_5',21,1693186245,TRUE,'SNS010_1','ACT010_1');
INSERT INTO PressureReading (pressure_reading_id, pressure_value, time, is_uploaded, sensor_id, activity_id) VALUES ('PR010_1_6',24,1693186614,TRUE,'SNS010_1','ACT010_1');
INSERT INTO PressureReading (pressure_reading_id, pressure_value, time, is_uploaded, sensor_id, activity_id) VALUES ('PR010_2_1',47,1693185108,TRUE,'SNS010_2','ACT010_2');
INSERT INTO PressureReading (pressure_reading_id, pressure_value, time, is_uploaded, sensor_id, activity_id) VALUES ('PR010_2_2',65,1693185316,TRUE,'SNS010_2','ACT010_2');
INSERT INTO PressureReading (pressure_reading_id, pressure_value, time, is_uploaded, sensor_id, activity_id) VALUES ('PR010_2_3',55,1693185524,TRUE,'SNS010_2','ACT010_2');
INSERT INTO PressureReading (pressure_reading_id, pressure_value, time, is_uploaded, sensor_id, activity_id) VALUES ('PR010_2_4',79,1693185732,TRUE,'SNS010_2','ACT010_2');
INSERT INTO PressureReading (pressure_reading_id, pressure_value, time, is_uploaded, sensor_id, activity_id) VALUES ('PR010_2_5',70,1693185941,TRUE,'SNS010_2','ACT010_2');
INSERT INTO PressureReading (pressure_reading_id, pressure_value, time, is_uploaded, sensor_id, activity_id) VALUES ('PR010_2_6',36,1693186149,TRUE,'SNS010_2','ACT010_2');
INSERT INTO PressureReading (pressure_reading_id, pressure_value, time, is_uploaded, sensor_id, activity_id) VALUES ('PR010_2_7',54,1693186357,TRUE,'SNS010_2','ACT010_2');
INSERT INTO PressureReading (pressure_reading_id, pressure_value, time, is_uploaded, sensor_id, activity_id) VALUES ('PR010_2_8',34,1693186565,TRUE,'SNS010_2','ACT010_2');
INSERT INTO PressureReading (pressure_reading_id, pressure_value, time, is_uploaded, sensor_id, activity_id) VALUES ('PR010_2_9',60,1693186774,TRUE,'SNS010_2','ACT010_2');
INSERT INTO PressureReading (pressure_reading_id, pressure_value, time, is_uploaded, sensor_id, activity_id) VALUES ('PR010_2_10',79,1693186982,TRUE,'SNS010_2','ACT010_2');
INSERT INTO PressureReading (pressure_reading_id, pressure_value, time, is_uploaded, sensor_id, activity_id) VALUES ('PR010_2_11',73,1693187190,TRUE,'SNS010_2','ACT010_2');
INSERT INTO PressureReading (pressure_reading_id, pressure_value, time, is_uploaded, sensor_id, activity_id) VALUES ('PR010_2_12',36,1693187398,TRUE,'SNS010_2','ACT010_2');
INSERT INTO PressureReading (pressure_reading_id, pressure_value, time, is_uploaded, sensor_id, activity_id) VALUES ('PR011_1_1',58,1693194567,TRUE,'SNS011_1','ACT011_1');
INSERT INTO PressureReading (pressure_reading_id, pressure_value, time, is_uploaded, sensor_id, activity_id) VALUES ('PR011_1_2',49,1693194734,TRUE,'SNS011_1','ACT011_1');
INSERT INTO PressureReading (pressure_reading_id, pressure_value, time, is_uploaded, sensor_id, activity_id) VALUES ('PR011_1_3',40,1693194902,TRUE,'SNS011_1','ACT011_1');
INSERT INTO PressureReading (pressure_reading_id, pressure_value, time, is_uploaded, sensor_id, activity_id) VALUES ('PR011_1_4',32,1693195069,TRUE,'SNS011_1','ACT011_1');
INSERT INTO PressureReading (pressure_reading_id, pressure_value, time, is_uploaded, sensor_id, activity_id) VALUES ('PR011_1_5',40,1693195237,TRUE,'SNS011_1','ACT011_1');
INSERT INTO PressureReading (pressure_reading_id, pressure_value, time, is_uploaded, sensor_id, activity_id) VALUES ('PR011_1_6',32,1693195404,TRUE,'SNS011_1','ACT011_1');
INSERT INTO PressureReading (pressure_reading_id, pressure_value, time, is_uploaded, sensor_id, activity_id) VALUES ('PR011_1_7',59,1693195572,TRUE,'SNS011_1','ACT011_1');
INSERT INTO PressureReading (pressure_reading_id, pressure_value, time, is_uploaded, sensor_id, activity_id) VALUES ('PR011_1_8',23,1693195739,TRUE,'SNS011_1','ACT011_1');
INSERT INTO PressureReading (pressure_reading_id, pressure_value, time, is_uploaded, sensor_id, activity_id) VALUES ('PR011_2_1',34,1693194988,TRUE,'SNS011_2','ACT011_2');
INSERT INTO PressureReading (pressure_reading_id, pressure_value, time, is_uploaded, sensor_id, activity_id) VALUES ('PR011_2_2',73,1693195076,TRUE,'SNS011_2','ACT011_2');
INSERT INTO PressureReading (pressure_reading_id, pressure_value, time, is_uploaded, sensor_id, activity_id) VALUES ('PR011_2_3',44,1693195164,TRUE,'SNS011_2','ACT011_2');
INSERT INTO PressureReading (pressure_reading_id, pressure_value, time, is_uploaded, sensor_id, activity_id) VALUES ('PR011_2_4',30,1693195252,TRUE,'SNS011_2','ACT011_2');
INSERT INTO PressureReading (pressure_reading_id, pressure_value, time, is_uploaded, sensor_id, activity_id) VALUES ('PR011_2_5',77,1693195341,TRUE,'SNS011_2','ACT011_2');
INSERT INTO PressureReading (pressure_reading_id, pressure_value, time, is_uploaded, sensor_id, activity_id) VALUES ('PR011_2_6',60,1693195429,TRUE,'SNS011_2','ACT011_2');
INSERT INTO PressureReading (pressure_reading_id, pressure_value, time, is_uploaded, sensor_id, activity_id) VALUES ('PR011_2_7',73,1693195517,TRUE,'SNS011_2','ACT011_2');
INSERT INTO PressureReading (pressure_reading_id, pressure_value, time, is_uploaded, sensor_id, activity_id) VALUES ('PR011_2_8',22,1693195605,TRUE,'SNS011_2','ACT011_2');
INSERT INTO PressureReading (pressure_reading_id, pressure_value, time, is_uploaded, sensor_id, activity_id) VALUES ('PR011_2_9',62,1693195694,TRUE,'SNS011_2','ACT011_2');
INSERT INTO PressureReading (pressure_reading_id, pressure_value, time, is_uploaded, sensor_id, activity_id) VALUES ('PR011_2_10',54,1693195782,TRUE,'SNS011_2','ACT011_2');
INSERT INTO PressureReading (pressure_reading_id, pressure_value, time, is_uploaded, sensor_id, activity_id) VALUES ('PR011_2_11',70,1693195870,TRUE,'SNS011_2','ACT011_2');
INSERT INTO PressureReading (pressure_reading_id, pressure_value, time, is_uploaded, sensor_id, activity_id) VALUES ('PR011_2_12',33,1693195958,TRUE,'SNS011_2','ACT011_2');
INSERT INTO PressureReading (pressure_reading_id, pressure_value, time, is_uploaded, sensor_id, activity_id) VALUES ('PR012_1_1',40,1693204551,TRUE,'SNS012_1','ACT012_1');
INSERT INTO PressureReading (pressure_reading_id, pressure_value, time, is_uploaded, sensor_id, activity_id) VALUES ('PR012_1_2',72,1693204702,TRUE,'SNS012_1','ACT012_1');
INSERT INTO PressureReading (pressure_reading_id, pressure_value, time, is_uploaded, sensor_id, activity_id) VALUES ('PR012_1_3',45,1693204853,TRUE,'SNS012_1','ACT012_1');
INSERT INTO PressureReading (pressure_reading_id, pressure_value, time, is_uploaded, sensor_id, activity_id) VALUES ('PR012_1_4',33,1693205004,TRUE,'SNS012_1','ACT012_1');
INSERT INTO PressureReading (pressure_reading_id, pressure_value, time, is_uploaded, sensor_id, activity_id) VALUES ('PR012_1_5',71,1693205155,TRUE,'SNS012_1','ACT012_1');
INSERT INTO PressureReading (pressure_reading_id, pressure_value, time, is_uploaded, sensor_id, activity_id) VALUES ('PR012_1_6',42,1693205306,TRUE,'SNS012_1','ACT012_1');
INSERT INTO PressureReading (pressure_reading_id, pressure_value, time, is_uploaded, sensor_id, activity_id) VALUES ('PR012_1_7',52,1693205457,TRUE,'SNS012_1','ACT012_1');
INSERT INTO PressureReading (pressure_reading_id, pressure_value, time, is_uploaded, sensor_id, activity_id) VALUES ('PR012_1_8',39,1693205608,TRUE,'SNS012_1','ACT012_1');
INSERT INTO PressureReading (pressure_reading_id, pressure_value, time, is_uploaded, sensor_id, activity_id) VALUES ('PR012_1_9',73,1693205759,TRUE,'SNS012_1','ACT012_1');
INSERT INTO PressureReading (pressure_reading_id, pressure_value, time, is_uploaded, sensor_id, activity_id) VALUES ('PR012_1_10',58,1693205910,TRUE,'SNS012_1','ACT012_1');
INSERT INTO PressureReading (pressure_reading_id, pressure_value, time, is_uploaded, sensor_id, activity_id) VALUES ('PR012_1_11',68,1693206061,TRUE,'SNS012_1','ACT012_1');
INSERT INTO PressureReading (pressure_reading_id, pressure_value, time, is_uploaded, sensor_id, activity_id) VALUES ('PR012_1_12',52,1693206212,TRUE,'SNS012_1','ACT012_1');
INSERT INTO PressureReading (pressure_reading_id, pressure_value, time, is_uploaded, sensor_id, activity_id) VALUES ('PR012_1_13',48,1693206363,TRUE,'SNS012_1','ACT012_1');
INSERT INTO PressureReading (pressure_reading_id, pressure_value, time, is_uploaded, sensor_id, activity_id) VALUES ('PR012_1_14',28,1693206514,TRUE,'SNS012_1','ACT012_1');
INSERT INTO PressureReading (pressure_reading_id, pressure_value, time, is_uploaded, sensor_id, activity_id) VALUES ('PR012_2_1',58,1693204981,TRUE,'SNS012_2','ACT012_2');
INSERT INTO PressureReading (pressure_reading_id, pressure_value, time, is_uploaded, sensor_id, activity_id) VALUES ('PR012_2_2',34,1693205062,TRUE,'SNS012_2','ACT012_2');
INSERT INTO PressureReading (pressure_reading_id, pressure_value, time, is_uploaded, sensor_id, activity_id) VALUES ('PR012_2_3',38,1693205144,TRUE,'SNS012_2','ACT012_2');
INSERT INTO PressureReading (pressure_reading_id, pressure_value, time, is_uploaded, sensor_id, activity_id) VALUES ('PR012_2_4',52,1693205225,TRUE,'SNS012_2','ACT012_2');
INSERT INTO PressureReading (pressure_reading_id, pressure_value, time, is_uploaded, sensor_id, activity_id) VALUES ('PR012_2_5',67,1693205307,TRUE,'SNS012_2','ACT012_2');
INSERT INTO PressureReading (pressure_reading_id, pressure_value, time, is_uploaded, sensor_id, activity_id) VALUES ('PR012_2_6',61,1693205388,TRUE,'SNS012_2','ACT012_2');
INSERT INTO PressureReading (pressure_reading_id, pressure_value, time, is_uploaded, sensor_id, activity_id) VALUES ('PR012_2_7',26,1693205470,TRUE,'SNS012_2','ACT012_2');
INSERT INTO PressureReading (pressure_reading_id, pressure_value, time, is_uploaded, sensor_id, activity_id) VALUES ('PR012_2_8',62,1693205551,TRUE,'SNS012_2','ACT012_2');
INSERT INTO PressureReading (pressure_reading_id, pressure_value, time, is_uploaded, sensor_id, activity_id) VALUES ('PR013_1_1',32,1693214500,TRUE,'SNS013_1','ACT013_1');
INSERT INTO PressureReading (pressure_reading_id, pressure_value, time, is_uploaded, sensor_id, activity_id) VALUES ('PR013_1_2',74,1693214600,TRUE,'SNS013_1','ACT013_1');
INSERT INTO PressureReading (pressure_reading_id, pressure_value, time, is_uploaded, sensor_id, activity_id) VALUES ('PR013_1_3',41,1693214700,TRUE,'SNS013_1','ACT013_1');
INSERT INTO PressureReading (pressure_reading_id, pressure_value, time, is_uploaded, sensor_id, activity_id) VALUES ('PR013_1_4',62,1693214801,TRUE,'SNS013_1','ACT013_1');
INSERT INTO PressureReading (pressure_reading_id, pressure_value, time, is_uploaded, sensor_id, activity_id) VALUES ('PR013_1_5',58,1693214901,TRUE,'SNS013_1','ACT013_1');
INSERT INTO PressureReading (pressure_reading_id, pressure_value, time, is_uploaded, sensor_id, activity_id) VALUES ('PR013_1_6',39,1693215001,TRUE,'SNS013_1','ACT013_1');
INSERT INTO PressureReading (pressure_reading_id, pressure_value, time, is_uploaded, sensor_id, activity_id) VALUES ('PR013_2_1',28,1693215074,TRUE,'SNS013_2','ACT013_2');
INSERT INTO PressureReading (pressure_reading_id, pressure_value, time, is_uploaded, sensor_id, activity_id) VALUES ('PR013_2_2',20,1693215248,TRUE,'SNS013_2','ACT013_2');
INSERT INTO PressureReading (pressure_reading_id, pressure_value, time, is_uploaded, sensor_id, activity_id) VALUES ('PR013_2_3',74,1693215422,TRUE,'SNS013_2','ACT013_2');
INSERT INTO PressureReading (pressure_reading_id, pressure_value, time, is_uploaded, sensor_id, activity_id) VALUES ('PR013_2_4',21,1693215596,TRUE,'SNS013_2','ACT013_2');
INSERT INTO PressureReading (pressure_reading_id, pressure_value, time, is_uploaded, sensor_id, activity_id) VALUES ('PR013_2_5',28,1693215770,TRUE,'SNS013_2','ACT013_2');
INSERT INTO PressureReading (pressure_reading_id, pressure_value, time, is_uploaded, sensor_id, activity_id) VALUES ('PR014_1_1',74,1693224613,TRUE,'SNS014_1','ACT014_1');
INSERT INTO PressureReading (pressure_reading_id, pressure_value, time, is_uploaded, sensor_id, activity_id) VALUES ('PR014_1_2',41,1693224827,TRUE,'SNS014_1','ACT014_1');
INSERT INTO PressureReading (pressure_reading_id, pressure_value, time, is_uploaded, sensor_id, activity_id) VALUES ('PR014_1_3',37,1693225041,TRUE,'SNS014_1','ACT014_1');
INSERT INTO PressureReading (pressure_reading_id, pressure_value, time, is_uploaded, sensor_id, activity_id) VALUES ('PR014_1_4',69,1693225255,TRUE,'SNS014_1','ACT014_1');
INSERT INTO PressureReading (pressure_reading_id, pressure_value, time, is_uploaded, sensor_id, activity_id) VALUES ('PR014_1_5',58,1693225469,TRUE,'SNS014_1','ACT014_1');
INSERT INTO PressureReading (pressure_reading_id, pressure_value, time, is_uploaded, sensor_id, activity_id) VALUES ('PR014_1_6',67,1693225682,TRUE,'SNS014_1','ACT014_1');
INSERT INTO PressureReading (pressure_reading_id, pressure_value, time, is_uploaded, sensor_id, activity_id) VALUES ('PR014_1_7',62,1693225896,TRUE,'SNS014_1','ACT014_1');
INSERT INTO PressureReading (pressure_reading_id, pressure_value, time, is_uploaded, sensor_id, activity_id) VALUES ('PR014_1_8',44,1693226110,TRUE,'SNS014_1','ACT014_1');
INSERT INTO PressureReading (pressure_reading_id, pressure_value, time, is_uploaded, sensor_id, activity_id) VALUES ('PR014_1_9',20,1693226324,TRUE,'SNS014_1','ACT014_1');
INSERT INTO PressureReading (pressure_reading_id, pressure_value, time, is_uploaded, sensor_id, activity_id) VALUES ('PR014_1_10',26,1693226538,TRUE,'SNS014_1','ACT014_1');
INSERT INTO PressureReading (pressure_reading_id, pressure_value, time, is_uploaded, sensor_id, activity_id) VALUES ('PR014_1_11',30,1693226751,TRUE,'SNS014_1','ACT014_1');
INSERT INTO PressureReading (pressure_reading_id, pressure_value, time, is_uploaded, sensor_id, activity_id) VALUES ('PR014_1_12',61,1693226965,TRUE,'SNS014_1','ACT014_1');
INSERT INTO PressureReading (pressure_reading_id, pressure_value, time, is_uploaded, sensor_id, activity_id) VALUES ('PR014_1_13',24,1693227179,TRUE,'SNS014_1','ACT014_1');
INSERT INTO PressureReading (pressure_reading_id, pressure_value, time, is_uploaded, sensor_id, activity_id) VALUES ('PR014_1_14',30,1693227393,TRUE,'SNS014_1','ACT014_1');
INSERT INTO PressureReading (pressure_reading_id, pressure_value, time, is_uploaded, sensor_id, activity_id) VALUES ('PR014_2_1',52,1693225095,TRUE,'SNS014_2','ACT014_2');
INSERT INTO PressureReading (pressure_reading_id, pressure_value, time, is_uploaded, sensor_id, activity_id) VALUES ('PR014_2_2',66,1693225290,TRUE,'SNS014_2','ACT014_2');
INSERT INTO PressureReading (pressure_reading_id, pressure_value, time, is_uploaded, sensor_id, activity_id) VALUES ('PR014_2_3',49,1693225486,TRUE,'SNS014_2','ACT014_2');
INSERT INTO PressureReading (pressure_reading_id, pressure_value, time, is_uploaded, sensor_id, activity_id) VALUES ('PR014_2_4',65,1693225681,TRUE,'SNS014_2','ACT014_2');
INSERT INTO PressureReading (pressure_reading_id, pressure_value, time, is_uploaded, sensor_id, activity_id) VALUES ('PR014_2_5',29,1693225877,TRUE,'SNS014_2','ACT014_2');
INSERT INTO PressureReading (pressure_reading_id, pressure_value, time, is_uploaded, sensor_id, activity_id) VALUES ('PR014_2_6',68,1693226072,TRUE,'SNS014_2','ACT014_2');
INSERT INTO PressureReading (pressure_reading_id, pressure_value, time, is_uploaded, sensor_id, activity_id) VALUES ('PR014_2_7',52,1693226267,TRUE,'SNS014_2','ACT014_2');
INSERT INTO PressureReading (pressure_reading_id, pressure_value, time, is_uploaded, sensor_id, activity_id) VALUES ('PR014_2_8',59,1693226463,TRUE,'SNS014_2','ACT014_2');
INSERT INTO PressureReading (pressure_reading_id, pressure_value, time, is_uploaded, sensor_id, activity_id) VALUES ('PR014_2_9',45,1693226658,TRUE,'SNS014_2','ACT014_2');
INSERT INTO PressureReading (pressure_reading_id, pressure_value, time, is_uploaded, sensor_id, activity_id) VALUES ('PR015_1_1',78,1693234565,TRUE,'SNS015_1','ACT015_1');
INSERT INTO PressureReading (pressure_reading_id, pressure_value, time, is_uploaded, sensor_id, activity_id) VALUES ('PR015_1_2',35,1693234730,TRUE,'SNS015_1','ACT015_1');
INSERT INTO PressureReading (pressure_reading_id, pressure_value, time, is_uploaded, sensor_id, activity_id) VALUES ('PR015_1_3',22,1693234895,TRUE,'SNS015_1','ACT015_1');
INSERT INTO PressureReading (pressure_reading_id, pressure_value, time, is_uploaded, sensor_id, activity_id) VALUES ('PR015_1_4',47,1693235061,TRUE,'SNS015_1','ACT015_1');
INSERT INTO PressureReading (pressure_reading_id, pressure_value, time, is_uploaded, sensor_id, activity_id) VALUES ('PR015_1_5',41,1693235226,TRUE,'SNS015_1','ACT015_1');
INSERT INTO PressureReading (pressure_reading_id, pressure_value, time, is_uploaded, sensor_id, activity_id) VALUES ('PR015_1_6',53,1693235391,TRUE,'SNS015_1','ACT015_1');
INSERT INTO PressureReading (pressure_reading_id, pressure_value, time, is_uploaded, sensor_id, activity_id) VALUES ('PR015_1_7',46,1693235556,TRUE,'SNS015_1','ACT015_1');
INSERT INTO PressureReading (pressure_reading_id, pressure_value, time, is_uploaded, sensor_id, activity_id) VALUES ('PR015_1_8',30,1693235722,TRUE,'SNS015_1','ACT015_1');
INSERT INTO PressureReading (pressure_reading_id, pressure_value, time, is_uploaded, sensor_id, activity_id) VALUES ('PR015_1_9',69,1693235887,TRUE,'SNS015_1','ACT015_1');
INSERT INTO PressureReading (pressure_reading_id, pressure_value, time, is_uploaded, sensor_id, activity_id) VALUES ('PR015_1_10',26,1693236052,TRUE,'SNS015_1','ACT015_1');
INSERT INTO PressureReading (pressure_reading_id, pressure_value, time, is_uploaded, sensor_id, activity_id) VALUES ('PR015_1_11',64,1693236217,TRUE,'SNS015_1','ACT015_1');
INSERT INTO PressureReading (pressure_reading_id, pressure_value, time, is_uploaded, sensor_id, activity_id) VALUES ('PR015_2_1',47,1693235028,TRUE,'SNS015_2','ACT015_2');
INSERT INTO PressureReading (pressure_reading_id, pressure_value, time, is_uploaded, sensor_id, activity_id) VALUES ('PR015_2_2',72,1693235156,TRUE,'SNS015_2','ACT015_2');
INSERT INTO PressureReading (pressure_reading_id, pressure_value, time, is_uploaded, sensor_id, activity_id) VALUES ('PR015_2_3',60,1693235284,TRUE,'SNS015_2','ACT015_2');
INSERT INTO PressureReading (pressure_reading_id, pressure_value, time, is_uploaded, sensor_id, activity_id) VALUES ('PR015_2_4',24,1693235412,TRUE,'SNS015_2','ACT015_2');
INSERT INTO PressureReading (pressure_reading_id, pressure_value, time, is_uploaded, sensor_id, activity_id) VALUES ('PR015_2_5',27,1693235540,TRUE,'SNS015_2','ACT015_2');
INSERT INTO PressureReading (pressure_reading_id, pressure_value, time, is_uploaded, sensor_id, activity_id) VALUES ('PR015_2_6',65,1693235668,TRUE,'SNS015_2','ACT015_2');
INSERT INTO PressureReading (pressure_reading_id, pressure_value, time, is_uploaded, sensor_id, activity_id) VALUES ('PR015_2_7',45,1693235796,TRUE,'SNS015_2','ACT015_2');
INSERT INTO PressureReading (pressure_reading_id, pressure_value, time, is_uploaded, sensor_id, activity_id) VALUES ('PR015_2_8',36,1693235924,TRUE,'SNS015_2','ACT015_2');
INSERT INTO PressureReading (pressure_reading_id, pressure_value, time, is_uploaded, sensor_id, activity_id) VALUES ('PR015_2_9',44,1693236052,TRUE,'SNS015_2','ACT015_2');
INSERT INTO PressureReading (pressure_reading_id, pressure_value, time, is_uploaded, sensor_id, activity_id) VALUES ('PR015_2_10',36,1693236180,TRUE,'SNS015_2','ACT015_2');
INSERT INTO PressureReading (pressure_reading_id, pressure_value, time, is_uploaded, sensor_id, activity_id) VALUES ('PR016_1_1',63,1693244556,TRUE,'SNS016_1','ACT016_1');
INSERT INTO PressureReading (pressure_reading_id, pressure_value, time, is_uploaded, sensor_id, activity_id) VALUES ('PR016_1_2',80,1693244712,TRUE,'SNS016_1','ACT016_1');
INSERT INTO PressureReading (pressure_reading_id, pressure_value, time, is_uploaded, sensor_id, activity_id) VALUES ('PR016_1_3',62,1693244868,TRUE,'SNS016_1','ACT016_1');
INSERT INTO PressureReading (pressure_reading_id, pressure_value, time, is_uploaded, sensor_id, activity_id) VALUES ('PR016_1_4',35,1693245024,TRUE,'SNS016_1','ACT016_1');
INSERT INTO PressureReading (pressure_reading_id, pressure_value, time, is_uploaded, sensor_id, activity_id) VALUES ('PR016_1_5',40,1693245180,TRUE,'SNS016_1','ACT016_1');
INSERT INTO PressureReading (pressure_reading_id, pressure_value, time, is_uploaded, sensor_id, activity_id) VALUES ('PR016_1_6',76,1693245336,TRUE,'SNS016_1','ACT016_1');
INSERT INTO PressureReading (pressure_reading_id, pressure_value, time, is_uploaded, sensor_id, activity_id) VALUES ('PR016_1_7',62,1693245492,TRUE,'SNS016_1','ACT016_1');
INSERT INTO PressureReading (pressure_reading_id, pressure_value, time, is_uploaded, sensor_id, activity_id) VALUES ('PR016_1_8',30,1693245648,TRUE,'SNS016_1','ACT016_1');
INSERT INTO PressureReading (pressure_reading_id, pressure_value, time, is_uploaded, sensor_id, activity_id) VALUES ('PR016_2_1',35,1693245118,TRUE,'SNS016_2','ACT016_2');
INSERT INTO PressureReading (pressure_reading_id, pressure_value, time, is_uploaded, sensor_id, activity_id) VALUES ('PR016_2_2',54,1693245337,TRUE,'SNS016_2','ACT016_2');
INSERT INTO PressureReading (pressure_reading_id, pressure_value, time, is_uploaded, sensor_id, activity_id) VALUES ('PR016_2_3',65,1693245556,TRUE,'SNS016_2','ACT016_2');
INSERT INTO PressureReading (pressure_reading_id, pressure_value, time, is_uploaded, sensor_id, activity_id) VALUES ('PR016_2_4',23,1693245775,TRUE,'SNS016_2','ACT016_2');
INSERT INTO PressureReading (pressure_reading_id, pressure_value, time, is_uploaded, sensor_id, activity_id) VALUES ('PR016_2_5',28,1693245994,TRUE,'SNS016_2','ACT016_2');
INSERT INTO PressureReading (pressure_reading_id, pressure_value, time, is_uploaded, sensor_id, activity_id) VALUES ('PR016_2_6',75,1693246213,TRUE,'SNS016_2','ACT016_2');
INSERT INTO PressureReading (pressure_reading_id, pressure_value, time, is_uploaded, sensor_id, activity_id) VALUES ('PR016_2_7',43,1693246432,TRUE,'SNS016_2','ACT016_2');
INSERT INTO PressureReading (pressure_reading_id, pressure_value, time, is_uploaded, sensor_id, activity_id) VALUES ('PR017_1_1',68,1693254745,TRUE,'SNS017_1','ACT017_1');
INSERT INTO PressureReading (pressure_reading_id, pressure_value, time, is_uploaded, sensor_id, activity_id) VALUES ('PR017_1_2',37,1693255091,TRUE,'SNS017_1','ACT017_1');
INSERT INTO PressureReading (pressure_reading_id, pressure_value, time, is_uploaded, sensor_id, activity_id) VALUES ('PR017_1_3',71,1693255437,TRUE,'SNS017_1','ACT017_1');
INSERT INTO PressureReading (pressure_reading_id, pressure_value, time, is_uploaded, sensor_id, activity_id) VALUES ('PR017_1_4',50,1693255783,TRUE,'SNS017_1','ACT017_1');
INSERT INTO PressureReading (pressure_reading_id, pressure_value, time, is_uploaded, sensor_id, activity_id) VALUES ('PR017_1_5',42,1693256129,TRUE,'SNS017_1','ACT017_1');
INSERT INTO PressureReading (pressure_reading_id, pressure_value, time, is_uploaded, sensor_id, activity_id) VALUES ('PR017_1_6',73,1693256474,TRUE,'SNS017_1','ACT017_1');
INSERT INTO PressureReading (pressure_reading_id, pressure_value, time, is_uploaded, sensor_id, activity_id) VALUES ('PR017_1_7',55,1693256820,TRUE,'SNS017_1','ACT017_1');
INSERT INTO PressureReading (pressure_reading_id, pressure_value, time, is_uploaded, sensor_id, activity_id) VALUES ('PR017_1_8',26,1693257166,TRUE,'SNS017_1','ACT017_1');
INSERT INTO PressureReading (pressure_reading_id, pressure_value, time, is_uploaded, sensor_id, activity_id) VALUES ('PR017_1_9',77,1693257512,TRUE,'SNS017_1','ACT017_1');
INSERT INTO PressureReading (pressure_reading_id, pressure_value, time, is_uploaded, sensor_id, activity_id) VALUES ('PR017_2_1',67,1693255076,TRUE,'SNS017_2','ACT017_2');
INSERT INTO PressureReading (pressure_reading_id, pressure_value, time, is_uploaded, sensor_id, activity_id) VALUES ('PR017_2_2',38,1693255252,TRUE,'SNS017_2','ACT017_2');
INSERT INTO PressureReading (pressure_reading_id, pressure_value, time, is_uploaded, sensor_id, activity_id) VALUES ('PR017_2_3',71,1693255428,TRUE,'SNS017_2','ACT017_2');
INSERT INTO PressureReading (pressure_reading_id, pressure_value, time, is_uploaded, sensor_id, activity_id) VALUES ('PR017_2_4',40,1693255604,TRUE,'SNS017_2','ACT017_2');
INSERT INTO PressureReading (pressure_reading_id, pressure_value, time, is_uploaded, sensor_id, activity_id) VALUES ('PR017_2_5',56,1693255781,TRUE,'SNS017_2','ACT017_2');
INSERT INTO PressureReading (pressure_reading_id, pressure_value, time, is_uploaded, sensor_id, activity_id) VALUES ('PR017_2_6',27,1693255957,TRUE,'SNS017_2','ACT017_2');
INSERT INTO PressureReading (pressure_reading_id, pressure_value, time, is_uploaded, sensor_id, activity_id) VALUES ('PR017_2_7',78,1693256133,TRUE,'SNS017_2','ACT017_2');
INSERT INTO PressureReading (pressure_reading_id, pressure_value, time, is_uploaded, sensor_id, activity_id) VALUES ('PR017_2_8',59,1693256309,TRUE,'SNS017_2','ACT017_2');
INSERT INTO PressureReading (pressure_reading_id, pressure_value, time, is_uploaded, sensor_id, activity_id) VALUES ('PR017_2_9',35,1693256485,TRUE,'SNS017_2','ACT017_2');
INSERT INTO PressureReading (pressure_reading_id, pressure_value, time, is_uploaded, sensor_id, activity_id) VALUES ('PR018_1_1',75,1693264513,TRUE,'SNS018_1','ACT018_1');
INSERT INTO PressureReading (pressure_reading_id, pressure_value, time, is_uploaded, sensor_id, activity_id) VALUES ('PR018_1_2',73,1693264627,TRUE,'SNS018_1','ACT018_1');
INSERT INTO PressureReading (pressure_reading_id, pressure_value, time, is_uploaded, sensor_id, activity_id) VALUES ('PR018_1_3',32,1693264740,TRUE,'SNS018_1','ACT018_1');
INSERT INTO PressureReading (pressure_reading_id, pressure_value, time, is_uploaded, sensor_id, activity_id) VALUES ('PR018_1_4',54,1693264854,TRUE,'SNS018_1','ACT018_1');
INSERT INTO PressureReading (pressure_reading_id, pressure_value, time, is_uploaded, sensor_id, activity_id) VALUES ('PR018_1_5',25,1693264968,TRUE,'SNS018_1','ACT018_1');
INSERT INTO PressureReading (pressure_reading_id, pressure_value, time, is_uploaded, sensor_id, activity_id) VALUES ('PR018_1_6',62,1693265081,TRUE,'SNS018_1','ACT018_1');
INSERT INTO PressureReading (pressure_reading_id, pressure_value, time, is_uploaded, sensor_id, activity_id) VALUES ('PR018_1_7',59,1693265195,TRUE,'SNS018_1','ACT018_1');
INSERT INTO PressureReading (pressure_reading_id, pressure_value, time, is_uploaded, sensor_id, activity_id) VALUES ('PR018_1_8',44,1693265308,TRUE,'SNS018_1','ACT018_1');
INSERT INTO PressureReading (pressure_reading_id, pressure_value, time, is_uploaded, sensor_id, activity_id) VALUES ('PR018_1_9',79,1693265422,TRUE,'SNS018_1','ACT018_1');
INSERT INTO PressureReading (pressure_reading_id, pressure_value, time, is_uploaded, sensor_id, activity_id) VALUES ('PR018_2_1',71,1693264993,TRUE,'SNS018_2','ACT018_2');
INSERT INTO PressureReading (pressure_reading_id, pressure_value, time, is_uploaded, sensor_id, activity_id) VALUES ('PR018_2_2',67,1693265086,TRUE,'SNS018_2','ACT018_2');
INSERT INTO PressureReading (pressure_reading_id, pressure_value, time, is_uploaded, sensor_id, activity_id) VALUES ('PR018_2_3',40,1693265179,TRUE,'SNS018_2','ACT018_2');
INSERT INTO PressureReading (pressure_reading_id, pressure_value, time, is_uploaded, sensor_id, activity_id) VALUES ('PR018_2_4',48,1693265273,TRUE,'SNS018_2','ACT018_2');
INSERT INTO PressureReading (pressure_reading_id, pressure_value, time, is_uploaded, sensor_id, activity_id) VALUES ('PR018_2_5',51,1693265366,TRUE,'SNS018_2','ACT018_2');
INSERT INTO PressureReading (pressure_reading_id, pressure_value, time, is_uploaded, sensor_id, activity_id) VALUES ('PR018_2_6',20,1693265459,TRUE,'SNS018_2','ACT018_2');
INSERT INTO PressureReading (pressure_reading_id, pressure_value, time, is_uploaded, sensor_id, activity_id) VALUES ('PR018_2_7',43,1693265553,TRUE,'SNS018_2','ACT018_2');
INSERT INTO PressureReading (pressure_reading_id, pressure_value, time, is_uploaded, sensor_id, activity_id) VALUES ('PR018_2_8',40,1693265646,TRUE,'SNS018_2','ACT018_2');
INSERT INTO PressureReading (pressure_reading_id, pressure_value, time, is_uploaded, sensor_id, activity_id) VALUES ('PR018_2_9',77,1693265739,TRUE,'SNS018_2','ACT018_2');
INSERT INTO PressureReading (pressure_reading_id, pressure_value, time, is_uploaded, sensor_id, activity_id) VALUES ('PR018_2_10',44,1693265832,TRUE,'SNS018_2','ACT018_2');
INSERT INTO PressureReading (pressure_reading_id, pressure_value, time, is_uploaded, sensor_id, activity_id) VALUES ('PR018_2_11',37,1693265926,TRUE,'SNS018_2','ACT018_2');
INSERT INTO PressureReading (pressure_reading_id, pressure_value, time, is_uploaded, sensor_id, activity_id) VALUES ('PR018_2_12',63,1693266019,TRUE,'SNS018_2','ACT018_2');
INSERT INTO PressureReading (pressure_reading_id, pressure_value, time, is_uploaded, sensor_id, activity_id) VALUES ('PR018_2_13',35,1693266112,TRUE,'SNS018_2','ACT018_2');
INSERT INTO PressureReading (pressure_reading_id, pressure_value, time, is_uploaded, sensor_id, activity_id) VALUES ('PR019_1_1',20,1693274670,TRUE,'SNS019_1','ACT019_1');
INSERT INTO PressureReading (pressure_reading_id, pressure_value, time, is_uploaded, sensor_id, activity_id) VALUES ('PR019_1_2',50,1693274940,TRUE,'SNS019_1','ACT019_1');
INSERT INTO PressureReading (pressure_reading_id, pressure_value, time, is_uploaded, sensor_id, activity_id) VALUES ('PR019_1_3',78,1693275210,TRUE,'SNS019_1','ACT019_1');
INSERT INTO PressureReading (pressure_reading_id, pressure_value, time, is_uploaded, sensor_id, activity_id) VALUES ('PR019_1_4',39,1693275480,TRUE,'SNS019_1','ACT019_1');
INSERT INTO PressureReading (pressure_reading_id, pressure_value, time, is_uploaded, sensor_id, activity_id) VALUES ('PR019_1_5',75,1693275750,TRUE,'SNS019_1','ACT019_1');
INSERT INTO PressureReading (pressure_reading_id, pressure_value, time, is_uploaded, sensor_id, activity_id) VALUES ('PR019_1_6',64,1693276021,TRUE,'SNS019_1','ACT019_1');
INSERT INTO PressureReading (pressure_reading_id, pressure_value, time, is_uploaded, sensor_id, activity_id) VALUES ('PR019_1_7',37,1693276291,TRUE,'SNS019_1','ACT019_1');
INSERT INTO PressureReading (pressure_reading_id, pressure_value, time, is_uploaded, sensor_id, activity_id) VALUES ('PR019_1_8',40,1693276561,TRUE,'SNS019_1','ACT019_1');
INSERT INTO PressureReading (pressure_reading_id, pressure_value, time, is_uploaded, sensor_id, activity_id) VALUES ('PR019_1_9',59,1693276831,TRUE,'SNS019_1','ACT019_1');
INSERT INTO PressureReading (pressure_reading_id, pressure_value, time, is_uploaded, sensor_id, activity_id) VALUES ('PR019_1_10',28,1693277101,TRUE,'SNS019_1','ACT019_1');
INSERT INTO PressureReading (pressure_reading_id, pressure_value, time, is_uploaded, sensor_id, activity_id) VALUES ('PR019_2_1',60,1693274993,TRUE,'SNS019_2','ACT019_2');
INSERT INTO PressureReading (pressure_reading_id, pressure_value, time, is_uploaded, sensor_id, activity_id) VALUES ('PR019_2_2',51,1693275087,TRUE,'SNS019_2','ACT019_2');
INSERT INTO PressureReading (pressure_reading_id, pressure_value, time, is_uploaded, sensor_id, activity_id) VALUES ('PR019_2_3',64,1693275180,TRUE,'SNS019_2','ACT019_2');
INSERT INTO PressureReading (pressure_reading_id, pressure_value, time, is_uploaded, sensor_id, activity_id) VALUES ('PR019_2_4',56,1693275274,TRUE,'SNS019_2','ACT019_2');
INSERT INTO PressureReading (pressure_reading_id, pressure_value, time, is_uploaded, sensor_id, activity_id) VALUES ('PR019_2_5',38,1693275367,TRUE,'SNS019_2','ACT019_2');
INSERT INTO PressureReading (pressure_reading_id, pressure_value, time, is_uploaded, sensor_id, activity_id) VALUES ('PR019_2_6',23,1693275461,TRUE,'SNS019_2','ACT019_2');
INSERT INTO PressureReading (pressure_reading_id, pressure_value, time, is_uploaded, sensor_id, activity_id) VALUES ('PR019_2_7',63,1693275554,TRUE,'SNS019_2','ACT019_2');
INSERT INTO PressureReading (pressure_reading_id, pressure_value, time, is_uploaded, sensor_id, activity_id) VALUES ('PR020_1_1',45,1693284890,TRUE,'SNS020_1','ACT020_1');
INSERT INTO PressureReading (pressure_reading_id, pressure_value, time, is_uploaded, sensor_id, activity_id) VALUES ('PR020_1_2',36,1693285380,TRUE,'SNS020_1','ACT020_1');
INSERT INTO PressureReading (pressure_reading_id, pressure_value, time, is_uploaded, sensor_id, activity_id) VALUES ('PR020_1_3',72,1693285870,TRUE,'SNS020_1','ACT020_1');
INSERT INTO PressureReading (pressure_reading_id, pressure_value, time, is_uploaded, sensor_id, activity_id) VALUES ('PR020_1_4',29,1693286360,TRUE,'SNS020_1','ACT020_1');
INSERT INTO PressureReading (pressure_reading_id, pressure_value, time, is_uploaded, sensor_id, activity_id) VALUES ('PR020_1_5',78,1693286850,TRUE,'SNS020_1','ACT020_1');
INSERT INTO PressureReading (pressure_reading_id, pressure_value, time, is_uploaded, sensor_id, activity_id) VALUES ('PR020_2_1',63,1693285336,TRUE,'SNS020_2','ACT020_2');
INSERT INTO PressureReading (pressure_reading_id, pressure_value, time, is_uploaded, sensor_id, activity_id) VALUES ('PR020_2_2',27,1693285772,TRUE,'SNS020_2','ACT020_2');
INSERT INTO PressureReading (pressure_reading_id, pressure_value, time, is_uploaded, sensor_id, activity_id) VALUES ('PR020_2_3',43,1693286208,TRUE,'SNS020_2','ACT020_2');
INSERT INTO PressureReading (pressure_reading_id, pressure_value, time, is_uploaded, sensor_id, activity_id) VALUES ('PR020_2_4',79,1693286644,TRUE,'SNS020_2','ACT020_2');
INSERT INTO PressureReading (pressure_reading_id, pressure_value, time, is_uploaded, sensor_id, activity_id) VALUES ('PR020_2_5',57,1693287080,TRUE,'SNS020_2','ACT020_2');
INSERT INTO PressureReading (pressure_reading_id, pressure_value, time, is_uploaded, sensor_id, activity_id) VALUES ('PR020_2_6',63,1693287516,TRUE,'SNS020_2','ACT020_2');
INSERT INTO PressureReading (pressure_reading_id, pressure_value, time, is_uploaded, sensor_id, activity_id) VALUES ('PR020_2_7',78,1693287952,TRUE,'SNS020_2','ACT020_2');
INSERT INTO PressureReading (pressure_reading_id, pressure_value, time, is_uploaded, sensor_id, activity_id) VALUES ('PR021_1_1',57,1693294552,TRUE,'SNS021_1','ACT021_1');
INSERT INTO PressureReading (pressure_reading_id, pressure_value, time, is_uploaded, sensor_id, activity_id) VALUES ('PR021_1_2',27,1693294704,TRUE,'SNS021_1','ACT021_1');
INSERT INTO PressureReading (pressure_reading_id, pressure_value, time, is_uploaded, sensor_id, activity_id) VALUES ('PR021_1_3',51,1693294856,TRUE,'SNS021_1','ACT021_1');
INSERT INTO PressureReading (pressure_reading_id, pressure_value, time, is_uploaded, sensor_id, activity_id) VALUES ('PR021_1_4',43,1693295008,TRUE,'SNS021_1','ACT021_1');
INSERT INTO PressureReading (pressure_reading_id, pressure_value, time, is_uploaded, sensor_id, activity_id) VALUES ('PR021_1_5',34,1693295160,TRUE,'SNS021_1','ACT021_1');
INSERT INTO PressureReading (pressure_reading_id, pressure_value, time, is_uploaded, sensor_id, activity_id) VALUES ('PR021_1_6',49,1693295312,TRUE,'SNS021_1','ACT021_1');
INSERT INTO PressureReading (pressure_reading_id, pressure_value, time, is_uploaded, sensor_id, activity_id) VALUES ('PR021_1_7',45,1693295464,TRUE,'SNS021_1','ACT021_1');
INSERT INTO PressureReading (pressure_reading_id, pressure_value, time, is_uploaded, sensor_id, activity_id) VALUES ('PR021_1_8',25,1693295616,TRUE,'SNS021_1','ACT021_1');
INSERT INTO PressureReading (pressure_reading_id, pressure_value, time, is_uploaded, sensor_id, activity_id) VALUES ('PR021_1_9',69,1693295768,TRUE,'SNS021_1','ACT021_1');
INSERT INTO PressureReading (pressure_reading_id, pressure_value, time, is_uploaded, sensor_id, activity_id) VALUES ('PR021_1_10',46,1693295920,TRUE,'SNS021_1','ACT021_1');
INSERT INTO PressureReading (pressure_reading_id, pressure_value, time, is_uploaded, sensor_id, activity_id) VALUES ('PR021_1_11',41,1693296072,TRUE,'SNS021_1','ACT021_1');
INSERT INTO PressureReading (pressure_reading_id, pressure_value, time, is_uploaded, sensor_id, activity_id) VALUES ('PR021_1_12',46,1693296224,TRUE,'SNS021_1','ACT021_1');
INSERT INTO PressureReading (pressure_reading_id, pressure_value, time, is_uploaded, sensor_id, activity_id) VALUES ('PR021_1_13',47,1693296376,TRUE,'SNS021_1','ACT021_1');
INSERT INTO PressureReading (pressure_reading_id, pressure_value, time, is_uploaded, sensor_id, activity_id) VALUES ('PR021_2_1',30,1693295174,TRUE,'SNS021_2','ACT021_2');
INSERT INTO PressureReading (pressure_reading_id, pressure_value, time, is_uploaded, sensor_id, activity_id) VALUES ('PR021_2_2',73,1693295448,TRUE,'SNS021_2','ACT021_2');
INSERT INTO PressureReading (pressure_reading_id, pressure_value, time, is_uploaded, sensor_id, activity_id) VALUES ('PR021_2_3',31,1693295722,TRUE,'SNS021_2','ACT021_2');
INSERT INTO PressureReading (pressure_reading_id, pressure_value, time, is_uploaded, sensor_id, activity_id) VALUES ('PR021_2_4',46,1693295996,TRUE,'SNS021_2','ACT021_2');
INSERT INTO PressureReading (pressure_reading_id, pressure_value, time, is_uploaded, sensor_id, activity_id) VALUES ('PR021_2_5',26,1693296271,TRUE,'SNS021_2','ACT021_2');
INSERT INTO PressureReading (pressure_reading_id, pressure_value, time, is_uploaded, sensor_id, activity_id) VALUES ('PR021_2_6',71,1693296545,TRUE,'SNS021_2','ACT021_2');
INSERT INTO PressureReading (pressure_reading_id, pressure_value, time, is_uploaded, sensor_id, activity_id) VALUES ('PR021_2_7',44,1693296819,TRUE,'SNS021_2','ACT021_2');
INSERT INTO PressureReading (pressure_reading_id, pressure_value, time, is_uploaded, sensor_id, activity_id) VALUES ('PR021_2_8',76,1693297093,TRUE,'SNS021_2','ACT021_2');
INSERT INTO PressureReading (pressure_reading_id, pressure_value, time, is_uploaded, sensor_id, activity_id) VALUES ('PR022_1_1',78,1693304601,TRUE,'SNS022_1','ACT022_1');
INSERT INTO PressureReading (pressure_reading_id, pressure_value, time, is_uploaded, sensor_id, activity_id) VALUES ('PR022_1_2',68,1693304803,TRUE,'SNS022_1','ACT022_1');
INSERT INTO PressureReading (pressure_reading_id, pressure_value, time, is_uploaded, sensor_id, activity_id) VALUES ('PR022_1_3',34,1693305004,TRUE,'SNS022_1','ACT022_1');
INSERT INTO PressureReading (pressure_reading_id, pressure_value, time, is_uploaded, sensor_id, activity_id) VALUES ('PR022_1_4',35,1693305206,TRUE,'SNS022_1','ACT022_1');
INSERT INTO PressureReading (pressure_reading_id, pressure_value, time, is_uploaded, sensor_id, activity_id) VALUES ('PR022_1_5',80,1693305407,TRUE,'SNS022_1','ACT022_1');
INSERT INTO PressureReading (pressure_reading_id, pressure_value, time, is_uploaded, sensor_id, activity_id) VALUES ('PR022_1_6',34,1693305609,TRUE,'SNS022_1','ACT022_1');
INSERT INTO PressureReading (pressure_reading_id, pressure_value, time, is_uploaded, sensor_id, activity_id) VALUES ('PR022_1_7',27,1693305810,TRUE,'SNS022_1','ACT022_1');
INSERT INTO PressureReading (pressure_reading_id, pressure_value, time, is_uploaded, sensor_id, activity_id) VALUES ('PR022_2_1',46,1693305457,TRUE,'SNS022_2','ACT022_2');
INSERT INTO PressureReading (pressure_reading_id, pressure_value, time, is_uploaded, sensor_id, activity_id) VALUES ('PR022_2_2',27,1693306015,TRUE,'SNS022_2','ACT022_2');
INSERT INTO PressureReading (pressure_reading_id, pressure_value, time, is_uploaded, sensor_id, activity_id) VALUES ('PR022_2_3',71,1693306573,TRUE,'SNS022_2','ACT022_2');
INSERT INTO PressureReading (pressure_reading_id, pressure_value, time, is_uploaded, sensor_id, activity_id) VALUES ('PR022_2_4',77,1693307131,TRUE,'SNS022_2','ACT022_2');
INSERT INTO PressureReading (pressure_reading_id, pressure_value, time, is_uploaded, sensor_id, activity_id) VALUES ('PR022_2_5',50,1693307689,TRUE,'SNS022_2','ACT022_2');
INSERT INTO PressureReading (pressure_reading_id, pressure_value, time, is_uploaded, sensor_id, activity_id) VALUES ('PR023_1_1',80,1693314577,TRUE,'SNS023_1','ACT023_1');
INSERT INTO PressureReading (pressure_reading_id, pressure_value, time, is_uploaded, sensor_id, activity_id) VALUES ('PR023_1_2',33,1693314755,TRUE,'SNS023_1','ACT023_1');
INSERT INTO PressureReading (pressure_reading_id, pressure_value, time, is_uploaded, sensor_id, activity_id) VALUES ('PR023_1_3',54,1693314932,TRUE,'SNS023_1','ACT023_1');
INSERT INTO PressureReading (pressure_reading_id, pressure_value, time, is_uploaded, sensor_id, activity_id) VALUES ('PR023_1_4',27,1693315110,TRUE,'SNS023_1','ACT023_1');
INSERT INTO PressureReading (pressure_reading_id, pressure_value, time, is_uploaded, sensor_id, activity_id) VALUES ('PR023_1_5',23,1693315287,TRUE,'SNS023_1','ACT023_1');
INSERT INTO PressureReading (pressure_reading_id, pressure_value, time, is_uploaded, sensor_id, activity_id) VALUES ('PR023_1_6',58,1693315465,TRUE,'SNS023_1','ACT023_1');
INSERT INTO PressureReading (pressure_reading_id, pressure_value, time, is_uploaded, sensor_id, activity_id) VALUES ('PR023_1_7',40,1693315642,TRUE,'SNS023_1','ACT023_1');
INSERT INTO PressureReading (pressure_reading_id, pressure_value, time, is_uploaded, sensor_id, activity_id) VALUES ('PR023_1_8',54,1693315820,TRUE,'SNS023_1','ACT023_1');
INSERT INTO PressureReading (pressure_reading_id, pressure_value, time, is_uploaded, sensor_id, activity_id) VALUES ('PR023_1_9',44,1693315997,TRUE,'SNS023_1','ACT023_1');
INSERT INTO PressureReading (pressure_reading_id, pressure_value, time, is_uploaded, sensor_id, activity_id) VALUES ('PR023_1_10',21,1693316175,TRUE,'SNS023_1','ACT023_1');
INSERT INTO PressureReading (pressure_reading_id, pressure_value, time, is_uploaded, sensor_id, activity_id) VALUES ('PR023_1_11',23,1693316352,TRUE,'SNS023_1','ACT023_1');
INSERT INTO PressureReading (pressure_reading_id, pressure_value, time, is_uploaded, sensor_id, activity_id) VALUES ('PR023_2_1',73,1693314992,TRUE,'SNS023_2','ACT023_2');
INSERT INTO PressureReading (pressure_reading_id, pressure_value, time, is_uploaded, sensor_id, activity_id) VALUES ('PR023_2_2',32,1693315084,TRUE,'SNS023_2','ACT023_2');
INSERT INTO PressureReading (pressure_reading_id, pressure_value, time, is_uploaded, sensor_id, activity_id) VALUES ('PR023_2_3',41,1693315176,TRUE,'SNS023_2','ACT023_2');
INSERT INTO PressureReading (pressure_reading_id, pressure_value, time, is_uploaded, sensor_id, activity_id) VALUES ('PR023_2_4',72,1693315268,TRUE,'SNS023_2','ACT023_2');
INSERT INTO PressureReading (pressure_reading_id, pressure_value, time, is_uploaded, sensor_id, activity_id) VALUES ('PR023_2_5',37,1693315360,TRUE,'SNS023_2','ACT023_2');
INSERT INTO PressureReading (pressure_reading_id, pressure_value, time, is_uploaded, sensor_id, activity_id) VALUES ('PR023_2_6',34,1693315452,TRUE,'SNS023_2','ACT023_2');
INSERT INTO PressureReading (pressure_reading_id, pressure_value, time, is_uploaded, sensor_id, activity_id) VALUES ('PR023_2_7',51,1693315544,TRUE,'SNS023_2','ACT023_2');
INSERT INTO PressureReading (pressure_reading_id, pressure_value, time, is_uploaded, sensor_id, activity_id) VALUES ('PR023_2_8',62,1693315636,TRUE,'SNS023_2','ACT023_2');
INSERT INTO PressureReading (pressure_reading_id, pressure_value, time, is_uploaded, sensor_id, activity_id) VALUES ('PR023_2_9',25,1693315728,TRUE,'SNS023_2','ACT023_2');
INSERT INTO PressureReading (pressure_reading_id, pressure_value, time, is_uploaded, sensor_id, activity_id) VALUES ('PR023_2_10',50,1693315820,TRUE,'SNS023_2','ACT023_2');
INSERT INTO PressureReading (pressure_reading_id, pressure_value, time, is_uploaded, sensor_id, activity_id) VALUES ('PR023_2_11',32,1693315912,TRUE,'SNS023_2','ACT023_2');
INSERT INTO PressureReading (pressure_reading_id, pressure_value, time, is_uploaded, sensor_id, activity_id) VALUES ('PR023_2_12',75,1693316004,TRUE,'SNS023_2','ACT023_2');
INSERT INTO PressureReading (pressure_reading_id, pressure_value, time, is_uploaded, sensor_id, activity_id) VALUES ('PR023_2_13',22,1693316096,TRUE,'SNS023_2','ACT023_2');
INSERT INTO PressureReading (pressure_reading_id, pressure_value, time, is_uploaded, sensor_id, activity_id) VALUES ('PR024_1_1',68,1693324601,TRUE,'SNS024_1','ACT024_1');
INSERT INTO PressureReading (pressure_reading_id, pressure_value, time, is_uploaded, sensor_id, activity_id) VALUES ('PR024_1_2',41,1693324803,TRUE,'SNS024_1','ACT024_1');
INSERT INTO PressureReading (pressure_reading_id, pressure_value, time, is_uploaded, sensor_id, activity_id) VALUES ('PR024_1_3',65,1693325004,TRUE,'SNS024_1','ACT024_1');
INSERT INTO PressureReading (pressure_reading_id, pressure_value, time, is_uploaded, sensor_id, activity_id) VALUES ('PR024_1_4',78,1693325206,TRUE,'SNS024_1','ACT024_1');
INSERT INTO PressureReading (pressure_reading_id, pressure_value, time, is_uploaded, sensor_id, activity_id) VALUES ('PR024_1_5',73,1693325408,TRUE,'SNS024_1','ACT024_1');
INSERT INTO PressureReading (pressure_reading_id, pressure_value, time, is_uploaded, sensor_id, activity_id) VALUES ('PR024_1_6',44,1693325609,TRUE,'SNS024_1','ACT024_1');
INSERT INTO PressureReading (pressure_reading_id, pressure_value, time, is_uploaded, sensor_id, activity_id) VALUES ('PR024_1_7',46,1693325811,TRUE,'SNS024_1','ACT024_1');
INSERT INTO PressureReading (pressure_reading_id, pressure_value, time, is_uploaded, sensor_id, activity_id) VALUES ('PR024_1_8',56,1693326013,TRUE,'SNS024_1','ACT024_1');
INSERT INTO PressureReading (pressure_reading_id, pressure_value, time, is_uploaded, sensor_id, activity_id) VALUES ('PR024_1_9',56,1693326214,TRUE,'SNS024_1','ACT024_1');
INSERT INTO PressureReading (pressure_reading_id, pressure_value, time, is_uploaded, sensor_id, activity_id) VALUES ('PR024_1_10',47,1693326416,TRUE,'SNS024_1','ACT024_1');
INSERT INTO PressureReading (pressure_reading_id, pressure_value, time, is_uploaded, sensor_id, activity_id) VALUES ('PR024_1_11',64,1693326618,TRUE,'SNS024_1','ACT024_1');
INSERT INTO PressureReading (pressure_reading_id, pressure_value, time, is_uploaded, sensor_id, activity_id) VALUES ('PR024_1_12',46,1693326819,TRUE,'SNS024_1','ACT024_1');
INSERT INTO PressureReading (pressure_reading_id, pressure_value, time, is_uploaded, sensor_id, activity_id) VALUES ('PR024_1_13',55,1693327021,TRUE,'SNS024_1','ACT024_1');
INSERT INTO PressureReading (pressure_reading_id, pressure_value, time, is_uploaded, sensor_id, activity_id) VALUES ('PR024_2_1',71,1693325113,TRUE,'SNS024_2','ACT024_2');
INSERT INTO PressureReading (pressure_reading_id, pressure_value, time, is_uploaded, sensor_id, activity_id) VALUES ('PR024_2_2',73,1693325327,TRUE,'SNS024_2','ACT024_2');
INSERT INTO PressureReading (pressure_reading_id, pressure_value, time, is_uploaded, sensor_id, activity_id) VALUES ('PR024_2_3',45,1693325541,TRUE,'SNS024_2','ACT024_2');
INSERT INTO PressureReading (pressure_reading_id, pressure_value, time, is_uploaded, sensor_id, activity_id) VALUES ('PR024_2_4',78,1693325755,TRUE,'SNS024_2','ACT024_2');
INSERT INTO PressureReading (pressure_reading_id, pressure_value, time, is_uploaded, sensor_id, activity_id) VALUES ('PR024_2_5',23,1693325969,TRUE,'SNS024_2','ACT024_2');
INSERT INTO PressureReading (pressure_reading_id, pressure_value, time, is_uploaded, sensor_id, activity_id) VALUES ('PR024_2_6',38,1693326182,TRUE,'SNS024_2','ACT024_2');
INSERT INTO PressureReading (pressure_reading_id, pressure_value, time, is_uploaded, sensor_id, activity_id) VALUES ('PR024_2_7',30,1693326396,TRUE,'SNS024_2','ACT024_2');
INSERT INTO PressureReading (pressure_reading_id, pressure_value, time, is_uploaded, sensor_id, activity_id) VALUES ('PR024_2_8',58,1693326610,TRUE,'SNS024_2','ACT024_2');
INSERT INTO PressureReading (pressure_reading_id, pressure_value, time, is_uploaded, sensor_id, activity_id) VALUES ('PR024_2_9',63,1693326824,TRUE,'SNS024_2','ACT024_2');
INSERT INTO PressureReading (pressure_reading_id, pressure_value, time, is_uploaded, sensor_id, activity_id) VALUES ('PR025_1_1',61,1693334690,TRUE,'SNS025_1','ACT025_1');
INSERT INTO PressureReading (pressure_reading_id, pressure_value, time, is_uploaded, sensor_id, activity_id) VALUES ('PR025_1_2',69,1693334981,TRUE,'SNS025_1','ACT025_1');
INSERT INTO PressureReading (pressure_reading_id, pressure_value, time, is_uploaded, sensor_id, activity_id) VALUES ('PR025_1_3',24,1693335272,TRUE,'SNS025_1','ACT025_1');
INSERT INTO PressureReading (pressure_reading_id, pressure_value, time, is_uploaded, sensor_id, activity_id) VALUES ('PR025_1_4',66,1693335562,TRUE,'SNS025_1','ACT025_1');
INSERT INTO PressureReading (pressure_reading_id, pressure_value, time, is_uploaded, sensor_id, activity_id) VALUES ('PR025_1_5',50,1693335853,TRUE,'SNS025_1','ACT025_1');
INSERT INTO PressureReading (pressure_reading_id, pressure_value, time, is_uploaded, sensor_id, activity_id) VALUES ('PR025_1_6',30,1693336144,TRUE,'SNS025_1','ACT025_1');
INSERT INTO PressureReading (pressure_reading_id, pressure_value, time, is_uploaded, sensor_id, activity_id) VALUES ('PR025_1_7',37,1693336434,TRUE,'SNS025_1','ACT025_1');
INSERT INTO PressureReading (pressure_reading_id, pressure_value, time, is_uploaded, sensor_id, activity_id) VALUES ('PR025_1_8',59,1693336725,TRUE,'SNS025_1','ACT025_1');
INSERT INTO PressureReading (pressure_reading_id, pressure_value, time, is_uploaded, sensor_id, activity_id) VALUES ('PR025_1_9',25,1693337016,TRUE,'SNS025_1','ACT025_1');
INSERT INTO PressureReading (pressure_reading_id, pressure_value, time, is_uploaded, sensor_id, activity_id) VALUES ('PR025_1_10',44,1693337306,TRUE,'SNS025_1','ACT025_1');
INSERT INTO PressureReading (pressure_reading_id, pressure_value, time, is_uploaded, sensor_id, activity_id) VALUES ('PR025_1_11',42,1693337597,TRUE,'SNS025_1','ACT025_1');
INSERT INTO PressureReading (pressure_reading_id, pressure_value, time, is_uploaded, sensor_id, activity_id) VALUES ('PR025_2_1',47,1693335373,TRUE,'SNS025_2','ACT025_2');
INSERT INTO PressureReading (pressure_reading_id, pressure_value, time, is_uploaded, sensor_id, activity_id) VALUES ('PR025_2_2',22,1693335846,TRUE,'SNS025_2','ACT025_2');
INSERT INTO PressureReading (pressure_reading_id, pressure_value, time, is_uploaded, sensor_id, activity_id) VALUES ('PR025_2_3',20,1693336320,TRUE,'SNS025_2','ACT025_2');
INSERT INTO PressureReading (pressure_reading_id, pressure_value, time, is_uploaded, sensor_id, activity_id) VALUES ('PR025_2_4',20,1693336793,TRUE,'SNS025_2','ACT025_2');
INSERT INTO PressureReading (pressure_reading_id, pressure_value, time, is_uploaded, sensor_id, activity_id) VALUES ('PR025_2_5',62,1693337266,TRUE,'SNS025_2','ACT025_2');
INSERT INTO PressureReading (pressure_reading_id, pressure_value, time, is_uploaded, sensor_id, activity_id) VALUES ('PR026_1_1',67,1693344678,TRUE,'SNS026_1','ACT026_1');
INSERT INTO PressureReading (pressure_reading_id, pressure_value, time, is_uploaded, sensor_id, activity_id) VALUES ('PR026_1_2',68,1693344957,TRUE,'SNS026_1','ACT026_1');
INSERT INTO PressureReading (pressure_reading_id, pressure_value, time, is_uploaded, sensor_id, activity_id) VALUES ('PR026_1_3',24,1693345236,TRUE,'SNS026_1','ACT026_1');
INSERT INTO PressureReading (pressure_reading_id, pressure_value, time, is_uploaded, sensor_id, activity_id) VALUES ('PR026_1_4',64,1693345515,TRUE,'SNS026_1','ACT026_1');
INSERT INTO PressureReading (pressure_reading_id, pressure_value, time, is_uploaded, sensor_id, activity_id) VALUES ('PR026_1_5',79,1693345793,TRUE,'SNS026_1','ACT026_1');
INSERT INTO PressureReading (pressure_reading_id, pressure_value, time, is_uploaded, sensor_id, activity_id) VALUES ('PR026_1_6',30,1693346072,TRUE,'SNS026_1','ACT026_1');
INSERT INTO PressureReading (pressure_reading_id, pressure_value, time, is_uploaded, sensor_id, activity_id) VALUES ('PR026_1_7',51,1693346351,TRUE,'SNS026_1','ACT026_1');
INSERT INTO PressureReading (pressure_reading_id, pressure_value, time, is_uploaded, sensor_id, activity_id) VALUES ('PR026_2_1',34,1693345068,TRUE,'SNS026_2','ACT026_2');
INSERT INTO PressureReading (pressure_reading_id, pressure_value, time, is_uploaded, sensor_id, activity_id) VALUES ('PR026_2_2',71,1693345236,TRUE,'SNS026_2','ACT026_2');
INSERT INTO PressureReading (pressure_reading_id, pressure_value, time, is_uploaded, sensor_id, activity_id) VALUES ('PR026_2_3',64,1693345404,TRUE,'SNS026_2','ACT026_2');
INSERT INTO PressureReading (pressure_reading_id, pressure_value, time, is_uploaded, sensor_id, activity_id) VALUES ('PR026_2_4',55,1693345572,TRUE,'SNS026_2','ACT026_2');
INSERT INTO PressureReading (pressure_reading_id, pressure_value, time, is_uploaded, sensor_id, activity_id) VALUES ('PR026_2_5',37,1693345740,TRUE,'SNS026_2','ACT026_2');
INSERT INTO PressureReading (pressure_reading_id, pressure_value, time, is_uploaded, sensor_id, activity_id) VALUES ('PR026_2_6',29,1693345908,TRUE,'SNS026_2','ACT026_2');
INSERT INTO PressureReading (pressure_reading_id, pressure_value, time, is_uploaded, sensor_id, activity_id) VALUES ('PR026_2_7',26,1693346076,TRUE,'SNS026_2','ACT026_2');
INSERT INTO PressureReading (pressure_reading_id, pressure_value, time, is_uploaded, sensor_id, activity_id) VALUES ('PR026_2_8',23,1693346244,TRUE,'SNS026_2','ACT026_2');
INSERT INTO PressureReading (pressure_reading_id, pressure_value, time, is_uploaded, sensor_id, activity_id) VALUES ('PR026_2_9',63,1693346412,TRUE,'SNS026_2','ACT026_2');
INSERT INTO PressureReading (pressure_reading_id, pressure_value, time, is_uploaded, sensor_id, activity_id) VALUES ('PR026_2_10',61,1693346580,TRUE,'SNS026_2','ACT026_2');
INSERT INTO PressureReading (pressure_reading_id, pressure_value, time, is_uploaded, sensor_id, activity_id) VALUES ('PR026_2_11',62,1693346748,TRUE,'SNS026_2','ACT026_2');
INSERT INTO PressureReading (pressure_reading_id, pressure_value, time, is_uploaded, sensor_id, activity_id) VALUES ('PR026_2_12',78,1693346916,TRUE,'SNS026_2','ACT026_2');
INSERT INTO PressureReading (pressure_reading_id, pressure_value, time, is_uploaded, sensor_id, activity_id) VALUES ('PR026_2_13',38,1693347084,TRUE,'SNS026_2','ACT026_2');
INSERT INTO PressureReading (pressure_reading_id, pressure_value, time, is_uploaded, sensor_id, activity_id) VALUES ('PR026_2_14',33,1693347252,TRUE,'SNS026_2','ACT026_2');
INSERT INTO PressureReading (pressure_reading_id, pressure_value, time, is_uploaded, sensor_id, activity_id) VALUES ('PR027_1_1',36,1693354599,TRUE,'SNS027_1','ACT027_1');
INSERT INTO PressureReading (pressure_reading_id, pressure_value, time, is_uploaded, sensor_id, activity_id) VALUES ('PR027_1_2',33,1693354798,TRUE,'SNS027_1','ACT027_1');
INSERT INTO PressureReading (pressure_reading_id, pressure_value, time, is_uploaded, sensor_id, activity_id) VALUES ('PR027_1_3',69,1693354998,TRUE,'SNS027_1','ACT027_1');
INSERT INTO PressureReading (pressure_reading_id, pressure_value, time, is_uploaded, sensor_id, activity_id) VALUES ('PR027_1_4',46,1693355197,TRUE,'SNS027_1','ACT027_1');
INSERT INTO PressureReading (pressure_reading_id, pressure_value, time, is_uploaded, sensor_id, activity_id) VALUES ('PR027_1_5',64,1693355397,TRUE,'SNS027_1','ACT027_1');
INSERT INTO PressureReading (pressure_reading_id, pressure_value, time, is_uploaded, sensor_id, activity_id) VALUES ('PR027_1_6',22,1693355596,TRUE,'SNS027_1','ACT027_1');
INSERT INTO PressureReading (pressure_reading_id, pressure_value, time, is_uploaded, sensor_id, activity_id) VALUES ('PR027_1_7',79,1693355795,TRUE,'SNS027_1','ACT027_1');
INSERT INTO PressureReading (pressure_reading_id, pressure_value, time, is_uploaded, sensor_id, activity_id) VALUES ('PR027_1_8',73,1693355995,TRUE,'SNS027_1','ACT027_1');
INSERT INTO PressureReading (pressure_reading_id, pressure_value, time, is_uploaded, sensor_id, activity_id) VALUES ('PR027_1_9',42,1693356194,TRUE,'SNS027_1','ACT027_1');
INSERT INTO PressureReading (pressure_reading_id, pressure_value, time, is_uploaded, sensor_id, activity_id) VALUES ('PR027_1_10',70,1693356394,TRUE,'SNS027_1','ACT027_1');
INSERT INTO PressureReading (pressure_reading_id, pressure_value, time, is_uploaded, sensor_id, activity_id) VALUES ('PR027_1_11',25,1693356593,TRUE,'SNS027_1','ACT027_1');
INSERT INTO PressureReading (pressure_reading_id, pressure_value, time, is_uploaded, sensor_id, activity_id) VALUES ('PR027_1_12',63,1693356792,TRUE,'SNS027_1','ACT027_1');
INSERT INTO PressureReading (pressure_reading_id, pressure_value, time, is_uploaded, sensor_id, activity_id) VALUES ('PR027_1_13',39,1693356992,TRUE,'SNS027_1','ACT027_1');
INSERT INTO PressureReading (pressure_reading_id, pressure_value, time, is_uploaded, sensor_id, activity_id) VALUES ('PR027_1_14',65,1693357191,TRUE,'SNS027_1','ACT027_1');
INSERT INTO PressureReading (pressure_reading_id, pressure_value, time, is_uploaded, sensor_id, activity_id) VALUES ('PR027_2_1',52,1693355483,TRUE,'SNS027_2','ACT027_2');
INSERT INTO PressureReading (pressure_reading_id, pressure_value, time, is_uploaded, sensor_id, activity_id) VALUES ('PR027_2_2',30,1693356066,TRUE,'SNS027_2','ACT027_2');
INSERT INTO PressureReading (pressure_reading_id, pressure_value, time, is_uploaded, sensor_id, activity_id) VALUES ('PR027_2_3',26,1693356650,TRUE,'SNS027_2','ACT027_2');
INSERT INTO PressureReading (pressure_reading_id, pressure_value, time, is_uploaded, sensor_id, activity_id) VALUES ('PR027_2_4',43,1693357233,TRUE,'SNS027_2','ACT027_2');
INSERT INTO PressureReading (pressure_reading_id, pressure_value, time, is_uploaded, sensor_id, activity_id) VALUES ('PR027_2_5',72,1693357816,TRUE,'SNS027_2','ACT027_2');
INSERT INTO PressureReading (pressure_reading_id, pressure_value, time, is_uploaded, sensor_id, activity_id) VALUES ('PR028_1_1',44,1693364530,TRUE,'SNS028_1','ACT028_1');
INSERT INTO PressureReading (pressure_reading_id, pressure_value, time, is_uploaded, sensor_id, activity_id) VALUES ('PR028_1_2',61,1693364661,TRUE,'SNS028_1','ACT028_1');
INSERT INTO PressureReading (pressure_reading_id, pressure_value, time, is_uploaded, sensor_id, activity_id) VALUES ('PR028_1_3',54,1693364791,TRUE,'SNS028_1','ACT028_1');
INSERT INTO PressureReading (pressure_reading_id, pressure_value, time, is_uploaded, sensor_id, activity_id) VALUES ('PR028_1_4',72,1693364922,TRUE,'SNS028_1','ACT028_1');
INSERT INTO PressureReading (pressure_reading_id, pressure_value, time, is_uploaded, sensor_id, activity_id) VALUES ('PR028_1_5',63,1693365052,TRUE,'SNS028_1','ACT028_1');
INSERT INTO PressureReading (pressure_reading_id, pressure_value, time, is_uploaded, sensor_id, activity_id) VALUES ('PR028_1_6',55,1693365183,TRUE,'SNS028_1','ACT028_1');
INSERT INTO PressureReading (pressure_reading_id, pressure_value, time, is_uploaded, sensor_id, activity_id) VALUES ('PR028_1_7',27,1693365313,TRUE,'SNS028_1','ACT028_1');
INSERT INTO PressureReading (pressure_reading_id, pressure_value, time, is_uploaded, sensor_id, activity_id) VALUES ('PR028_1_8',26,1693365444,TRUE,'SNS028_1','ACT028_1');
INSERT INTO PressureReading (pressure_reading_id, pressure_value, time, is_uploaded, sensor_id, activity_id) VALUES ('PR028_2_1',71,1693365029,TRUE,'SNS028_2','ACT028_2');
INSERT INTO PressureReading (pressure_reading_id, pressure_value, time, is_uploaded, sensor_id, activity_id) VALUES ('PR028_2_2',79,1693365158,TRUE,'SNS028_2','ACT028_2');
INSERT INTO PressureReading (pressure_reading_id, pressure_value, time, is_uploaded, sensor_id, activity_id) VALUES ('PR028_2_3',79,1693365288,TRUE,'SNS028_2','ACT028_2');
INSERT INTO PressureReading (pressure_reading_id, pressure_value, time, is_uploaded, sensor_id, activity_id) VALUES ('PR028_2_4',65,1693365417,TRUE,'SNS028_2','ACT028_2');
INSERT INTO PressureReading (pressure_reading_id, pressure_value, time, is_uploaded, sensor_id, activity_id) VALUES ('PR028_2_5',68,1693365546,TRUE,'SNS028_2','ACT028_2');
INSERT INTO PressureReading (pressure_reading_id, pressure_value, time, is_uploaded, sensor_id, activity_id) VALUES ('PR028_2_6',40,1693365676,TRUE,'SNS028_2','ACT028_2');
INSERT INTO PressureReading (pressure_reading_id, pressure_value, time, is_uploaded, sensor_id, activity_id) VALUES ('PR028_2_7',42,1693365805,TRUE,'SNS028_2','ACT028_2');
INSERT INTO PressureReading (pressure_reading_id, pressure_value, time, is_uploaded, sensor_id, activity_id) VALUES ('PR028_2_8',39,1693365935,TRUE,'SNS028_2','ACT028_2');
INSERT INTO PressureReading (pressure_reading_id, pressure_value, time, is_uploaded, sensor_id, activity_id) VALUES ('PR028_2_9',44,1693366064,TRUE,'SNS028_2','ACT028_2');
INSERT INTO PressureReading (pressure_reading_id, pressure_value, time, is_uploaded, sensor_id, activity_id) VALUES ('PR028_2_10',69,1693366193,TRUE,'SNS028_2','ACT028_2');
INSERT INTO PressureReading (pressure_reading_id, pressure_value, time, is_uploaded, sensor_id, activity_id) VALUES ('PR028_2_11',50,1693366323,TRUE,'SNS028_2','ACT028_2');
INSERT INTO PressureReading (pressure_reading_id, pressure_value, time, is_uploaded, sensor_id, activity_id) VALUES ('PR028_2_12',34,1693366452,TRUE,'SNS028_2','ACT028_2');
INSERT INTO PressureReading (pressure_reading_id, pressure_value, time, is_uploaded, sensor_id, activity_id) VALUES ('PR029_1_1',75,1693374498,TRUE,'SNS029_1','ACT029_1');
INSERT INTO PressureReading (pressure_reading_id, pressure_value, time, is_uploaded, sensor_id, activity_id) VALUES ('PR029_1_2',23,1693374596,TRUE,'SNS029_1','ACT029_1');
INSERT INTO PressureReading (pressure_reading_id, pressure_value, time, is_uploaded, sensor_id, activity_id) VALUES ('PR029_1_3',46,1693374694,TRUE,'SNS029_1','ACT029_1');
INSERT INTO PressureReading (pressure_reading_id, pressure_value, time, is_uploaded, sensor_id, activity_id) VALUES ('PR029_1_4',23,1693374793,TRUE,'SNS029_1','ACT029_1');
INSERT INTO PressureReading (pressure_reading_id, pressure_value, time, is_uploaded, sensor_id, activity_id) VALUES ('PR029_1_5',68,1693374891,TRUE,'SNS029_1','ACT029_1');
INSERT INTO PressureReading (pressure_reading_id, pressure_value, time, is_uploaded, sensor_id, activity_id) VALUES ('PR029_1_6',50,1693374989,TRUE,'SNS029_1','ACT029_1');
INSERT INTO PressureReading (pressure_reading_id, pressure_value, time, is_uploaded, sensor_id, activity_id) VALUES ('PR029_1_7',38,1693375088,TRUE,'SNS029_1','ACT029_1');
INSERT INTO PressureReading (pressure_reading_id, pressure_value, time, is_uploaded, sensor_id, activity_id) VALUES ('PR029_1_8',55,1693375186,TRUE,'SNS029_1','ACT029_1');
INSERT INTO PressureReading (pressure_reading_id, pressure_value, time, is_uploaded, sensor_id, activity_id) VALUES ('PR029_1_9',69,1693375284,TRUE,'SNS029_1','ACT029_1');
INSERT INTO PressureReading (pressure_reading_id, pressure_value, time, is_uploaded, sensor_id, activity_id) VALUES ('PR029_1_10',55,1693375383,TRUE,'SNS029_1','ACT029_1');
INSERT INTO PressureReading (pressure_reading_id, pressure_value, time, is_uploaded, sensor_id, activity_id) VALUES ('PR029_1_11',78,1693375481,TRUE,'SNS029_1','ACT029_1');
INSERT INTO PressureReading (pressure_reading_id, pressure_value, time, is_uploaded, sensor_id, activity_id) VALUES ('PR029_1_12',34,1693375579,TRUE,'SNS029_1','ACT029_1');
INSERT INTO PressureReading (pressure_reading_id, pressure_value, time, is_uploaded, sensor_id, activity_id) VALUES ('PR029_2_1',24,1693375165,TRUE,'SNS029_2','ACT029_2');
INSERT INTO PressureReading (pressure_reading_id, pressure_value, time, is_uploaded, sensor_id, activity_id) VALUES ('PR029_2_2',48,1693375431,TRUE,'SNS029_2','ACT029_2');
INSERT INTO PressureReading (pressure_reading_id, pressure_value, time, is_uploaded, sensor_id, activity_id) VALUES ('PR029_2_3',21,1693375697,TRUE,'SNS029_2','ACT029_2');
INSERT INTO PressureReading (pressure_reading_id, pressure_value, time, is_uploaded, sensor_id, activity_id) VALUES ('PR029_2_4',66,1693375963,TRUE,'SNS029_2','ACT029_2');
INSERT INTO PressureReading (pressure_reading_id, pressure_value, time, is_uploaded, sensor_id, activity_id) VALUES ('PR029_2_5',36,1693376229,TRUE,'SNS029_2','ACT029_2');
INSERT INTO PressureReading (pressure_reading_id, pressure_value, time, is_uploaded, sensor_id, activity_id) VALUES ('PR030_1_1',49,1693384617,TRUE,'SNS030_1','ACT030_1');
INSERT INTO PressureReading (pressure_reading_id, pressure_value, time, is_uploaded, sensor_id, activity_id) VALUES ('PR030_1_2',52,1693384835,TRUE,'SNS030_1','ACT030_1');
INSERT INTO PressureReading (pressure_reading_id, pressure_value, time, is_uploaded, sensor_id, activity_id) VALUES ('PR030_1_3',70,1693385052,TRUE,'SNS030_1','ACT030_1');
INSERT INTO PressureReading (pressure_reading_id, pressure_value, time, is_uploaded, sensor_id, activity_id) VALUES ('PR030_1_4',76,1693385270,TRUE,'SNS030_1','ACT030_1');
INSERT INTO PressureReading (pressure_reading_id, pressure_value, time, is_uploaded, sensor_id, activity_id) VALUES ('PR030_1_5',39,1693385488,TRUE,'SNS030_1','ACT030_1');
INSERT INTO PressureReading (pressure_reading_id, pressure_value, time, is_uploaded, sensor_id, activity_id) VALUES ('PR030_1_6',66,1693385705,TRUE,'SNS030_1','ACT030_1');
INSERT INTO PressureReading (pressure_reading_id, pressure_value, time, is_uploaded, sensor_id, activity_id) VALUES ('PR030_1_7',58,1693385923,TRUE,'SNS030_1','ACT030_1');
INSERT INTO PressureReading (pressure_reading_id, pressure_value, time, is_uploaded, sensor_id, activity_id) VALUES ('PR030_1_8',44,1693386140,TRUE,'SNS030_1','ACT030_1');
INSERT INTO PressureReading (pressure_reading_id, pressure_value, time, is_uploaded, sensor_id, activity_id) VALUES ('PR030_1_9',50,1693386358,TRUE,'SNS030_1','ACT030_1');
INSERT INTO PressureReading (pressure_reading_id, pressure_value, time, is_uploaded, sensor_id, activity_id) VALUES ('PR030_1_10',25,1693386576,TRUE,'SNS030_1','ACT030_1');
INSERT INTO PressureReading (pressure_reading_id, pressure_value, time, is_uploaded, sensor_id, activity_id) VALUES ('PR030_1_11',61,1693386793,TRUE,'SNS030_1','ACT030_1');
INSERT INTO PressureReading (pressure_reading_id, pressure_value, time, is_uploaded, sensor_id, activity_id) VALUES ('PR030_1_12',58,1693387011,TRUE,'SNS030_1','ACT030_1');
INSERT INTO PressureReading (pressure_reading_id, pressure_value, time, is_uploaded, sensor_id, activity_id) VALUES ('PR030_2_1',21,1693385270,TRUE,'SNS030_2','ACT030_2');
INSERT INTO PressureReading (pressure_reading_id, pressure_value, time, is_uploaded, sensor_id, activity_id) VALUES ('PR030_2_2',74,1693385640,TRUE,'SNS030_2','ACT030_2');
INSERT INTO PressureReading (pressure_reading_id, pressure_value, time, is_uploaded, sensor_id, activity_id) VALUES ('PR030_2_3',44,1693386011,TRUE,'SNS030_2','ACT030_2');
INSERT INTO PressureReading (pressure_reading_id, pressure_value, time, is_uploaded, sensor_id, activity_id) VALUES ('PR030_2_4',66,1693386381,TRUE,'SNS030_2','ACT030_2');
INSERT INTO PressureReading (pressure_reading_id, pressure_value, time, is_uploaded, sensor_id, activity_id) VALUES ('PR030_2_5',67,1693386751,TRUE,'SNS030_2','ACT030_2');
INSERT INTO PressureReading (pressure_reading_id, pressure_value, time, is_uploaded, sensor_id, activity_id) VALUES ('PR030_2_6',78,1693387122,TRUE,'SNS030_2','ACT030_2');
INSERT INTO PressureReading (pressure_reading_id, pressure_value, time, is_uploaded, sensor_id, activity_id) VALUES ('PR030_2_7',52,1693387492,TRUE,'SNS030_2','ACT030_2');
INSERT INTO PressureReading (pressure_reading_id, pressure_value, time, is_uploaded, sensor_id, activity_id) VALUES ('PR030_2_8',31,1693387862,TRUE,'SNS030_2','ACT030_2');
INSERT INTO PressureReading (pressure_reading_id, pressure_value, time, is_uploaded, sensor_id, activity_id) VALUES ('PR031_1_1',26,1693394520,TRUE,'SNS031_1','ACT031_1');
INSERT INTO PressureReading (pressure_reading_id, pressure_value, time, is_uploaded, sensor_id, activity_id) VALUES ('PR031_1_2',53,1693394641,TRUE,'SNS031_1','ACT031_1');
INSERT INTO PressureReading (pressure_reading_id, pressure_value, time, is_uploaded, sensor_id, activity_id) VALUES ('PR031_1_3',60,1693394761,TRUE,'SNS031_1','ACT031_1');
INSERT INTO PressureReading (pressure_reading_id, pressure_value, time, is_uploaded, sensor_id, activity_id) VALUES ('PR031_1_4',69,1693394882,TRUE,'SNS031_1','ACT031_1');
INSERT INTO PressureReading (pressure_reading_id, pressure_value, time, is_uploaded, sensor_id, activity_id) VALUES ('PR031_1_5',74,1693395003,TRUE,'SNS031_1','ACT031_1');
INSERT INTO PressureReading (pressure_reading_id, pressure_value, time, is_uploaded, sensor_id, activity_id) VALUES ('PR031_1_6',57,1693395123,TRUE,'SNS031_1','ACT031_1');
INSERT INTO PressureReading (pressure_reading_id, pressure_value, time, is_uploaded, sensor_id, activity_id) VALUES ('PR031_1_7',35,1693395244,TRUE,'SNS031_1','ACT031_1');
INSERT INTO PressureReading (pressure_reading_id, pressure_value, time, is_uploaded, sensor_id, activity_id) VALUES ('PR031_1_8',46,1693395364,TRUE,'SNS031_1','ACT031_1');
INSERT INTO PressureReading (pressure_reading_id, pressure_value, time, is_uploaded, sensor_id, activity_id) VALUES ('PR031_1_9',57,1693395485,TRUE,'SNS031_1','ACT031_1');
INSERT INTO PressureReading (pressure_reading_id, pressure_value, time, is_uploaded, sensor_id, activity_id) VALUES ('PR031_1_10',30,1693395606,TRUE,'SNS031_1','ACT031_1');
INSERT INTO PressureReading (pressure_reading_id, pressure_value, time, is_uploaded, sensor_id, activity_id) VALUES ('PR031_1_11',63,1693395726,TRUE,'SNS031_1','ACT031_1');
INSERT INTO PressureReading (pressure_reading_id, pressure_value, time, is_uploaded, sensor_id, activity_id) VALUES ('PR031_1_12',67,1693395847,TRUE,'SNS031_1','ACT031_1');
INSERT INTO PressureReading (pressure_reading_id, pressure_value, time, is_uploaded, sensor_id, activity_id) VALUES ('PR031_2_1',60,1693395256,TRUE,'SNS031_2','ACT031_2');
INSERT INTO PressureReading (pressure_reading_id, pressure_value, time, is_uploaded, sensor_id, activity_id) VALUES ('PR031_2_2',78,1693395612,TRUE,'SNS031_2','ACT031_2');
INSERT INTO PressureReading (pressure_reading_id, pressure_value, time, is_uploaded, sensor_id, activity_id) VALUES ('PR031_2_3',68,1693395968,TRUE,'SNS031_2','ACT031_2');
INSERT INTO PressureReading (pressure_reading_id, pressure_value, time, is_uploaded, sensor_id, activity_id) VALUES ('PR031_2_4',30,1693396325,TRUE,'SNS031_2','ACT031_2');
INSERT INTO PressureReading (pressure_reading_id, pressure_value, time, is_uploaded, sensor_id, activity_id) VALUES ('PR031_2_5',77,1693396681,TRUE,'SNS031_2','ACT031_2');
INSERT INTO PressureReading (pressure_reading_id, pressure_value, time, is_uploaded, sensor_id, activity_id) VALUES ('PR031_2_6',64,1693397037,TRUE,'SNS031_2','ACT031_2');
INSERT INTO PressureReading (pressure_reading_id, pressure_value, time, is_uploaded, sensor_id, activity_id) VALUES ('PR031_2_7',80,1693397393,TRUE,'SNS031_2','ACT031_2');
INSERT INTO PressureReading (pressure_reading_id, pressure_value, time, is_uploaded, sensor_id, activity_id) VALUES ('PR032_1_1',62,1693404652,TRUE,'SNS032_1','ACT032_1');
INSERT INTO PressureReading (pressure_reading_id, pressure_value, time, is_uploaded, sensor_id, activity_id) VALUES ('PR032_1_2',62,1693404904,TRUE,'SNS032_1','ACT032_1');
INSERT INTO PressureReading (pressure_reading_id, pressure_value, time, is_uploaded, sensor_id, activity_id) VALUES ('PR032_1_3',46,1693405156,TRUE,'SNS032_1','ACT032_1');
INSERT INTO PressureReading (pressure_reading_id, pressure_value, time, is_uploaded, sensor_id, activity_id) VALUES ('PR032_1_4',23,1693405408,TRUE,'SNS032_1','ACT032_1');
INSERT INTO PressureReading (pressure_reading_id, pressure_value, time, is_uploaded, sensor_id, activity_id) VALUES ('PR032_1_5',50,1693405660,TRUE,'SNS032_1','ACT032_1');
INSERT INTO PressureReading (pressure_reading_id, pressure_value, time, is_uploaded, sensor_id, activity_id) VALUES ('PR032_1_6',31,1693405912,TRUE,'SNS032_1','ACT032_1');
INSERT INTO PressureReading (pressure_reading_id, pressure_value, time, is_uploaded, sensor_id, activity_id) VALUES ('PR032_1_7',31,1693406164,TRUE,'SNS032_1','ACT032_1');
INSERT INTO PressureReading (pressure_reading_id, pressure_value, time, is_uploaded, sensor_id, activity_id) VALUES ('PR032_1_8',79,1693406416,TRUE,'SNS032_1','ACT032_1');
INSERT INTO PressureReading (pressure_reading_id, pressure_value, time, is_uploaded, sensor_id, activity_id) VALUES ('PR032_1_9',52,1693406668,TRUE,'SNS032_1','ACT032_1');
INSERT INTO PressureReading (pressure_reading_id, pressure_value, time, is_uploaded, sensor_id, activity_id) VALUES ('PR032_2_1',54,1693405154,TRUE,'SNS032_2','ACT032_2');
INSERT INTO PressureReading (pressure_reading_id, pressure_value, time, is_uploaded, sensor_id, activity_id) VALUES ('PR032_2_2',32,1693405409,TRUE,'SNS032_2','ACT032_2');
INSERT INTO PressureReading (pressure_reading_id, pressure_value, time, is_uploaded, sensor_id, activity_id) VALUES ('PR032_2_3',73,1693405664,TRUE,'SNS032_2','ACT032_2');
INSERT INTO PressureReading (pressure_reading_id, pressure_value, time, is_uploaded, sensor_id, activity_id) VALUES ('PR032_2_4',27,1693405919,TRUE,'SNS032_2','ACT032_2');
INSERT INTO PressureReading (pressure_reading_id, pressure_value, time, is_uploaded, sensor_id, activity_id) VALUES ('PR032_2_5',60,1693406174,TRUE,'SNS032_2','ACT032_2');
INSERT INTO PressureReading (pressure_reading_id, pressure_value, time, is_uploaded, sensor_id, activity_id) VALUES ('PR032_2_6',31,1693406429,TRUE,'SNS032_2','ACT032_2');
INSERT INTO PressureReading (pressure_reading_id, pressure_value, time, is_uploaded, sensor_id, activity_id) VALUES ('PR032_2_7',60,1693406684,TRUE,'SNS032_2','ACT032_2');
INSERT INTO PressureReading (pressure_reading_id, pressure_value, time, is_uploaded, sensor_id, activity_id) VALUES ('PR032_2_8',33,1693406939,TRUE,'SNS032_2','ACT032_2');
INSERT INTO PressureReading (pressure_reading_id, pressure_value, time, is_uploaded, sensor_id, activity_id) VALUES ('PR032_2_9',67,1693407194,TRUE,'SNS032_2','ACT032_2');
INSERT INTO PressureReading (pressure_reading_id, pressure_value, time, is_uploaded, sensor_id, activity_id) VALUES ('PR032_2_10',77,1693407449,TRUE,'SNS032_2','ACT032_2');
INSERT INTO PressureReading (pressure_reading_id, pressure_value, time, is_uploaded, sensor_id, activity_id) VALUES ('PR033_1_1',52,1693414533,TRUE,'SNS033_1','ACT033_1');
INSERT INTO PressureReading (pressure_reading_id, pressure_value, time, is_uploaded, sensor_id, activity_id) VALUES ('PR033_1_2',23,1693414666,TRUE,'SNS033_1','ACT033_1');
INSERT INTO PressureReading (pressure_reading_id, pressure_value, time, is_uploaded, sensor_id, activity_id) VALUES ('PR033_1_3',64,1693414800,TRUE,'SNS033_1','ACT033_1');
INSERT INTO PressureReading (pressure_reading_id, pressure_value, time, is_uploaded, sensor_id, activity_id) VALUES ('PR033_1_4',35,1693414933,TRUE,'SNS033_1','ACT033_1');
INSERT INTO PressureReading (pressure_reading_id, pressure_value, time, is_uploaded, sensor_id, activity_id) VALUES ('PR033_1_5',40,1693415067,TRUE,'SNS033_1','ACT033_1');
INSERT INTO PressureReading (pressure_reading_id, pressure_value, time, is_uploaded, sensor_id, activity_id) VALUES ('PR033_1_6',40,1693415200,TRUE,'SNS033_1','ACT033_1');
INSERT INTO PressureReading (pressure_reading_id, pressure_value, time, is_uploaded, sensor_id, activity_id) VALUES ('PR033_1_7',63,1693415334,TRUE,'SNS033_1','ACT033_1');
INSERT INTO PressureReading (pressure_reading_id, pressure_value, time, is_uploaded, sensor_id, activity_id) VALUES ('PR033_1_8',56,1693415467,TRUE,'SNS033_1','ACT033_1');
INSERT INTO PressureReading (pressure_reading_id, pressure_value, time, is_uploaded, sensor_id, activity_id) VALUES ('PR033_1_9',22,1693415601,TRUE,'SNS033_1','ACT033_1');
INSERT INTO PressureReading (pressure_reading_id, pressure_value, time, is_uploaded, sensor_id, activity_id) VALUES ('PR033_1_10',79,1693415734,TRUE,'SNS033_1','ACT033_1');
INSERT INTO PressureReading (pressure_reading_id, pressure_value, time, is_uploaded, sensor_id, activity_id) VALUES ('PR033_2_1',62,1693415119,TRUE,'SNS033_2','ACT033_2');
INSERT INTO PressureReading (pressure_reading_id, pressure_value, time, is_uploaded, sensor_id, activity_id) VALUES ('PR033_2_2',65,1693415339,TRUE,'SNS033_2','ACT033_2');
INSERT INTO PressureReading (pressure_reading_id, pressure_value, time, is_uploaded, sensor_id, activity_id) VALUES ('PR033_2_3',78,1693415559,TRUE,'SNS033_2','ACT033_2');
INSERT INTO PressureReading (pressure_reading_id, pressure_value, time, is_uploaded, sensor_id, activity_id) VALUES ('PR033_2_4',53,1693415779,TRUE,'SNS033_2','ACT033_2');
INSERT INTO PressureReading (pressure_reading_id, pressure_value, time, is_uploaded, sensor_id, activity_id) VALUES ('PR033_2_5',79,1693415999,TRUE,'SNS033_2','ACT033_2');
INSERT INTO PressureReading (pressure_reading_id, pressure_value, time, is_uploaded, sensor_id, activity_id) VALUES ('PR033_2_6',34,1693416218,TRUE,'SNS033_2','ACT033_2');
INSERT INTO PressureReading (pressure_reading_id, pressure_value, time, is_uploaded, sensor_id, activity_id) VALUES ('PR033_2_7',29,1693416438,TRUE,'SNS033_2','ACT033_2');
INSERT INTO PressureReading (pressure_reading_id, pressure_value, time, is_uploaded, sensor_id, activity_id) VALUES ('PR033_2_8',32,1693416658,TRUE,'SNS033_2','ACT033_2');
INSERT INTO PressureReading (pressure_reading_id, pressure_value, time, is_uploaded, sensor_id, activity_id) VALUES ('PR033_2_9',50,1693416878,TRUE,'SNS033_2','ACT033_2');
INSERT INTO PressureReading (pressure_reading_id, pressure_value, time, is_uploaded, sensor_id, activity_id) VALUES ('PR034_1_1',59,1693424732,TRUE,'SNS034_1','ACT034_1');
INSERT INTO PressureReading (pressure_reading_id, pressure_value, time, is_uploaded, sensor_id, activity_id) VALUES ('PR034_1_2',32,1693425064,TRUE,'SNS034_1','ACT034_1');
INSERT INTO PressureReading (pressure_reading_id, pressure_value, time, is_uploaded, sensor_id, activity_id) VALUES ('PR034_1_3',47,1693425396,TRUE,'SNS034_1','ACT034_1');
INSERT INTO PressureReading (pressure_reading_id, pressure_value, time, is_uploaded, sensor_id, activity_id) VALUES ('PR034_1_4',68,1693425728,TRUE,'SNS034_1','ACT034_1');
INSERT INTO PressureReading (pressure_reading_id, pressure_value, time, is_uploaded, sensor_id, activity_id) VALUES ('PR034_1_5',50,1693426060,TRUE,'SNS034_1','ACT034_1');
INSERT INTO PressureReading (pressure_reading_id, pressure_value, time, is_uploaded, sensor_id, activity_id) VALUES ('PR034_2_1',51,1693425127,TRUE,'SNS034_2','ACT034_2');
INSERT INTO PressureReading (pressure_reading_id, pressure_value, time, is_uploaded, sensor_id, activity_id) VALUES ('PR034_2_2',48,1693425354,TRUE,'SNS034_2','ACT034_2');
INSERT INTO PressureReading (pressure_reading_id, pressure_value, time, is_uploaded, sensor_id, activity_id) VALUES ('PR034_2_3',32,1693425581,TRUE,'SNS034_2','ACT034_2');
INSERT INTO PressureReading (pressure_reading_id, pressure_value, time, is_uploaded, sensor_id, activity_id) VALUES ('PR034_2_4',79,1693425808,TRUE,'SNS034_2','ACT034_2');
INSERT INTO PressureReading (pressure_reading_id, pressure_value, time, is_uploaded, sensor_id, activity_id) VALUES ('PR034_2_5',70,1693426036,TRUE,'SNS034_2','ACT034_2');
INSERT INTO PressureReading (pressure_reading_id, pressure_value, time, is_uploaded, sensor_id, activity_id) VALUES ('PR034_2_6',26,1693426263,TRUE,'SNS034_2','ACT034_2');
INSERT INTO PressureReading (pressure_reading_id, pressure_value, time, is_uploaded, sensor_id, activity_id) VALUES ('PR034_2_7',28,1693426490,TRUE,'SNS034_2','ACT034_2');
INSERT INTO PressureReading (pressure_reading_id, pressure_value, time, is_uploaded, sensor_id, activity_id) VALUES ('PR034_2_8',74,1693426717,TRUE,'SNS034_2','ACT034_2');
INSERT INTO PressureReading (pressure_reading_id, pressure_value, time, is_uploaded, sensor_id, activity_id) VALUES ('PR034_2_9',52,1693426944,TRUE,'SNS034_2','ACT034_2');
INSERT INTO PressureReading (pressure_reading_id, pressure_value, time, is_uploaded, sensor_id, activity_id) VALUES ('PR035_1_1',27,1693434561,TRUE,'SNS035_1','ACT035_1');
INSERT INTO PressureReading (pressure_reading_id, pressure_value, time, is_uploaded, sensor_id, activity_id) VALUES ('PR035_1_2',58,1693434722,TRUE,'SNS035_1','ACT035_1');
INSERT INTO PressureReading (pressure_reading_id, pressure_value, time, is_uploaded, sensor_id, activity_id) VALUES ('PR035_1_3',70,1693434884,TRUE,'SNS035_1','ACT035_1');
INSERT INTO PressureReading (pressure_reading_id, pressure_value, time, is_uploaded, sensor_id, activity_id) VALUES ('PR035_1_4',72,1693435045,TRUE,'SNS035_1','ACT035_1');
INSERT INTO PressureReading (pressure_reading_id, pressure_value, time, is_uploaded, sensor_id, activity_id) VALUES ('PR035_1_5',35,1693435207,TRUE,'SNS035_1','ACT035_1');
INSERT INTO PressureReading (pressure_reading_id, pressure_value, time, is_uploaded, sensor_id, activity_id) VALUES ('PR035_1_6',57,1693435368,TRUE,'SNS035_1','ACT035_1');
INSERT INTO PressureReading (pressure_reading_id, pressure_value, time, is_uploaded, sensor_id, activity_id) VALUES ('PR035_1_7',49,1693435530,TRUE,'SNS035_1','ACT035_1');
INSERT INTO PressureReading (pressure_reading_id, pressure_value, time, is_uploaded, sensor_id, activity_id) VALUES ('PR035_1_8',36,1693435691,TRUE,'SNS035_1','ACT035_1');
INSERT INTO PressureReading (pressure_reading_id, pressure_value, time, is_uploaded, sensor_id, activity_id) VALUES ('PR035_1_9',73,1693435852,TRUE,'SNS035_1','ACT035_1');
INSERT INTO PressureReading (pressure_reading_id, pressure_value, time, is_uploaded, sensor_id, activity_id) VALUES ('PR035_1_10',55,1693436014,TRUE,'SNS035_1','ACT035_1');
INSERT INTO PressureReading (pressure_reading_id, pressure_value, time, is_uploaded, sensor_id, activity_id) VALUES ('PR035_1_11',55,1693436175,TRUE,'SNS035_1','ACT035_1');
INSERT INTO PressureReading (pressure_reading_id, pressure_value, time, is_uploaded, sensor_id, activity_id) VALUES ('PR035_1_12',33,1693436337,TRUE,'SNS035_1','ACT035_1');
INSERT INTO PressureReading (pressure_reading_id, pressure_value, time, is_uploaded, sensor_id, activity_id) VALUES ('PR035_1_13',29,1693436498,TRUE,'SNS035_1','ACT035_1');
INSERT INTO PressureReading (pressure_reading_id, pressure_value, time, is_uploaded, sensor_id, activity_id) VALUES ('PR035_2_1',54,1693435186,TRUE,'SNS035_2','ACT035_2');
INSERT INTO PressureReading (pressure_reading_id, pressure_value, time, is_uploaded, sensor_id, activity_id) VALUES ('PR035_2_2',60,1693435472,TRUE,'SNS035_2','ACT035_2');
INSERT INTO PressureReading (pressure_reading_id, pressure_value, time, is_uploaded, sensor_id, activity_id) VALUES ('PR035_2_3',28,1693435758,TRUE,'SNS035_2','ACT035_2');
INSERT INTO PressureReading (pressure_reading_id, pressure_value, time, is_uploaded, sensor_id, activity_id) VALUES ('PR035_2_4',34,1693436044,TRUE,'SNS035_2','ACT035_2');
INSERT INTO PressureReading (pressure_reading_id, pressure_value, time, is_uploaded, sensor_id, activity_id) VALUES ('PR035_2_5',67,1693436330,TRUE,'SNS035_2','ACT035_2');
INSERT INTO PressureReading (pressure_reading_id, pressure_value, time, is_uploaded, sensor_id, activity_id) VALUES ('PR035_2_6',42,1693436616,TRUE,'SNS035_2','ACT035_2');
INSERT INTO PressureReading (pressure_reading_id, pressure_value, time, is_uploaded, sensor_id, activity_id) VALUES ('PR035_2_7',31,1693436902,TRUE,'SNS035_2','ACT035_2');
INSERT INTO PressureReading (pressure_reading_id, pressure_value, time, is_uploaded, sensor_id, activity_id) VALUES ('PR035_2_8',36,1693437188,TRUE,'SNS035_2','ACT035_2');
INSERT INTO PressureReading (pressure_reading_id, pressure_value, time, is_uploaded, sensor_id, activity_id) VALUES ('PR036_1_1',73,1693444616,TRUE,'SNS036_1','ACT036_1');
INSERT INTO PressureReading (pressure_reading_id, pressure_value, time, is_uploaded, sensor_id, activity_id) VALUES ('PR036_1_2',66,1693444832,TRUE,'SNS036_1','ACT036_1');
INSERT INTO PressureReading (pressure_reading_id, pressure_value, time, is_uploaded, sensor_id, activity_id) VALUES ('PR036_1_3',52,1693445049,TRUE,'SNS036_1','ACT036_1');
INSERT INTO PressureReading (pressure_reading_id, pressure_value, time, is_uploaded, sensor_id, activity_id) VALUES ('PR036_1_4',65,1693445265,TRUE,'SNS036_1','ACT036_1');
INSERT INTO PressureReading (pressure_reading_id, pressure_value, time, is_uploaded, sensor_id, activity_id) VALUES ('PR036_1_5',73,1693445482,TRUE,'SNS036_1','ACT036_1');
INSERT INTO PressureReading (pressure_reading_id, pressure_value, time, is_uploaded, sensor_id, activity_id) VALUES ('PR036_1_6',40,1693445698,TRUE,'SNS036_1','ACT036_1');
INSERT INTO PressureReading (pressure_reading_id, pressure_value, time, is_uploaded, sensor_id, activity_id) VALUES ('PR036_1_7',39,1693445915,TRUE,'SNS036_1','ACT036_1');
INSERT INTO PressureReading (pressure_reading_id, pressure_value, time, is_uploaded, sensor_id, activity_id) VALUES ('PR036_1_8',25,1693446131,TRUE,'SNS036_1','ACT036_1');
INSERT INTO PressureReading (pressure_reading_id, pressure_value, time, is_uploaded, sensor_id, activity_id) VALUES ('PR036_2_1',58,1693445044,TRUE,'SNS036_2','ACT036_2');
INSERT INTO PressureReading (pressure_reading_id, pressure_value, time, is_uploaded, sensor_id, activity_id) VALUES ('PR036_2_2',48,1693445188,TRUE,'SNS036_2','ACT036_2');
INSERT INTO PressureReading (pressure_reading_id, pressure_value, time, is_uploaded, sensor_id, activity_id) VALUES ('PR036_2_3',79,1693445333,TRUE,'SNS036_2','ACT036_2');
INSERT INTO PressureReading (pressure_reading_id, pressure_value, time, is_uploaded, sensor_id, activity_id) VALUES ('PR036_2_4',46,1693445477,TRUE,'SNS036_2','ACT036_2');
INSERT INTO PressureReading (pressure_reading_id, pressure_value, time, is_uploaded, sensor_id, activity_id) VALUES ('PR036_2_5',49,1693445622,TRUE,'SNS036_2','ACT036_2');
INSERT INTO PressureReading (pressure_reading_id, pressure_value, time, is_uploaded, sensor_id, activity_id) VALUES ('PR036_2_6',34,1693445766,TRUE,'SNS036_2','ACT036_2');
INSERT INTO PressureReading (pressure_reading_id, pressure_value, time, is_uploaded, sensor_id, activity_id) VALUES ('PR036_2_7',80,1693445911,TRUE,'SNS036_2','ACT036_2');
INSERT INTO PressureReading (pressure_reading_id, pressure_value, time, is_uploaded, sensor_id, activity_id) VALUES ('PR036_2_8',45,1693446055,TRUE,'SNS036_2','ACT036_2');
INSERT INTO PressureReading (pressure_reading_id, pressure_value, time, is_uploaded, sensor_id, activity_id) VALUES ('PR036_2_9',29,1693446199,TRUE,'SNS036_2','ACT036_2');
INSERT INTO PressureReading (pressure_reading_id, pressure_value, time, is_uploaded, sensor_id, activity_id) VALUES ('PR036_2_10',50,1693446344,TRUE,'SNS036_2','ACT036_2');
INSERT INTO PressureReading (pressure_reading_id, pressure_value, time, is_uploaded, sensor_id, activity_id) VALUES ('PR036_2_11',64,1693446488,TRUE,'SNS036_2','ACT036_2');
INSERT INTO PressureReading (pressure_reading_id, pressure_value, time, is_uploaded, sensor_id, activity_id) VALUES ('PR036_2_12',34,1693446633,TRUE,'SNS036_2','ACT036_2');
INSERT INTO PressureReading (pressure_reading_id, pressure_value, time, is_uploaded, sensor_id, activity_id) VALUES ('PR036_2_13',68,1693446777,TRUE,'SNS036_2','ACT036_2');
INSERT INTO PressureReading (pressure_reading_id, pressure_value, time, is_uploaded, sensor_id, activity_id) VALUES ('PR037_1_1',41,1693454618,TRUE,'SNS037_1','ACT037_1');
INSERT INTO PressureReading (pressure_reading_id, pressure_value, time, is_uploaded, sensor_id, activity_id) VALUES ('PR037_1_2',30,1693454836,TRUE,'SNS037_1','ACT037_1');
INSERT INTO PressureReading (pressure_reading_id, pressure_value, time, is_uploaded, sensor_id, activity_id) VALUES ('PR037_1_3',21,1693455054,TRUE,'SNS037_1','ACT037_1');
INSERT INTO PressureReading (pressure_reading_id, pressure_value, time, is_uploaded, sensor_id, activity_id) VALUES ('PR037_1_4',44,1693455272,TRUE,'SNS037_1','ACT037_1');
INSERT INTO PressureReading (pressure_reading_id, pressure_value, time, is_uploaded, sensor_id, activity_id) VALUES ('PR037_1_5',62,1693455490,TRUE,'SNS037_1','ACT037_1');
INSERT INTO PressureReading (pressure_reading_id, pressure_value, time, is_uploaded, sensor_id, activity_id) VALUES ('PR037_1_6',67,1693455708,TRUE,'SNS037_1','ACT037_1');
INSERT INTO PressureReading (pressure_reading_id, pressure_value, time, is_uploaded, sensor_id, activity_id) VALUES ('PR037_1_7',55,1693455926,TRUE,'SNS037_1','ACT037_1');
INSERT INTO PressureReading (pressure_reading_id, pressure_value, time, is_uploaded, sensor_id, activity_id) VALUES ('PR037_2_1',44,1693455105,TRUE,'SNS037_2','ACT037_2');
INSERT INTO PressureReading (pressure_reading_id, pressure_value, time, is_uploaded, sensor_id, activity_id) VALUES ('PR037_2_2',65,1693455310,TRUE,'SNS037_2','ACT037_2');
INSERT INTO PressureReading (pressure_reading_id, pressure_value, time, is_uploaded, sensor_id, activity_id) VALUES ('PR037_2_3',31,1693455516,TRUE,'SNS037_2','ACT037_2');
INSERT INTO PressureReading (pressure_reading_id, pressure_value, time, is_uploaded, sensor_id, activity_id) VALUES ('PR037_2_4',25,1693455721,TRUE,'SNS037_2','ACT037_2');
INSERT INTO PressureReading (pressure_reading_id, pressure_value, time, is_uploaded, sensor_id, activity_id) VALUES ('PR037_2_5',27,1693455926,TRUE,'SNS037_2','ACT037_2');
INSERT INTO PressureReading (pressure_reading_id, pressure_value, time, is_uploaded, sensor_id, activity_id) VALUES ('PR037_2_6',69,1693456132,TRUE,'SNS037_2','ACT037_2');
INSERT INTO PressureReading (pressure_reading_id, pressure_value, time, is_uploaded, sensor_id, activity_id) VALUES ('PR037_2_7',52,1693456337,TRUE,'SNS037_2','ACT037_2');
INSERT INTO PressureReading (pressure_reading_id, pressure_value, time, is_uploaded, sensor_id, activity_id) VALUES ('PR037_2_8',34,1693456542,TRUE,'SNS037_2','ACT037_2');
INSERT INTO PressureReading (pressure_reading_id, pressure_value, time, is_uploaded, sensor_id, activity_id) VALUES ('PR037_2_9',26,1693456748,TRUE,'SNS037_2','ACT037_2');
INSERT INTO PressureReading (pressure_reading_id, pressure_value, time, is_uploaded, sensor_id, activity_id) VALUES ('PR037_2_10',56,1693456953,TRUE,'SNS037_2','ACT037_2');
INSERT INTO PressureReading (pressure_reading_id, pressure_value, time, is_uploaded, sensor_id, activity_id) VALUES ('PR038_1_1',59,1693464463,TRUE,'SNS038_1','ACT038_1');
INSERT INTO PressureReading (pressure_reading_id, pressure_value, time, is_uploaded, sensor_id, activity_id) VALUES ('PR038_1_2',20,1693464526,TRUE,'SNS038_1','ACT038_1');
INSERT INTO PressureReading (pressure_reading_id, pressure_value, time, is_uploaded, sensor_id, activity_id) VALUES ('PR038_1_3',32,1693464589,TRUE,'SNS038_1','ACT038_1');
INSERT INTO PressureReading (pressure_reading_id, pressure_value, time, is_uploaded, sensor_id, activity_id) VALUES ('PR038_1_4',37,1693464652,TRUE,'SNS038_1','ACT038_1');
INSERT INTO PressureReading (pressure_reading_id, pressure_value, time, is_uploaded, sensor_id, activity_id) VALUES ('PR038_1_5',31,1693464715,TRUE,'SNS038_1','ACT038_1');
INSERT INTO PressureReading (pressure_reading_id, pressure_value, time, is_uploaded, sensor_id, activity_id) VALUES ('PR038_1_6',70,1693464778,TRUE,'SNS038_1','ACT038_1');
INSERT INTO PressureReading (pressure_reading_id, pressure_value, time, is_uploaded, sensor_id, activity_id) VALUES ('PR038_1_7',31,1693464841,TRUE,'SNS038_1','ACT038_1');
INSERT INTO PressureReading (pressure_reading_id, pressure_value, time, is_uploaded, sensor_id, activity_id) VALUES ('PR038_1_8',77,1693464904,TRUE,'SNS038_1','ACT038_1');
INSERT INTO PressureReading (pressure_reading_id, pressure_value, time, is_uploaded, sensor_id, activity_id) VALUES ('PR038_1_9',27,1693464967,TRUE,'SNS038_1','ACT038_1');
INSERT INTO PressureReading (pressure_reading_id, pressure_value, time, is_uploaded, sensor_id, activity_id) VALUES ('PR038_1_10',66,1693465030,TRUE,'SNS038_1','ACT038_1');
INSERT INTO PressureReading (pressure_reading_id, pressure_value, time, is_uploaded, sensor_id, activity_id) VALUES ('PR038_1_11',37,1693465093,TRUE,'SNS038_1','ACT038_1');
INSERT INTO PressureReading (pressure_reading_id, pressure_value, time, is_uploaded, sensor_id, activity_id) VALUES ('PR038_1_12',40,1693465156,TRUE,'SNS038_1','ACT038_1');
INSERT INTO PressureReading (pressure_reading_id, pressure_value, time, is_uploaded, sensor_id, activity_id) VALUES ('PR038_1_13',76,1693465219,TRUE,'SNS038_1','ACT038_1');
INSERT INTO PressureReading (pressure_reading_id, pressure_value, time, is_uploaded, sensor_id, activity_id) VALUES ('PR038_2_1',38,1693465026,TRUE,'SNS038_2','ACT038_2');
INSERT INTO PressureReading (pressure_reading_id, pressure_value, time, is_uploaded, sensor_id, activity_id) VALUES ('PR038_2_2',73,1693465153,TRUE,'SNS038_2','ACT038_2');
INSERT INTO PressureReading (pressure_reading_id, pressure_value, time, is_uploaded, sensor_id, activity_id) VALUES ('PR038_2_3',60,1693465280,TRUE,'SNS038_2','ACT038_2');
INSERT INTO PressureReading (pressure_reading_id, pressure_value, time, is_uploaded, sensor_id, activity_id) VALUES ('PR038_2_4',63,1693465406,TRUE,'SNS038_2','ACT038_2');
INSERT INTO PressureReading (pressure_reading_id, pressure_value, time, is_uploaded, sensor_id, activity_id) VALUES ('PR038_2_5',29,1693465533,TRUE,'SNS038_2','ACT038_2');
INSERT INTO PressureReading (pressure_reading_id, pressure_value, time, is_uploaded, sensor_id, activity_id) VALUES ('PR039_1_1',50,1693474747,TRUE,'SNS039_1','ACT039_1');
INSERT INTO PressureReading (pressure_reading_id, pressure_value, time, is_uploaded, sensor_id, activity_id) VALUES ('PR039_1_2',29,1693475094,TRUE,'SNS039_1','ACT039_1');
INSERT INTO PressureReading (pressure_reading_id, pressure_value, time, is_uploaded, sensor_id, activity_id) VALUES ('PR039_1_3',73,1693475442,TRUE,'SNS039_1','ACT039_1');
INSERT INTO PressureReading (pressure_reading_id, pressure_value, time, is_uploaded, sensor_id, activity_id) VALUES ('PR039_1_4',78,1693475789,TRUE,'SNS039_1','ACT039_1');
INSERT INTO PressureReading (pressure_reading_id, pressure_value, time, is_uploaded, sensor_id, activity_id) VALUES ('PR039_1_5',21,1693476137,TRUE,'SNS039_1','ACT039_1');
INSERT INTO PressureReading (pressure_reading_id, pressure_value, time, is_uploaded, sensor_id, activity_id) VALUES ('PR039_1_6',78,1693476484,TRUE,'SNS039_1','ACT039_1');
INSERT INTO PressureReading (pressure_reading_id, pressure_value, time, is_uploaded, sensor_id, activity_id) VALUES ('PR039_2_1',28,1693475123,TRUE,'SNS039_2','ACT039_2');
INSERT INTO PressureReading (pressure_reading_id, pressure_value, time, is_uploaded, sensor_id, activity_id) VALUES ('PR039_2_2',40,1693475346,TRUE,'SNS039_2','ACT039_2');
INSERT INTO PressureReading (pressure_reading_id, pressure_value, time, is_uploaded, sensor_id, activity_id) VALUES ('PR039_2_3',80,1693475570,TRUE,'SNS039_2','ACT039_2');
INSERT INTO PressureReading (pressure_reading_id, pressure_value, time, is_uploaded, sensor_id, activity_id) VALUES ('PR039_2_4',24,1693475793,TRUE,'SNS039_2','ACT039_2');
INSERT INTO PressureReading (pressure_reading_id, pressure_value, time, is_uploaded, sensor_id, activity_id) VALUES ('PR039_2_5',65,1693476017,TRUE,'SNS039_2','ACT039_2');
INSERT INTO PressureReading (pressure_reading_id, pressure_value, time, is_uploaded, sensor_id, activity_id) VALUES ('PR039_2_6',35,1693476240,TRUE,'SNS039_2','ACT039_2');
INSERT INTO PressureReading (pressure_reading_id, pressure_value, time, is_uploaded, sensor_id, activity_id) VALUES ('PR039_2_7',63,1693476463,TRUE,'SNS039_2','ACT039_2');
INSERT INTO PressureReading (pressure_reading_id, pressure_value, time, is_uploaded, sensor_id, activity_id) VALUES ('PR039_2_8',72,1693476687,TRUE,'SNS039_2','ACT039_2');
INSERT INTO PressureReading (pressure_reading_id, pressure_value, time, is_uploaded, sensor_id, activity_id) VALUES ('PR039_2_9',48,1693476910,TRUE,'SNS039_2','ACT039_2');
INSERT INTO PressureReading (pressure_reading_id, pressure_value, time, is_uploaded, sensor_id, activity_id) VALUES ('PR040_1_1',64,1693484556,TRUE,'SNS040_1','ACT040_1');
INSERT INTO PressureReading (pressure_reading_id, pressure_value, time, is_uploaded, sensor_id, activity_id) VALUES ('PR040_1_2',69,1693484712,TRUE,'SNS040_1','ACT040_1');
INSERT INTO PressureReading (pressure_reading_id, pressure_value, time, is_uploaded, sensor_id, activity_id) VALUES ('PR040_1_3',64,1693484868,TRUE,'SNS040_1','ACT040_1');
INSERT INTO PressureReading (pressure_reading_id, pressure_value, time, is_uploaded, sensor_id, activity_id) VALUES ('PR040_1_4',63,1693485024,TRUE,'SNS040_1','ACT040_1');
INSERT INTO PressureReading (pressure_reading_id, pressure_value, time, is_uploaded, sensor_id, activity_id) VALUES ('PR040_1_5',52,1693485180,TRUE,'SNS040_1','ACT040_1');
INSERT INTO PressureReading (pressure_reading_id, pressure_value, time, is_uploaded, sensor_id, activity_id) VALUES ('PR040_2_1',40,1693485164,TRUE,'SNS040_2','ACT040_2');
INSERT INTO PressureReading (pressure_reading_id, pressure_value, time, is_uploaded, sensor_id, activity_id) VALUES ('PR040_2_2',32,1693485428,TRUE,'SNS040_2','ACT040_2');
INSERT INTO PressureReading (pressure_reading_id, pressure_value, time, is_uploaded, sensor_id, activity_id) VALUES ('PR040_2_3',65,1693485692,TRUE,'SNS040_2','ACT040_2');
INSERT INTO PressureReading (pressure_reading_id, pressure_value, time, is_uploaded, sensor_id, activity_id) VALUES ('PR040_2_4',62,1693485956,TRUE,'SNS040_2','ACT040_2');
INSERT INTO PressureReading (pressure_reading_id, pressure_value, time, is_uploaded, sensor_id, activity_id) VALUES ('PR040_2_5',39,1693486220,TRUE,'SNS040_2','ACT040_2');
INSERT INTO PressureReading (pressure_reading_id, pressure_value, time, is_uploaded, sensor_id, activity_id) VALUES ('PR040_2_6',60,1693486484,TRUE,'SNS040_2','ACT040_2');
INSERT INTO PressureReading (pressure_reading_id, pressure_value, time, is_uploaded, sensor_id, activity_id) VALUES ('PR040_2_7',39,1693486748,TRUE,'SNS040_2','ACT040_2');
INSERT INTO PressureReading (pressure_reading_id, pressure_value, time, is_uploaded, sensor_id, activity_id) VALUES ('PR040_2_8',59,1693487012,TRUE,'SNS040_2','ACT040_2');
INSERT INTO PressureReading (pressure_reading_id, pressure_value, time, is_uploaded, sensor_id, activity_id) VALUES ('PR040_2_9',51,1693487276,TRUE,'SNS040_2','ACT040_2');
INSERT INTO PressureReading (pressure_reading_id, pressure_value, time, is_uploaded, sensor_id, activity_id) VALUES ('PR040_2_10',56,1693487540,TRUE,'SNS040_2','ACT040_2');
INSERT INTO PressureReading (pressure_reading_id, pressure_value, time, is_uploaded, sensor_id, activity_id) VALUES ('PR041_1_1',62,1693494535,TRUE,'SNS041_1','ACT041_1');
INSERT INTO PressureReading (pressure_reading_id, pressure_value, time, is_uploaded, sensor_id, activity_id) VALUES ('PR041_1_2',79,1693494670,TRUE,'SNS041_1','ACT041_1');
INSERT INTO PressureReading (pressure_reading_id, pressure_value, time, is_uploaded, sensor_id, activity_id) VALUES ('PR041_1_3',55,1693494806,TRUE,'SNS041_1','ACT041_1');
INSERT INTO PressureReading (pressure_reading_id, pressure_value, time, is_uploaded, sensor_id, activity_id) VALUES ('PR041_1_4',50,1693494941,TRUE,'SNS041_1','ACT041_1');
INSERT INTO PressureReading (pressure_reading_id, pressure_value, time, is_uploaded, sensor_id, activity_id) VALUES ('PR041_1_5',27,1693495077,TRUE,'SNS041_1','ACT041_1');
INSERT INTO PressureReading (pressure_reading_id, pressure_value, time, is_uploaded, sensor_id, activity_id) VALUES ('PR041_1_6',76,1693495212,TRUE,'SNS041_1','ACT041_1');
INSERT INTO PressureReading (pressure_reading_id, pressure_value, time, is_uploaded, sensor_id, activity_id) VALUES ('PR041_1_7',62,1693495348,TRUE,'SNS041_1','ACT041_1');
INSERT INTO PressureReading (pressure_reading_id, pressure_value, time, is_uploaded, sensor_id, activity_id) VALUES ('PR041_1_8',20,1693495483,TRUE,'SNS041_1','ACT041_1');
INSERT INTO PressureReading (pressure_reading_id, pressure_value, time, is_uploaded, sensor_id, activity_id) VALUES ('PR041_1_9',51,1693495619,TRUE,'SNS041_1','ACT041_1');
INSERT INTO PressureReading (pressure_reading_id, pressure_value, time, is_uploaded, sensor_id, activity_id) VALUES ('PR041_1_10',54,1693495754,TRUE,'SNS041_1','ACT041_1');
INSERT INTO PressureReading (pressure_reading_id, pressure_value, time, is_uploaded, sensor_id, activity_id) VALUES ('PR041_1_11',52,1693495890,TRUE,'SNS041_1','ACT041_1');
INSERT INTO PressureReading (pressure_reading_id, pressure_value, time, is_uploaded, sensor_id, activity_id) VALUES ('PR041_1_12',56,1693496025,TRUE,'SNS041_1','ACT041_1');
INSERT INTO PressureReading (pressure_reading_id, pressure_value, time, is_uploaded, sensor_id, activity_id) VALUES ('PR041_2_1',47,1693495119,TRUE,'SNS041_2','ACT041_2');
INSERT INTO PressureReading (pressure_reading_id, pressure_value, time, is_uploaded, sensor_id, activity_id) VALUES ('PR041_2_2',57,1693495339,TRUE,'SNS041_2','ACT041_2');
INSERT INTO PressureReading (pressure_reading_id, pressure_value, time, is_uploaded, sensor_id, activity_id) VALUES ('PR041_2_3',73,1693495558,TRUE,'SNS041_2','ACT041_2');
INSERT INTO PressureReading (pressure_reading_id, pressure_value, time, is_uploaded, sensor_id, activity_id) VALUES ('PR041_2_4',58,1693495778,TRUE,'SNS041_2','ACT041_2');
INSERT INTO PressureReading (pressure_reading_id, pressure_value, time, is_uploaded, sensor_id, activity_id) VALUES ('PR041_2_5',74,1693495997,TRUE,'SNS041_2','ACT041_2');
INSERT INTO PressureReading (pressure_reading_id, pressure_value, time, is_uploaded, sensor_id, activity_id) VALUES ('PR041_2_6',72,1693496217,TRUE,'SNS041_2','ACT041_2');
INSERT INTO PressureReading (pressure_reading_id, pressure_value, time, is_uploaded, sensor_id, activity_id) VALUES ('PR041_2_7',38,1693496436,TRUE,'SNS041_2','ACT041_2');
INSERT INTO PressureReading (pressure_reading_id, pressure_value, time, is_uploaded, sensor_id, activity_id) VALUES ('PR041_2_8',74,1693496656,TRUE,'SNS041_2','ACT041_2');
INSERT INTO PressureReading (pressure_reading_id, pressure_value, time, is_uploaded, sensor_id, activity_id) VALUES ('PR041_2_9',70,1693496876,TRUE,'SNS041_2','ACT041_2');
INSERT INTO PressureReading (pressure_reading_id, pressure_value, time, is_uploaded, sensor_id, activity_id) VALUES ('PR041_2_10',51,1693497095,TRUE,'SNS041_2','ACT041_2');
INSERT INTO PressureReading (pressure_reading_id, pressure_value, time, is_uploaded, sensor_id, activity_id) VALUES ('PR041_2_11',48,1693497315,TRUE,'SNS041_2','ACT041_2');
INSERT INTO PressureReading (pressure_reading_id, pressure_value, time, is_uploaded, sensor_id, activity_id) VALUES ('PR041_2_12',32,1693497534,TRUE,'SNS041_2','ACT041_2');
INSERT INTO PressureReading (pressure_reading_id, pressure_value, time, is_uploaded, sensor_id, activity_id) VALUES ('PR041_2_13',66,1693497754,TRUE,'SNS041_2','ACT041_2');
INSERT INTO PressureReading (pressure_reading_id, pressure_value, time, is_uploaded, sensor_id, activity_id) VALUES ('PR041_2_14',38,1693497973,TRUE,'SNS041_2','ACT041_2');
INSERT INTO PressureReading (pressure_reading_id, pressure_value, time, is_uploaded, sensor_id, activity_id) VALUES ('PR041_2_15',73,1693498193,TRUE,'SNS041_2','ACT041_2');
INSERT INTO PressureReading (pressure_reading_id, pressure_value, time, is_uploaded, sensor_id, activity_id) VALUES ('PR042_1_1',55,1693504726,TRUE,'SNS042_1','ACT042_1');
INSERT INTO PressureReading (pressure_reading_id, pressure_value, time, is_uploaded, sensor_id, activity_id) VALUES ('PR042_1_2',34,1693505053,TRUE,'SNS042_1','ACT042_1');
INSERT INTO PressureReading (pressure_reading_id, pressure_value, time, is_uploaded, sensor_id, activity_id) VALUES ('PR042_1_3',79,1693505380,TRUE,'SNS042_1','ACT042_1');
INSERT INTO PressureReading (pressure_reading_id, pressure_value, time, is_uploaded, sensor_id, activity_id) VALUES ('PR042_1_4',39,1693505707,TRUE,'SNS042_1','ACT042_1');
INSERT INTO PressureReading (pressure_reading_id, pressure_value, time, is_uploaded, sensor_id, activity_id) VALUES ('PR042_1_5',33,1693506033,TRUE,'SNS042_1','ACT042_1');
INSERT INTO PressureReading (pressure_reading_id, pressure_value, time, is_uploaded, sensor_id, activity_id) VALUES ('PR042_1_6',32,1693506360,TRUE,'SNS042_1','ACT042_1');
INSERT INTO PressureReading (pressure_reading_id, pressure_value, time, is_uploaded, sensor_id, activity_id) VALUES ('PR042_1_7',65,1693506687,TRUE,'SNS042_1','ACT042_1');
INSERT INTO PressureReading (pressure_reading_id, pressure_value, time, is_uploaded, sensor_id, activity_id) VALUES ('PR042_2_1',47,1693505052,TRUE,'SNS042_2','ACT042_2');
INSERT INTO PressureReading (pressure_reading_id, pressure_value, time, is_uploaded, sensor_id, activity_id) VALUES ('PR042_2_2',53,1693505205,TRUE,'SNS042_2','ACT042_2');
INSERT INTO PressureReading (pressure_reading_id, pressure_value, time, is_uploaded, sensor_id, activity_id) VALUES ('PR042_2_3',55,1693505357,TRUE,'SNS042_2','ACT042_2');
INSERT INTO PressureReading (pressure_reading_id, pressure_value, time, is_uploaded, sensor_id, activity_id) VALUES ('PR042_2_4',74,1693505510,TRUE,'SNS042_2','ACT042_2');
INSERT INTO PressureReading (pressure_reading_id, pressure_value, time, is_uploaded, sensor_id, activity_id) VALUES ('PR042_2_5',61,1693505663,TRUE,'SNS042_2','ACT042_2');
INSERT INTO PressureReading (pressure_reading_id, pressure_value, time, is_uploaded, sensor_id, activity_id) VALUES ('PR042_2_6',27,1693505815,TRUE,'SNS042_2','ACT042_2');
INSERT INTO PressureReading (pressure_reading_id, pressure_value, time, is_uploaded, sensor_id, activity_id) VALUES ('PR042_2_7',49,1693505968,TRUE,'SNS042_2','ACT042_2');
INSERT INTO PressureReading (pressure_reading_id, pressure_value, time, is_uploaded, sensor_id, activity_id) VALUES ('PR042_2_8',24,1693506121,TRUE,'SNS042_2','ACT042_2');
INSERT INTO PressureReading (pressure_reading_id, pressure_value, time, is_uploaded, sensor_id, activity_id) VALUES ('PR042_2_9',44,1693506273,TRUE,'SNS042_2','ACT042_2');
INSERT INTO PressureReading (pressure_reading_id, pressure_value, time, is_uploaded, sensor_id, activity_id) VALUES ('PR042_2_10',45,1693506426,TRUE,'SNS042_2','ACT042_2');
INSERT INTO PressureReading (pressure_reading_id, pressure_value, time, is_uploaded, sensor_id, activity_id) VALUES ('PR042_2_11',38,1693506579,TRUE,'SNS042_2','ACT042_2');
INSERT INTO PressureReading (pressure_reading_id, pressure_value, time, is_uploaded, sensor_id, activity_id) VALUES ('PR042_2_12',41,1693506731,TRUE,'SNS042_2','ACT042_2');
INSERT INTO PressureReading (pressure_reading_id, pressure_value, time, is_uploaded, sensor_id, activity_id) VALUES ('PR042_2_13',75,1693506884,TRUE,'SNS042_2','ACT042_2');
INSERT INTO PressureReading (pressure_reading_id, pressure_value, time, is_uploaded, sensor_id, activity_id) VALUES ('PR043_1_1',36,1693514676,TRUE,'SNS043_1','ACT043_1');
INSERT INTO PressureReading (pressure_reading_id, pressure_value, time, is_uploaded, sensor_id, activity_id) VALUES ('PR043_1_2',70,1693514953,TRUE,'SNS043_1','ACT043_1');
INSERT INTO PressureReading (pressure_reading_id, pressure_value, time, is_uploaded, sensor_id, activity_id) VALUES ('PR043_1_3',49,1693515229,TRUE,'SNS043_1','ACT043_1');
INSERT INTO PressureReading (pressure_reading_id, pressure_value, time, is_uploaded, sensor_id, activity_id) VALUES ('PR043_1_4',37,1693515506,TRUE,'SNS043_1','ACT043_1');
INSERT INTO PressureReading (pressure_reading_id, pressure_value, time, is_uploaded, sensor_id, activity_id) VALUES ('PR043_1_5',39,1693515782,TRUE,'SNS043_1','ACT043_1');
INSERT INTO PressureReading (pressure_reading_id, pressure_value, time, is_uploaded, sensor_id, activity_id) VALUES ('PR043_1_6',55,1693516059,TRUE,'SNS043_1','ACT043_1');
INSERT INTO PressureReading (pressure_reading_id, pressure_value, time, is_uploaded, sensor_id, activity_id) VALUES ('PR043_1_7',45,1693516335,TRUE,'SNS043_1','ACT043_1');
INSERT INTO PressureReading (pressure_reading_id, pressure_value, time, is_uploaded, sensor_id, activity_id) VALUES ('PR043_1_8',62,1693516612,TRUE,'SNS043_1','ACT043_1');
INSERT INTO PressureReading (pressure_reading_id, pressure_value, time, is_uploaded, sensor_id, activity_id) VALUES ('PR043_2_1',24,1693515364,TRUE,'SNS043_2','ACT043_2');
INSERT INTO PressureReading (pressure_reading_id, pressure_value, time, is_uploaded, sensor_id, activity_id) VALUES ('PR043_2_2',24,1693515829,TRUE,'SNS043_2','ACT043_2');
INSERT INTO PressureReading (pressure_reading_id, pressure_value, time, is_uploaded, sensor_id, activity_id) VALUES ('PR043_2_3',30,1693516294,TRUE,'SNS043_2','ACT043_2');
INSERT INTO PressureReading (pressure_reading_id, pressure_value, time, is_uploaded, sensor_id, activity_id) VALUES ('PR043_2_4',67,1693516758,TRUE,'SNS043_2','ACT043_2');
INSERT INTO PressureReading (pressure_reading_id, pressure_value, time, is_uploaded, sensor_id, activity_id) VALUES ('PR043_2_5',39,1693517223,TRUE,'SNS043_2','ACT043_2');
INSERT INTO PressureReading (pressure_reading_id, pressure_value, time, is_uploaded, sensor_id, activity_id) VALUES ('PR044_1_1',46,1693524550,TRUE,'SNS044_1','ACT044_1');
INSERT INTO PressureReading (pressure_reading_id, pressure_value, time, is_uploaded, sensor_id, activity_id) VALUES ('PR044_1_2',76,1693524700,TRUE,'SNS044_1','ACT044_1');
INSERT INTO PressureReading (pressure_reading_id, pressure_value, time, is_uploaded, sensor_id, activity_id) VALUES ('PR044_1_3',68,1693524850,TRUE,'SNS044_1','ACT044_1');
INSERT INTO PressureReading (pressure_reading_id, pressure_value, time, is_uploaded, sensor_id, activity_id) VALUES ('PR044_1_4',79,1693525001,TRUE,'SNS044_1','ACT044_1');
INSERT INTO PressureReading (pressure_reading_id, pressure_value, time, is_uploaded, sensor_id, activity_id) VALUES ('PR044_1_5',64,1693525151,TRUE,'SNS044_1','ACT044_1');
INSERT INTO PressureReading (pressure_reading_id, pressure_value, time, is_uploaded, sensor_id, activity_id) VALUES ('PR044_1_6',43,1693525301,TRUE,'SNS044_1','ACT044_1');
INSERT INTO PressureReading (pressure_reading_id, pressure_value, time, is_uploaded, sensor_id, activity_id) VALUES ('PR044_2_1',28,1693525017,TRUE,'SNS044_2','ACT044_2');
INSERT INTO PressureReading (pressure_reading_id, pressure_value, time, is_uploaded, sensor_id, activity_id) VALUES ('PR044_2_2',52,1693525135,TRUE,'SNS044_2','ACT044_2');
INSERT INTO PressureReading (pressure_reading_id, pressure_value, time, is_uploaded, sensor_id, activity_id) VALUES ('PR044_2_3',46,1693525252,TRUE,'SNS044_2','ACT044_2');
INSERT INTO PressureReading (pressure_reading_id, pressure_value, time, is_uploaded, sensor_id, activity_id) VALUES ('PR044_2_4',77,1693525370,TRUE,'SNS044_2','ACT044_2');
INSERT INTO PressureReading (pressure_reading_id, pressure_value, time, is_uploaded, sensor_id, activity_id) VALUES ('PR044_2_5',39,1693525487,TRUE,'SNS044_2','ACT044_2');
INSERT INTO PressureReading (pressure_reading_id, pressure_value, time, is_uploaded, sensor_id, activity_id) VALUES ('PR044_2_6',55,1693525605,TRUE,'SNS044_2','ACT044_2');
INSERT INTO PressureReading (pressure_reading_id, pressure_value, time, is_uploaded, sensor_id, activity_id) VALUES ('PR044_2_7',26,1693525722,TRUE,'SNS044_2','ACT044_2');
INSERT INTO PressureReading (pressure_reading_id, pressure_value, time, is_uploaded, sensor_id, activity_id) VALUES ('PR044_2_8',22,1693525840,TRUE,'SNS044_2','ACT044_2');
INSERT INTO PressureReading (pressure_reading_id, pressure_value, time, is_uploaded, sensor_id, activity_id) VALUES ('PR044_2_9',37,1693525957,TRUE,'SNS044_2','ACT044_2');
INSERT INTO PressureReading (pressure_reading_id, pressure_value, time, is_uploaded, sensor_id, activity_id) VALUES ('PR045_1_1',78,1693534621,TRUE,'SNS045_1','ACT045_1');
INSERT INTO PressureReading (pressure_reading_id, pressure_value, time, is_uploaded, sensor_id, activity_id) VALUES ('PR045_1_2',63,1693534843,TRUE,'SNS045_1','ACT045_1');
INSERT INTO PressureReading (pressure_reading_id, pressure_value, time, is_uploaded, sensor_id, activity_id) VALUES ('PR045_1_3',62,1693535065,TRUE,'SNS045_1','ACT045_1');
INSERT INTO PressureReading (pressure_reading_id, pressure_value, time, is_uploaded, sensor_id, activity_id) VALUES ('PR045_1_4',42,1693535287,TRUE,'SNS045_1','ACT045_1');
INSERT INTO PressureReading (pressure_reading_id, pressure_value, time, is_uploaded, sensor_id, activity_id) VALUES ('PR045_1_5',66,1693535509,TRUE,'SNS045_1','ACT045_1');
INSERT INTO PressureReading (pressure_reading_id, pressure_value, time, is_uploaded, sensor_id, activity_id) VALUES ('PR045_1_6',25,1693535731,TRUE,'SNS045_1','ACT045_1');
INSERT INTO PressureReading (pressure_reading_id, pressure_value, time, is_uploaded, sensor_id, activity_id) VALUES ('PR045_1_7',37,1693535953,TRUE,'SNS045_1','ACT045_1');
INSERT INTO PressureReading (pressure_reading_id, pressure_value, time, is_uploaded, sensor_id, activity_id) VALUES ('PR045_1_8',58,1693536175,TRUE,'SNS045_1','ACT045_1');
INSERT INTO PressureReading (pressure_reading_id, pressure_value, time, is_uploaded, sensor_id, activity_id) VALUES ('PR045_1_9',32,1693536397,TRUE,'SNS045_1','ACT045_1');
INSERT INTO PressureReading (pressure_reading_id, pressure_value, time, is_uploaded, sensor_id, activity_id) VALUES ('PR045_2_1',22,1693535170,TRUE,'SNS045_2','ACT045_2');
INSERT INTO PressureReading (pressure_reading_id, pressure_value, time, is_uploaded, sensor_id, activity_id) VALUES ('PR045_2_2',50,1693535441,TRUE,'SNS045_2','ACT045_2');
INSERT INTO PressureReading (pressure_reading_id, pressure_value, time, is_uploaded, sensor_id, activity_id) VALUES ('PR045_2_3',31,1693535711,TRUE,'SNS045_2','ACT045_2');
INSERT INTO PressureReading (pressure_reading_id, pressure_value, time, is_uploaded, sensor_id, activity_id) VALUES ('PR045_2_4',64,1693535982,TRUE,'SNS045_2','ACT045_2');
INSERT INTO PressureReading (pressure_reading_id, pressure_value, time, is_uploaded, sensor_id, activity_id) VALUES ('PR045_2_5',55,1693536252,TRUE,'SNS045_2','ACT045_2');
INSERT INTO PressureReading (pressure_reading_id, pressure_value, time, is_uploaded, sensor_id, activity_id) VALUES ('PR045_2_6',51,1693536523,TRUE,'SNS045_2','ACT045_2');
INSERT INTO PressureReading (pressure_reading_id, pressure_value, time, is_uploaded, sensor_id, activity_id) VALUES ('PR045_2_7',53,1693536793,TRUE,'SNS045_2','ACT045_2');
INSERT INTO PressureReading (pressure_reading_id, pressure_value, time, is_uploaded, sensor_id, activity_id) VALUES ('PR045_2_8',60,1693537064,TRUE,'SNS045_2','ACT045_2');
INSERT INTO PressureReading (pressure_reading_id, pressure_value, time, is_uploaded, sensor_id, activity_id) VALUES ('PR045_2_9',58,1693537334,TRUE,'SNS045_2','ACT045_2');
INSERT INTO PressureReading (pressure_reading_id, pressure_value, time, is_uploaded, sensor_id, activity_id) VALUES ('PR046_1_1',77,1693544527,TRUE,'SNS046_1','ACT046_1');
INSERT INTO PressureReading (pressure_reading_id, pressure_value, time, is_uploaded, sensor_id, activity_id) VALUES ('PR046_1_2',77,1693544654,TRUE,'SNS046_1','ACT046_1');
INSERT INTO PressureReading (pressure_reading_id, pressure_value, time, is_uploaded, sensor_id, activity_id) VALUES ('PR046_1_3',41,1693544782,TRUE,'SNS046_1','ACT046_1');
INSERT INTO PressureReading (pressure_reading_id, pressure_value, time, is_uploaded, sensor_id, activity_id) VALUES ('PR046_1_4',33,1693544909,TRUE,'SNS046_1','ACT046_1');
INSERT INTO PressureReading (pressure_reading_id, pressure_value, time, is_uploaded, sensor_id, activity_id) VALUES ('PR046_1_5',20,1693545037,TRUE,'SNS046_1','ACT046_1');
INSERT INTO PressureReading (pressure_reading_id, pressure_value, time, is_uploaded, sensor_id, activity_id) VALUES ('PR046_1_6',29,1693545164,TRUE,'SNS046_1','ACT046_1');
INSERT INTO PressureReading (pressure_reading_id, pressure_value, time, is_uploaded, sensor_id, activity_id) VALUES ('PR046_1_7',21,1693545291,TRUE,'SNS046_1','ACT046_1');
INSERT INTO PressureReading (pressure_reading_id, pressure_value, time, is_uploaded, sensor_id, activity_id) VALUES ('PR046_1_8',75,1693545419,TRUE,'SNS046_1','ACT046_1');
INSERT INTO PressureReading (pressure_reading_id, pressure_value, time, is_uploaded, sensor_id, activity_id) VALUES ('PR046_1_9',71,1693545546,TRUE,'SNS046_1','ACT046_1');
INSERT INTO PressureReading (pressure_reading_id, pressure_value, time, is_uploaded, sensor_id, activity_id) VALUES ('PR046_2_1',68,1693545058,TRUE,'SNS046_2','ACT046_2');
INSERT INTO PressureReading (pressure_reading_id, pressure_value, time, is_uploaded, sensor_id, activity_id) VALUES ('PR046_2_2',51,1693545216,TRUE,'SNS046_2','ACT046_2');
INSERT INTO PressureReading (pressure_reading_id, pressure_value, time, is_uploaded, sensor_id, activity_id) VALUES ('PR046_2_3',47,1693545375,TRUE,'SNS046_2','ACT046_2');
INSERT INTO PressureReading (pressure_reading_id, pressure_value, time, is_uploaded, sensor_id, activity_id) VALUES ('PR046_2_4',30,1693545533,TRUE,'SNS046_2','ACT046_2');
INSERT INTO PressureReading (pressure_reading_id, pressure_value, time, is_uploaded, sensor_id, activity_id) VALUES ('PR046_2_5',73,1693545692,TRUE,'SNS046_2','ACT046_2');
INSERT INTO PressureReading (pressure_reading_id, pressure_value, time, is_uploaded, sensor_id, activity_id) VALUES ('PR046_2_6',22,1693545850,TRUE,'SNS046_2','ACT046_2');
INSERT INTO PressureReading (pressure_reading_id, pressure_value, time, is_uploaded, sensor_id, activity_id) VALUES ('PR046_2_7',54,1693546009,TRUE,'SNS046_2','ACT046_2');
INSERT INTO PressureReading (pressure_reading_id, pressure_value, time, is_uploaded, sensor_id, activity_id) VALUES ('PR046_2_8',77,1693546167,TRUE,'SNS046_2','ACT046_2');
INSERT INTO PressureReading (pressure_reading_id, pressure_value, time, is_uploaded, sensor_id, activity_id) VALUES ('PR047_1_1',43,1693554595,TRUE,'SNS047_1','ACT047_1');
INSERT INTO PressureReading (pressure_reading_id, pressure_value, time, is_uploaded, sensor_id, activity_id) VALUES ('PR047_1_2',34,1693554791,TRUE,'SNS047_1','ACT047_1');
INSERT INTO PressureReading (pressure_reading_id, pressure_value, time, is_uploaded, sensor_id, activity_id) VALUES ('PR047_1_3',56,1693554986,TRUE,'SNS047_1','ACT047_1');
INSERT INTO PressureReading (pressure_reading_id, pressure_value, time, is_uploaded, sensor_id, activity_id) VALUES ('PR047_1_4',27,1693555182,TRUE,'SNS047_1','ACT047_1');
INSERT INTO PressureReading (pressure_reading_id, pressure_value, time, is_uploaded, sensor_id, activity_id) VALUES ('PR047_1_5',60,1693555377,TRUE,'SNS047_1','ACT047_1');
INSERT INTO PressureReading (pressure_reading_id, pressure_value, time, is_uploaded, sensor_id, activity_id) VALUES ('PR047_1_6',57,1693555573,TRUE,'SNS047_1','ACT047_1');
INSERT INTO PressureReading (pressure_reading_id, pressure_value, time, is_uploaded, sensor_id, activity_id) VALUES ('PR047_1_7',50,1693555768,TRUE,'SNS047_1','ACT047_1');
INSERT INTO PressureReading (pressure_reading_id, pressure_value, time, is_uploaded, sensor_id, activity_id) VALUES ('PR047_1_8',39,1693555964,TRUE,'SNS047_1','ACT047_1');
INSERT INTO PressureReading (pressure_reading_id, pressure_value, time, is_uploaded, sensor_id, activity_id) VALUES ('PR047_1_9',54,1693556159,TRUE,'SNS047_1','ACT047_1');
INSERT INTO PressureReading (pressure_reading_id, pressure_value, time, is_uploaded, sensor_id, activity_id) VALUES ('PR047_1_10',45,1693556355,TRUE,'SNS047_1','ACT047_1');
INSERT INTO PressureReading (pressure_reading_id, pressure_value, time, is_uploaded, sensor_id, activity_id) VALUES ('PR047_1_11',69,1693556550,TRUE,'SNS047_1','ACT047_1');
INSERT INTO PressureReading (pressure_reading_id, pressure_value, time, is_uploaded, sensor_id, activity_id) VALUES ('PR047_1_12',67,1693556746,TRUE,'SNS047_1','ACT047_1');
INSERT INTO PressureReading (pressure_reading_id, pressure_value, time, is_uploaded, sensor_id, activity_id) VALUES ('PR047_1_13',23,1693556941,TRUE,'SNS047_1','ACT047_1');
INSERT INTO PressureReading (pressure_reading_id, pressure_value, time, is_uploaded, sensor_id, activity_id) VALUES ('PR047_2_1',70,1693555194,TRUE,'SNS047_2','ACT047_2');
INSERT INTO PressureReading (pressure_reading_id, pressure_value, time, is_uploaded, sensor_id, activity_id) VALUES ('PR047_2_2',63,1693555488,TRUE,'SNS047_2','ACT047_2');
INSERT INTO PressureReading (pressure_reading_id, pressure_value, time, is_uploaded, sensor_id, activity_id) VALUES ('PR047_2_3',55,1693555782,TRUE,'SNS047_2','ACT047_2');
INSERT INTO PressureReading (pressure_reading_id, pressure_value, time, is_uploaded, sensor_id, activity_id) VALUES ('PR047_2_4',48,1693556076,TRUE,'SNS047_2','ACT047_2');
INSERT INTO PressureReading (pressure_reading_id, pressure_value, time, is_uploaded, sensor_id, activity_id) VALUES ('PR047_2_5',39,1693556370,TRUE,'SNS047_2','ACT047_2');
INSERT INTO PressureReading (pressure_reading_id, pressure_value, time, is_uploaded, sensor_id, activity_id) VALUES ('PR047_2_6',69,1693556664,TRUE,'SNS047_2','ACT047_2');
INSERT INTO PressureReading (pressure_reading_id, pressure_value, time, is_uploaded, sensor_id, activity_id) VALUES ('PR047_2_7',59,1693556958,TRUE,'SNS047_2','ACT047_2');
INSERT INTO PressureReading (pressure_reading_id, pressure_value, time, is_uploaded, sensor_id, activity_id) VALUES ('PR047_2_8',67,1693557252,TRUE,'SNS047_2','ACT047_2');
INSERT INTO PressureReading (pressure_reading_id, pressure_value, time, is_uploaded, sensor_id, activity_id) VALUES ('PR047_2_9',56,1693557546,TRUE,'SNS047_2','ACT047_2');
INSERT INTO PressureReading (pressure_reading_id, pressure_value, time, is_uploaded, sensor_id, activity_id) VALUES ('PR047_2_10',49,1693557840,TRUE,'SNS047_2','ACT047_2');
INSERT INTO PressureReading (pressure_reading_id, pressure_value, time, is_uploaded, sensor_id, activity_id) VALUES ('PR048_1_1',37,1693564600,TRUE,'SNS048_1','ACT048_1');
INSERT INTO PressureReading (pressure_reading_id, pressure_value, time, is_uploaded, sensor_id, activity_id) VALUES ('PR048_1_2',25,1693564800,TRUE,'SNS048_1','ACT048_1');
INSERT INTO PressureReading (pressure_reading_id, pressure_value, time, is_uploaded, sensor_id, activity_id) VALUES ('PR048_1_3',41,1693565000,TRUE,'SNS048_1','ACT048_1');
INSERT INTO PressureReading (pressure_reading_id, pressure_value, time, is_uploaded, sensor_id, activity_id) VALUES ('PR048_1_4',39,1693565200,TRUE,'SNS048_1','ACT048_1');
INSERT INTO PressureReading (pressure_reading_id, pressure_value, time, is_uploaded, sensor_id, activity_id) VALUES ('PR048_1_5',31,1693565401,TRUE,'SNS048_1','ACT048_1');
INSERT INTO PressureReading (pressure_reading_id, pressure_value, time, is_uploaded, sensor_id, activity_id) VALUES ('PR048_1_6',61,1693565601,TRUE,'SNS048_1','ACT048_1');
INSERT INTO PressureReading (pressure_reading_id, pressure_value, time, is_uploaded, sensor_id, activity_id) VALUES ('PR048_1_7',51,1693565801,TRUE,'SNS048_1','ACT048_1');
INSERT INTO PressureReading (pressure_reading_id, pressure_value, time, is_uploaded, sensor_id, activity_id) VALUES ('PR048_1_8',33,1693566001,TRUE,'SNS048_1','ACT048_1');
INSERT INTO PressureReading (pressure_reading_id, pressure_value, time, is_uploaded, sensor_id, activity_id) VALUES ('PR048_1_9',50,1693566202,TRUE,'SNS048_1','ACT048_1');
INSERT INTO PressureReading (pressure_reading_id, pressure_value, time, is_uploaded, sensor_id, activity_id) VALUES ('PR048_1_10',54,1693566402,TRUE,'SNS048_1','ACT048_1');
INSERT INTO PressureReading (pressure_reading_id, pressure_value, time, is_uploaded, sensor_id, activity_id) VALUES ('PR048_1_11',54,1693566602,TRUE,'SNS048_1','ACT048_1');
INSERT INTO PressureReading (pressure_reading_id, pressure_value, time, is_uploaded, sensor_id, activity_id) VALUES ('PR048_1_12',76,1693566802,TRUE,'SNS048_1','ACT048_1');
INSERT INTO PressureReading (pressure_reading_id, pressure_value, time, is_uploaded, sensor_id, activity_id) VALUES ('PR048_2_1',45,1693564989,TRUE,'SNS048_2','ACT048_2');
INSERT INTO PressureReading (pressure_reading_id, pressure_value, time, is_uploaded, sensor_id, activity_id) VALUES ('PR048_2_2',62,1693565078,TRUE,'SNS048_2','ACT048_2');
INSERT INTO PressureReading (pressure_reading_id, pressure_value, time, is_uploaded, sensor_id, activity_id) VALUES ('PR048_2_3',23,1693565167,TRUE,'SNS048_2','ACT048_2');
INSERT INTO PressureReading (pressure_reading_id, pressure_value, time, is_uploaded, sensor_id, activity_id) VALUES ('PR048_2_4',52,1693565256,TRUE,'SNS048_2','ACT048_2');
INSERT INTO PressureReading (pressure_reading_id, pressure_value, time, is_uploaded, sensor_id, activity_id) VALUES ('PR048_2_5',21,1693565345,TRUE,'SNS048_2','ACT048_2');
INSERT INTO PressureReading (pressure_reading_id, pressure_value, time, is_uploaded, sensor_id, activity_id) VALUES ('PR048_2_6',23,1693565434,TRUE,'SNS048_2','ACT048_2');
INSERT INTO PressureReading (pressure_reading_id, pressure_value, time, is_uploaded, sensor_id, activity_id) VALUES ('PR049_1_1',58,1693574553,TRUE,'SNS049_1','ACT049_1');
INSERT INTO PressureReading (pressure_reading_id, pressure_value, time, is_uploaded, sensor_id, activity_id) VALUES ('PR049_1_2',67,1693574706,TRUE,'SNS049_1','ACT049_1');
INSERT INTO PressureReading (pressure_reading_id, pressure_value, time, is_uploaded, sensor_id, activity_id) VALUES ('PR049_1_3',31,1693574859,TRUE,'SNS049_1','ACT049_1');
INSERT INTO PressureReading (pressure_reading_id, pressure_value, time, is_uploaded, sensor_id, activity_id) VALUES ('PR049_1_4',49,1693575012,TRUE,'SNS049_1','ACT049_1');
INSERT INTO PressureReading (pressure_reading_id, pressure_value, time, is_uploaded, sensor_id, activity_id) VALUES ('PR049_1_5',43,1693575165,TRUE,'SNS049_1','ACT049_1');
INSERT INTO PressureReading (pressure_reading_id, pressure_value, time, is_uploaded, sensor_id, activity_id) VALUES ('PR049_1_6',29,1693575318,TRUE,'SNS049_1','ACT049_1');
INSERT INTO PressureReading (pressure_reading_id, pressure_value, time, is_uploaded, sensor_id, activity_id) VALUES ('PR049_1_7',59,1693575471,TRUE,'SNS049_1','ACT049_1');
INSERT INTO PressureReading (pressure_reading_id, pressure_value, time, is_uploaded, sensor_id, activity_id) VALUES ('PR049_1_8',71,1693575625,TRUE,'SNS049_1','ACT049_1');
INSERT INTO PressureReading (pressure_reading_id, pressure_value, time, is_uploaded, sensor_id, activity_id) VALUES ('PR049_1_9',62,1693575778,TRUE,'SNS049_1','ACT049_1');
INSERT INTO PressureReading (pressure_reading_id, pressure_value, time, is_uploaded, sensor_id, activity_id) VALUES ('PR049_1_10',31,1693575931,TRUE,'SNS049_1','ACT049_1');
INSERT INTO PressureReading (pressure_reading_id, pressure_value, time, is_uploaded, sensor_id, activity_id) VALUES ('PR049_1_11',60,1693576084,TRUE,'SNS049_1','ACT049_1');
INSERT INTO PressureReading (pressure_reading_id, pressure_value, time, is_uploaded, sensor_id, activity_id) VALUES ('PR049_1_12',44,1693576237,TRUE,'SNS049_1','ACT049_1');
INSERT INTO PressureReading (pressure_reading_id, pressure_value, time, is_uploaded, sensor_id, activity_id) VALUES ('PR049_1_13',21,1693576390,TRUE,'SNS049_1','ACT049_1');
INSERT INTO PressureReading (pressure_reading_id, pressure_value, time, is_uploaded, sensor_id, activity_id) VALUES ('PR049_1_14',31,1693576543,TRUE,'SNS049_1','ACT049_1');
INSERT INTO PressureReading (pressure_reading_id, pressure_value, time, is_uploaded, sensor_id, activity_id) VALUES ('PR049_2_1',23,1693575140,TRUE,'SNS049_2','ACT049_2');
INSERT INTO PressureReading (pressure_reading_id, pressure_value, time, is_uploaded, sensor_id, activity_id) VALUES ('PR049_2_2',76,1693575381,TRUE,'SNS049_2','ACT049_2');
INSERT INTO PressureReading (pressure_reading_id, pressure_value, time, is_uploaded, sensor_id, activity_id) VALUES ('PR049_2_3',26,1693575622,TRUE,'SNS049_2','ACT049_2');
INSERT INTO PressureReading (pressure_reading_id, pressure_value, time, is_uploaded, sensor_id, activity_id) VALUES ('PR049_2_4',76,1693575862,TRUE,'SNS049_2','ACT049_2');
INSERT INTO PressureReading (pressure_reading_id, pressure_value, time, is_uploaded, sensor_id, activity_id) VALUES ('PR049_2_5',55,1693576103,TRUE,'SNS049_2','ACT049_2');
INSERT INTO PressureReading (pressure_reading_id, pressure_value, time, is_uploaded, sensor_id, activity_id) VALUES ('PR049_2_6',74,1693576344,TRUE,'SNS049_2','ACT049_2');
INSERT INTO PressureReading (pressure_reading_id, pressure_value, time, is_uploaded, sensor_id, activity_id) VALUES ('PR049_2_7',26,1693576584,TRUE,'SNS049_2','ACT049_2');
INSERT INTO PressureReading (pressure_reading_id, pressure_value, time, is_uploaded, sensor_id, activity_id) VALUES ('PR049_2_8',39,1693576825,TRUE,'SNS049_2','ACT049_2');
INSERT INTO PressureReading (pressure_reading_id, pressure_value, time, is_uploaded, sensor_id, activity_id) VALUES ('PR049_2_9',67,1693577066,TRUE,'SNS049_2','ACT049_2');
INSERT INTO PressureReading (pressure_reading_id, pressure_value, time, is_uploaded, sensor_id, activity_id) VALUES ('PR049_2_10',48,1693577306,TRUE,'SNS049_2','ACT049_2');
INSERT INTO PressureReading (pressure_reading_id, pressure_value, time, is_uploaded, sensor_id, activity_id) VALUES ('PR049_2_11',39,1693577547,TRUE,'SNS049_2','ACT049_2');
INSERT INTO PressureReading (pressure_reading_id, pressure_value, time, is_uploaded, sensor_id, activity_id) VALUES ('PR050_1_1',39,1693584461,TRUE,'SNS050_1','ACT050_1');
INSERT INTO PressureReading (pressure_reading_id, pressure_value, time, is_uploaded, sensor_id, activity_id) VALUES ('PR050_1_2',41,1693584523,TRUE,'SNS050_1','ACT050_1');
INSERT INTO PressureReading (pressure_reading_id, pressure_value, time, is_uploaded, sensor_id, activity_id) VALUES ('PR050_1_3',54,1693584585,TRUE,'SNS050_1','ACT050_1');
INSERT INTO PressureReading (pressure_reading_id, pressure_value, time, is_uploaded, sensor_id, activity_id) VALUES ('PR050_1_4',22,1693584646,TRUE,'SNS050_1','ACT050_1');
INSERT INTO PressureReading (pressure_reading_id, pressure_value, time, is_uploaded, sensor_id, activity_id) VALUES ('PR050_1_5',60,1693584708,TRUE,'SNS050_1','ACT050_1');
INSERT INTO PressureReading (pressure_reading_id, pressure_value, time, is_uploaded, sensor_id, activity_id) VALUES ('PR050_1_6',70,1693584770,TRUE,'SNS050_1','ACT050_1');
INSERT INTO PressureReading (pressure_reading_id, pressure_value, time, is_uploaded, sensor_id, activity_id) VALUES ('PR050_1_7',62,1693584831,TRUE,'SNS050_1','ACT050_1');
INSERT INTO PressureReading (pressure_reading_id, pressure_value, time, is_uploaded, sensor_id, activity_id) VALUES ('PR050_1_8',39,1693584893,TRUE,'SNS050_1','ACT050_1');
INSERT INTO PressureReading (pressure_reading_id, pressure_value, time, is_uploaded, sensor_id, activity_id) VALUES ('PR050_1_9',68,1693584955,TRUE,'SNS050_1','ACT050_1');
INSERT INTO PressureReading (pressure_reading_id, pressure_value, time, is_uploaded, sensor_id, activity_id) VALUES ('PR050_1_10',26,1693585016,TRUE,'SNS050_1','ACT050_1');
INSERT INTO PressureReading (pressure_reading_id, pressure_value, time, is_uploaded, sensor_id, activity_id) VALUES ('PR050_1_11',43,1693585078,TRUE,'SNS050_1','ACT050_1');
INSERT INTO PressureReading (pressure_reading_id, pressure_value, time, is_uploaded, sensor_id, activity_id) VALUES ('PR050_2_1',24,1693584992,TRUE,'SNS050_2','ACT050_2');
INSERT INTO PressureReading (pressure_reading_id, pressure_value, time, is_uploaded, sensor_id, activity_id) VALUES ('PR050_2_2',68,1693585084,TRUE,'SNS050_2','ACT050_2');
INSERT INTO PressureReading (pressure_reading_id, pressure_value, time, is_uploaded, sensor_id, activity_id) VALUES ('PR050_2_3',58,1693585177,TRUE,'SNS050_2','ACT050_2');
INSERT INTO PressureReading (pressure_reading_id, pressure_value, time, is_uploaded, sensor_id, activity_id) VALUES ('PR050_2_4',36,1693585269,TRUE,'SNS050_2','ACT050_2');
INSERT INTO PressureReading (pressure_reading_id, pressure_value, time, is_uploaded, sensor_id, activity_id) VALUES ('PR050_2_5',32,1693585362,TRUE,'SNS050_2','ACT050_2');
INSERT INTO PressureReading (pressure_reading_id, pressure_value, time, is_uploaded, sensor_id, activity_id) VALUES ('PR050_2_6',63,1693585454,TRUE,'SNS050_2','ACT050_2');
INSERT INTO PressureReading (pressure_reading_id, pressure_value, time, is_uploaded, sensor_id, activity_id) VALUES ('PR050_2_7',47,1693585547,TRUE,'SNS050_2','ACT050_2');
INSERT INTO PressureReading (pressure_reading_id, pressure_value, time, is_uploaded, sensor_id, activity_id) VALUES ('PR050_2_8',38,1693585639,TRUE,'SNS050_2','ACT050_2');
INSERT INTO PressureReading (pressure_reading_id, pressure_value, time, is_uploaded, sensor_id, activity_id) VALUES ('PR050_2_9',25,1693585732,TRUE,'SNS050_2','ACT050_2');
INSERT INTO PressureReading (pressure_reading_id, pressure_value, time, is_uploaded, sensor_id, activity_id) VALUES ('PR050_2_10',72,1693585824,TRUE,'SNS050_2','ACT050_2');
INSERT INTO PressureReading (pressure_reading_id, pressure_value, time, is_uploaded, sensor_id, activity_id) VALUES ('PR050_2_11',32,1693585917,TRUE,'SNS050_2','ACT050_2');
INSERT INTO PressureReading (pressure_reading_id, pressure_value, time, is_uploaded, sensor_id, activity_id) VALUES ('PR050_2_12',25,1693586009,TRUE,'SNS050_2','ACT050_2');
