-- Admins
INSERT INTO Admin (admin_id, first_name, last_name, email, password_hash) VALUES ('ADM001','AdminF1','AdminL1','admin1@system.com','hashed_pw_admin1');
INSERT INTO Admin (admin_id, first_name, last_name, email, password_hash) VALUES ('ADM002','AdminF2','AdminL2','admin2@system.com','hashed_pw_admin2');
INSERT INTO Admin (admin_id, first_name, last_name, email, password_hash) VALUES ('ADM003','AdminF3','AdminL3','admin3@system.com','hashed_pw_admin3');
INSERT INTO Admin (admin_id, first_name, last_name, email, password_hash) VALUES ('ADM004','AdminF4','AdminL4','admin4@system.com','hashed_pw_admin4');
INSERT INTO Admin (admin_id, first_name, last_name, email, password_hash) VALUES ('ADM005','AdminF5','AdminL5','admin5@system.com','hashed_pw_admin5');

-- Clinicians
INSERT INTO Clinician (clinician_id, first_name, last_name, email, password_hash) VALUES ('CLIN001','ClinF1','ClinL1','clin1@clinic.com','hashed_pw_clin1');
INSERT INTO Clinician (clinician_id, first_name, last_name, email, password_hash) VALUES ('CLIN002','ClinF2','ClinL2','clin2@clinic.com','hashed_pw_clin2');
INSERT INTO Clinician (clinician_id, first_name, last_name, email, password_hash) VALUES ('CLIN003','ClinF3','ClinL3','clin3@clinic.com','hashed_pw_clin3');
INSERT INTO Clinician (clinician_id, first_name, last_name, email, password_hash) VALUES ('CLIN004','ClinF4','ClinL4','clin4@clinic.com','hashed_pw_clin4');
INSERT INTO Clinician (clinician_id, first_name, last_name, email, password_hash) VALUES ('CLIN005','ClinF5','ClinL5','clin5@clinic.com','hashed_pw_clin5');
INSERT INTO Clinician (clinician_id, first_name, last_name, email, password_hash) VALUES ('CLIN006','ClinF6','ClinL6','clin6@clinic.com','hashed_pw_clin6');
INSERT INTO Clinician (clinician_id, first_name, last_name, email, password_hash) VALUES ('CLIN007','ClinF7','ClinL7','clin7@clinic.com','hashed_pw_clin7');
INSERT INTO Clinician (clinician_id, first_name, last_name, email, password_hash) VALUES ('CLIN008','ClinF8','ClinL8','clin8@clinic.com','hashed_pw_clin8');
INSERT INTO Clinician (clinician_id, first_name, last_name, email, password_hash) VALUES ('CLIN009','ClinF9','ClinL9','clin9@clinic.com','hashed_pw_clin9');
INSERT INTO Clinician (clinician_id, first_name, last_name, email, password_hash) VALUES ('CLIN010','ClinF10','ClinL10','clin10@clinic.com','hashed_pw_clin10');

-- Patients
INSERT INTO Patient (patient_id, first_name, last_name, height, weight, amputation_type, prosthetic_type, email, password_hash, user_id, clinician_id) VALUES ('PAT001','PatF1','PatL1','171','51','Below Knee','Blatchford Linx','pat1@patient.com','hashed_pw_pat1','USER001','CLIN007');
INSERT INTO Patient (patient_id, first_name, last_name, height, weight, amputation_type, prosthetic_type, email, password_hash, user_id, clinician_id) VALUES ('PAT002','PatF2','PatL2','161','77','Above Knee','Bebionic Arm','pat2@patient.com','hashed_pw_pat2','USER002','CLIN001');
INSERT INTO Patient (patient_id, first_name, last_name, height, weight, amputation_type, prosthetic_type, email, password_hash, user_id, clinician_id) VALUES ('PAT003','PatF3','PatL3','160','87','Above Knee','Bebionic Arm','pat3@patient.com','hashed_pw_pat3','USER003','CLIN002');
INSERT INTO Patient (patient_id, first_name, last_name, height, weight, amputation_type, prosthetic_type, email, password_hash, user_id, clinician_id) VALUES ('PAT004','PatF4','PatL4','175','54','Below Elbow','Blatchford Linx','pat4@patient.com','hashed_pw_pat4','USER004','CLIN004');
INSERT INTO Patient (patient_id, first_name, last_name, height, weight, amputation_type, prosthetic_type, email, password_hash, user_id, clinician_id) VALUES ('PAT005','PatF5','PatL5','183','72','Above Elbow','Bebionic Arm','pat5@patient.com','hashed_pw_pat5','USER005','CLIN007');
INSERT INTO Patient (patient_id, first_name, last_name, height, weight, amputation_type, prosthetic_type, email, password_hash, user_id, clinician_id) VALUES ('PAT006','PatF6','PatL6','152','61','Above Knee','Blatchford Linx','pat6@patient.com','hashed_pw_pat6','USER006','CLIN004');
INSERT INTO Patient (patient_id, first_name, last_name, height, weight, amputation_type, prosthetic_type, email, password_hash, user_id, clinician_id) VALUES ('PAT007','PatF7','PatL7','174','58','Above Knee','Ottobock Genium','pat7@patient.com','hashed_pw_pat7','USER007','CLIN006');
INSERT INTO Patient (patient_id, first_name, last_name, height, weight, amputation_type, prosthetic_type, email, password_hash, user_id, clinician_id) VALUES ('PAT008','PatF8','PatL8','156','86','Below Elbow','Blatchford Linx','pat8@patient.com','hashed_pw_pat8','USER008','CLIN005');
INSERT INTO Patient (patient_id, first_name, last_name, height, weight, amputation_type, prosthetic_type, email, password_hash, user_id, clinician_id) VALUES ('PAT009','PatF9','PatL9','163','72','Above Knee','Blatchford Linx','pat9@patient.com','hashed_pw_pat9','USER009','CLIN003');
INSERT INTO Patient (patient_id, first_name, last_name, height, weight, amputation_type, prosthetic_type, email, password_hash, user_id, clinician_id) VALUES ('PAT010','PatF10','PatL10','167','51','Above Knee','Blatchford Linx','pat10@patient.com','hashed_pw_pat10','USER010','CLIN010');
INSERT INTO Patient (patient_id, first_name, last_name, height, weight, amputation_type, prosthetic_type, email, password_hash, user_id, clinician_id) VALUES ('PAT011','PatF11','PatL11','161','64','Above Elbow','Bebionic Arm','pat11@patient.com','hashed_pw_pat11','USER011','CLIN005');
INSERT INTO Patient (patient_id, first_name, last_name, height, weight, amputation_type, prosthetic_type, email, password_hash, user_id, clinician_id) VALUES ('PAT012','PatF12','PatL12','187','61','Above Knee','Bebionic Arm','pat12@patient.com','hashed_pw_pat12','USER012','CLIN007');
INSERT INTO Patient (patient_id, first_name, last_name, height, weight, amputation_type, prosthetic_type, email, password_hash, user_id, clinician_id) VALUES ('PAT013','PatF13','PatL13','156','66','Below Knee','Blatchford Linx','pat13@patient.com','hashed_pw_pat13','USER013','CLIN004');
INSERT INTO Patient (patient_id, first_name, last_name, height, weight, amputation_type, prosthetic_type, email, password_hash, user_id, clinician_id) VALUES ('PAT014','PatF14','PatL14','179','68','Below Elbow','Ottobock Genium','pat14@patient.com','hashed_pw_pat14','USER014','CLIN007');
INSERT INTO Patient (patient_id, first_name, last_name, height, weight, amputation_type, prosthetic_type, email, password_hash, user_id, clinician_id) VALUES ('PAT015','PatF15','PatL15','163','75','Above Knee','Blatchford Linx','pat15@patient.com','hashed_pw_pat15','USER015','CLIN006');
INSERT INTO Patient (patient_id, first_name, last_name, height, weight, amputation_type, prosthetic_type, email, password_hash, user_id, clinician_id) VALUES ('PAT016','PatF16','PatL16','169','65','Above Knee','Bebionic Arm','pat16@patient.com','hashed_pw_pat16','USER016','CLIN001');
INSERT INTO Patient (patient_id, first_name, last_name, height, weight, amputation_type, prosthetic_type, email, password_hash, user_id, clinician_id) VALUES ('PAT017','PatF17','PatL17','181','59','Above Elbow','Bebionic Arm','pat17@patient.com','hashed_pw_pat17','USER017','CLIN001');
INSERT INTO Patient (patient_id, first_name, last_name, height, weight, amputation_type, prosthetic_type, email, password_hash, user_id, clinician_id) VALUES ('PAT018','PatF18','PatL18','182','67','Below Elbow','Bebionic Arm','pat18@patient.com','hashed_pw_pat18','USER018','CLIN008');
INSERT INTO Patient (patient_id, first_name, last_name, height, weight, amputation_type, prosthetic_type, email, password_hash, user_id, clinician_id) VALUES ('PAT019','PatF19','PatL19','159','56','Below Knee','Ottobock Genium','pat19@patient.com','hashed_pw_pat19','USER019','CLIN003');
INSERT INTO Patient (patient_id, first_name, last_name, height, weight, amputation_type, prosthetic_type, email, password_hash, user_id, clinician_id) VALUES ('PAT020','PatF20','PatL20','172','71','Above Elbow','Blatchford Linx','pat20@patient.com','hashed_pw_pat20','USER020','CLIN006');
INSERT INTO Patient (patient_id, first_name, last_name, height, weight, amputation_type, prosthetic_type, email, password_hash, user_id, clinician_id) VALUES ('PAT021','PatF21','PatL21','160','88','Above Elbow','Össur Rheo Knee','pat21@patient.com','hashed_pw_pat21','USER021','CLIN003');
INSERT INTO Patient (patient_id, first_name, last_name, height, weight, amputation_type, prosthetic_type, email, password_hash, user_id, clinician_id) VALUES ('PAT022','PatF22','PatL22','178','71','Above Knee','Ottobock Genium','pat22@patient.com','hashed_pw_pat22','USER022','CLIN002');
INSERT INTO Patient (patient_id, first_name, last_name, height, weight, amputation_type, prosthetic_type, email, password_hash, user_id, clinician_id) VALUES ('PAT023','PatF23','PatL23','177','67','Below Knee','Blatchford Linx','pat23@patient.com','hashed_pw_pat23','USER023','CLIN004');
INSERT INTO Patient (patient_id, first_name, last_name, height, weight, amputation_type, prosthetic_type, email, password_hash, user_id, clinician_id) VALUES ('PAT024','PatF24','PatL24','186','89','Above Knee','Ottobock Genium','pat24@patient.com','hashed_pw_pat24','USER024','CLIN006');
INSERT INTO Patient (patient_id, first_name, last_name, height, weight, amputation_type, prosthetic_type, email, password_hash, user_id, clinician_id) VALUES ('PAT025','PatF25','PatL25','170','90','Above Elbow','Össur Rheo Knee','pat25@patient.com','hashed_pw_pat25','USER025','CLIN005');
INSERT INTO Patient (patient_id, first_name, last_name, height, weight, amputation_type, prosthetic_type, email, password_hash, user_id, clinician_id) VALUES ('PAT026','PatF26','PatL26','163','88','Above Elbow','Ottobock Genium','pat26@patient.com','hashed_pw_pat26','USER026','CLIN006');
INSERT INTO Patient (patient_id, first_name, last_name, height, weight, amputation_type, prosthetic_type, email, password_hash, user_id, clinician_id) VALUES ('PAT027','PatF27','PatL27','157','80','Above Knee','Ottobock Genium','pat27@patient.com','hashed_pw_pat27','USER027','CLIN002');
INSERT INTO Patient (patient_id, first_name, last_name, height, weight, amputation_type, prosthetic_type, email, password_hash, user_id, clinician_id) VALUES ('PAT028','PatF28','PatL28','163','59','Below Knee','Ottobock Genium','pat28@patient.com','hashed_pw_pat28','USER028','CLIN006');
INSERT INTO Patient (patient_id, first_name, last_name, height, weight, amputation_type, prosthetic_type, email, password_hash, user_id, clinician_id) VALUES ('PAT029','PatF29','PatL29','190','50','Below Knee','Blatchford Linx','pat29@patient.com','hashed_pw_pat29','USER029','CLIN003');
INSERT INTO Patient (patient_id, first_name, last_name, height, weight, amputation_type, prosthetic_type, email, password_hash, user_id, clinician_id) VALUES ('PAT030','PatF30','PatL30','178','80','Below Elbow','Ottobock Genium','pat30@patient.com','hashed_pw_pat30','USER030','CLIN004');
INSERT INTO Patient (patient_id, first_name, last_name, height, weight, amputation_type, prosthetic_type, email, password_hash, user_id, clinician_id) VALUES ('PAT031','PatF31','PatL31','155','72','Above Knee','Blatchford Linx','pat31@patient.com','hashed_pw_pat31','USER031','CLIN007');
INSERT INTO Patient (patient_id, first_name, last_name, height, weight, amputation_type, prosthetic_type, email, password_hash, user_id, clinician_id) VALUES ('PAT032','PatF32','PatL32','173','62','Below Knee','Blatchford Linx','pat32@patient.com','hashed_pw_pat32','USER032','CLIN007');
INSERT INTO Patient (patient_id, first_name, last_name, height, weight, amputation_type, prosthetic_type, email, password_hash, user_id, clinician_id) VALUES ('PAT033','PatF33','PatL33','190','71','Below Knee','Ottobock Genium','pat33@patient.com','hashed_pw_pat33','USER033','CLIN003');
INSERT INTO Patient (patient_id, first_name, last_name, height, weight, amputation_type, prosthetic_type, email, password_hash, user_id, clinician_id) VALUES ('PAT034','PatF34','PatL34','170','59','Above Knee','Ottobock Genium','pat34@patient.com','hashed_pw_pat34','USER034','CLIN002');
INSERT INTO Patient (patient_id, first_name, last_name, height, weight, amputation_type, prosthetic_type, email, password_hash, user_id, clinician_id) VALUES ('PAT035','PatF35','PatL35','161','82','Below Elbow','Ottobock Genium','pat35@patient.com','hashed_pw_pat35','USER035','CLIN001');
INSERT INTO Patient (patient_id, first_name, last_name, height, weight, amputation_type, prosthetic_type, email, password_hash, user_id, clinician_id) VALUES ('PAT036','PatF36','PatL36','169','78','Above Knee','Ottobock Genium','pat36@patient.com','hashed_pw_pat36','USER036','CLIN003');
INSERT INTO Patient (patient_id, first_name, last_name, height, weight, amputation_type, prosthetic_type, email, password_hash, user_id, clinician_id) VALUES ('PAT037','PatF37','PatL37','168','86','Below Elbow','Blatchford Linx','pat37@patient.com','hashed_pw_pat37','USER037','CLIN001');
INSERT INTO Patient (patient_id, first_name, last_name, height, weight, amputation_type, prosthetic_type, email, password_hash, user_id, clinician_id) VALUES ('PAT038','PatF38','PatL38','175','56','Above Elbow','Bebionic Arm','pat38@patient.com','hashed_pw_pat38','USER038','CLIN006');
INSERT INTO Patient (patient_id, first_name, last_name, height, weight, amputation_type, prosthetic_type, email, password_hash, user_id, clinician_id) VALUES ('PAT039','PatF39','PatL39','155','84','Above Elbow','Össur Rheo Knee','pat39@patient.com','hashed_pw_pat39','USER039','CLIN010');
INSERT INTO Patient (patient_id, first_name, last_name, height, weight, amputation_type, prosthetic_type, email, password_hash, user_id, clinician_id) VALUES ('PAT040','PatF40','PatL40','171','56','Above Elbow','Ottobock Genium','pat40@patient.com','hashed_pw_pat40','USER040','CLIN009');
INSERT INTO Patient (patient_id, first_name, last_name, height, weight, amputation_type, prosthetic_type, email, password_hash, user_id, clinician_id) VALUES ('PAT041','PatF41','PatL41','180','86','Below Knee','Bebionic Arm','pat41@patient.com','hashed_pw_pat41','USER041','CLIN004');
INSERT INTO Patient (patient_id, first_name, last_name, height, weight, amputation_type, prosthetic_type, email, password_hash, user_id, clinician_id) VALUES ('PAT042','PatF42','PatL42','158','78','Below Elbow','Ottobock Genium','pat42@patient.com','hashed_pw_pat42','USER042','CLIN003');
INSERT INTO Patient (patient_id, first_name, last_name, height, weight, amputation_type, prosthetic_type, email, password_hash, user_id, clinician_id) VALUES ('PAT043','PatF43','PatL43','159','80','Above Elbow','Bebionic Arm','pat43@patient.com','hashed_pw_pat43','USER043','CLIN004');
INSERT INTO Patient (patient_id, first_name, last_name, height, weight, amputation_type, prosthetic_type, email, password_hash, user_id, clinician_id) VALUES ('PAT044','PatF44','PatL44','165','74','Below Elbow','Blatchford Linx','pat44@patient.com','hashed_pw_pat44','USER044','CLIN009');
INSERT INTO Patient (patient_id, first_name, last_name, height, weight, amputation_type, prosthetic_type, email, password_hash, user_id, clinician_id) VALUES ('PAT045','PatF45','PatL45','179','58','Below Elbow','Össur Rheo Knee','pat45@patient.com','hashed_pw_pat45','USER045','CLIN009');
INSERT INTO Patient (patient_id, first_name, last_name, height, weight, amputation_type, prosthetic_type, email, password_hash, user_id, clinician_id) VALUES ('PAT046','PatF46','PatL46','166','77','Below Elbow','Blatchford Linx','pat46@patient.com','hashed_pw_pat46','USER046','CLIN004');
INSERT INTO Patient (patient_id, first_name, last_name, height, weight, amputation_type, prosthetic_type, email, password_hash, user_id, clinician_id) VALUES ('PAT047','PatF47','PatL47','160','66','Above Elbow','Ottobock Genium','pat47@patient.com','hashed_pw_pat47','USER047','CLIN004');
INSERT INTO Patient (patient_id, first_name, last_name, height, weight, amputation_type, prosthetic_type, email, password_hash, user_id, clinician_id) VALUES ('PAT048','PatF48','PatL48','168','75','Above Knee','Bebionic Arm','pat48@patient.com','hashed_pw_pat48','USER048','CLIN005');
INSERT INTO Patient (patient_id, first_name, last_name, height, weight, amputation_type, prosthetic_type, email, password_hash, user_id, clinician_id) VALUES ('PAT049','PatF49','PatL49','176','78','Below Elbow','Bebionic Arm','pat49@patient.com','hashed_pw_pat49','USER049','CLIN010');
INSERT INTO Patient (patient_id, first_name, last_name, height, weight, amputation_type, prosthetic_type, email, password_hash, user_id, clinician_id) VALUES ('PAT050','PatF50','PatL50','166','69','Above Knee','Bebionic Arm','pat50@patient.com','hashed_pw_pat50','USER050','CLIN010');

-- Activities
INSERT INTO Activity (activity_id, activity_type, start_time, end_time, is_uploaded, patient_id) VALUES ('ACT001_1','Running',1693110000,1693110879,TRUE,'PAT001');
INSERT INTO Activity (activity_id, activity_type, start_time, end_time, is_uploaded, patient_id) VALUES ('ACT001_2','Standing',1693110500,1693111822,TRUE,'PAT001');
INSERT INTO Activity (activity_id, activity_type, start_time, end_time, is_uploaded, patient_id) VALUES ('ACT002_1','Walking',1693120000,1693122542,TRUE,'PAT002');
INSERT INTO Activity (activity_id, activity_type, start_time, end_time, is_uploaded, patient_id) VALUES ('ACT002_2','Running',1693120500,1693121367,TRUE,'PAT002');
INSERT INTO Activity (activity_id, activity_type, start_time, end_time, is_uploaded, patient_id) VALUES ('ACT003_1','Running',1693130000,1693132247,TRUE,'PAT003');
INSERT INTO Activity (activity_id, activity_type, start_time, end_time, is_uploaded, patient_id) VALUES ('ACT003_2','Walking',1693130500,1693131566,TRUE,'PAT003');
INSERT INTO Activity (activity_id, activity_type, start_time, end_time, is_uploaded, patient_id) VALUES ('ACT004_1','GripTest',1693140000,1693140648,TRUE,'PAT004');
INSERT INTO Activity (activity_id, activity_type, start_time, end_time, is_uploaded, patient_id) VALUES ('ACT004_2','Running',1693140500,1693143794,TRUE,'PAT004');
INSERT INTO Activity (activity_id, activity_type, start_time, end_time, is_uploaded, patient_id) VALUES ('ACT005_1','Standing',1693150000,1693150624,TRUE,'PAT005');
INSERT INTO Activity (activity_id, activity_type, start_time, end_time, is_uploaded, patient_id) VALUES ('ACT005_2','Cycling',1693150500,1693153344,TRUE,'PAT005');
INSERT INTO Activity (activity_id, activity_type, start_time, end_time, is_uploaded, patient_id) VALUES ('ACT006_1','Running',1693160000,1693161957,TRUE,'PAT006');
INSERT INTO Activity (activity_id, activity_type, start_time, end_time, is_uploaded, patient_id) VALUES ('ACT006_2','Walking',1693160500,1693163710,TRUE,'PAT006');
INSERT INTO Activity (activity_id, activity_type, start_time, end_time, is_uploaded, patient_id) VALUES ('ACT007_1','Cycling',1693170000,1693171039,TRUE,'PAT007');
INSERT INTO Activity (activity_id, activity_type, start_time, end_time, is_uploaded, patient_id) VALUES ('ACT007_2','Running',1693170500,1693171916,TRUE,'PAT007');
INSERT INTO Activity (activity_id, activity_type, start_time, end_time, is_uploaded, patient_id) VALUES ('ACT008_1','Cycling',1693180000,1693182354,TRUE,'PAT008');
INSERT INTO Activity (activity_id, activity_type, start_time, end_time, is_uploaded, patient_id) VALUES ('ACT008_2','GripTest',1693180500,1693181526,TRUE,'PAT008');
INSERT INTO Activity (activity_id, activity_type, start_time, end_time, is_uploaded, patient_id) VALUES ('ACT009_1','Lifting',1693190000,1693191224,TRUE,'PAT009');
INSERT INTO Activity (activity_id, activity_type, start_time, end_time, is_uploaded, patient_id) VALUES ('ACT009_2','Lifting',1693190500,1693193467,TRUE,'PAT009');
INSERT INTO Activity (activity_id, activity_type, start_time, end_time, is_uploaded, patient_id) VALUES ('ACT010_1','Cycling',1693200000,1693203410,TRUE,'PAT010');
INSERT INTO Activity (activity_id, activity_type, start_time, end_time, is_uploaded, patient_id) VALUES ('ACT010_2','Cycling',1693200500,1693201828,TRUE,'PAT010');
INSERT INTO Activity (activity_id, activity_type, start_time, end_time, is_uploaded, patient_id) VALUES ('ACT011_1','Standing',1693210000,1693210884,TRUE,'PAT011');
INSERT INTO Activity (activity_id, activity_type, start_time, end_time, is_uploaded, patient_id) VALUES ('ACT011_2','Standing',1693210500,1693212694,TRUE,'PAT011');
INSERT INTO Activity (activity_id, activity_type, start_time, end_time, is_uploaded, patient_id) VALUES ('ACT012_1','Walking',1693220000,1693221851,TRUE,'PAT012');
INSERT INTO Activity (activity_id, activity_type, start_time, end_time, is_uploaded, patient_id) VALUES ('ACT012_2','GripTest',1693220500,1693222104,TRUE,'PAT012');
INSERT INTO Activity (activity_id, activity_type, start_time, end_time, is_uploaded, patient_id) VALUES ('ACT013_1','GripTest',1693230000,1693233336,TRUE,'PAT013');
INSERT INTO Activity (activity_id, activity_type, start_time, end_time, is_uploaded, patient_id) VALUES ('ACT013_2','Walking',1693230500,1693231677,TRUE,'PAT013');
INSERT INTO Activity (activity_id, activity_type, start_time, end_time, is_uploaded, patient_id) VALUES ('ACT014_1','Running',1693240000,1693241486,TRUE,'PAT014');
INSERT INTO Activity (activity_id, activity_type, start_time, end_time, is_uploaded, patient_id) VALUES ('ACT014_2','Lifting',1693240500,1693243810,TRUE,'PAT014');
INSERT INTO Activity (activity_id, activity_type, start_time, end_time, is_uploaded, patient_id) VALUES ('ACT015_1','Lifting',1693250000,1693251882,TRUE,'PAT015');
INSERT INTO Activity (activity_id, activity_type, start_time, end_time, is_uploaded, patient_id) VALUES ('ACT015_2','Lifting',1693250500,1693253185,TRUE,'PAT015');
INSERT INTO Activity (activity_id, activity_type, start_time, end_time, is_uploaded, patient_id) VALUES ('ACT016_1','Running',1693260000,1693262168,TRUE,'PAT016');
INSERT INTO Activity (activity_id, activity_type, start_time, end_time, is_uploaded, patient_id) VALUES ('ACT016_2','Lifting',1693260500,1693262407,TRUE,'PAT016');
INSERT INTO Activity (activity_id, activity_type, start_time, end_time, is_uploaded, patient_id) VALUES ('ACT017_1','Walking',1693270000,1693271035,TRUE,'PAT017');
INSERT INTO Activity (activity_id, activity_type, start_time, end_time, is_uploaded, patient_id) VALUES ('ACT017_2','Lifting',1693270500,1693272815,TRUE,'PAT017');
INSERT INTO Activity (activity_id, activity_type, start_time, end_time, is_uploaded, patient_id) VALUES ('ACT018_1','Walking',1693280000,1693281644,TRUE,'PAT018');
INSERT INTO Activity (activity_id, activity_type, start_time, end_time, is_uploaded, patient_id) VALUES ('ACT018_2','Walking',1693280500,1693282689,TRUE,'PAT018');
INSERT INTO Activity (activity_id, activity_type, start_time, end_time, is_uploaded, patient_id) VALUES ('ACT019_1','Cycling',1693290000,1693293138,TRUE,'PAT019');
INSERT INTO Activity (activity_id, activity_type, start_time, end_time, is_uploaded, patient_id) VALUES ('ACT019_2','Cycling',1693290500,1693292557,TRUE,'PAT019');
INSERT INTO Activity (activity_id, activity_type, start_time, end_time, is_uploaded, patient_id) VALUES ('ACT020_1','Lifting',1693300000,1693301498,TRUE,'PAT020');
INSERT INTO Activity (activity_id, activity_type, start_time, end_time, is_uploaded, patient_id) VALUES ('ACT020_2','Lifting',1693300500,1693302857,TRUE,'PAT020');
INSERT INTO Activity (activity_id, activity_type, start_time, end_time, is_uploaded, patient_id) VALUES ('ACT021_1','Standing',1693310000,1693310663,TRUE,'PAT021');
INSERT INTO Activity (activity_id, activity_type, start_time, end_time, is_uploaded, patient_id) VALUES ('ACT021_2','GripTest',1693310500,1693313922,TRUE,'PAT021');
INSERT INTO Activity (activity_id, activity_type, start_time, end_time, is_uploaded, patient_id) VALUES ('ACT022_1','Running',1693320000,1693322879,TRUE,'PAT022');
INSERT INTO Activity (activity_id, activity_type, start_time, end_time, is_uploaded, patient_id) VALUES ('ACT022_2','Cycling',1693320500,1693324049,TRUE,'PAT022');
INSERT INTO Activity (activity_id, activity_type, start_time, end_time, is_uploaded, patient_id) VALUES ('ACT023_1','Standing',1693330000,1693330739,TRUE,'PAT023');
INSERT INTO Activity (activity_id, activity_type, start_time, end_time, is_uploaded, patient_id) VALUES ('ACT023_2','Walking',1693330500,1693332982,TRUE,'PAT023');
INSERT INTO Activity (activity_id, activity_type, start_time, end_time, is_uploaded, patient_id) VALUES ('ACT024_1','GripTest',1693340000,1693343526,TRUE,'PAT024');
INSERT INTO Activity (activity_id, activity_type, start_time, end_time, is_uploaded, patient_id) VALUES ('ACT024_2','GripTest',1693340500,1693342089,TRUE,'PAT024');
INSERT INTO Activity (activity_id, activity_type, start_time, end_time, is_uploaded, patient_id) VALUES ('ACT025_1','GripTest',1693350000,1693351566,TRUE,'PAT025');
INSERT INTO Activity (activity_id, activity_type, start_time, end_time, is_uploaded, patient_id) VALUES ('ACT025_2','Walking',1693350500,1693352865,TRUE,'PAT025');
INSERT INTO Activity (activity_id, activity_type, start_time, end_time, is_uploaded, patient_id) VALUES ('ACT026_1','Standing',1693360000,1693363409,TRUE,'PAT026');
INSERT INTO Activity (activity_id, activity_type, start_time, end_time, is_uploaded, patient_id) VALUES ('ACT026_2','Walking',1693360500,1693361507,TRUE,'PAT026');
INSERT INTO Activity (activity_id, activity_type, start_time, end_time, is_uploaded, patient_id) VALUES ('ACT027_1','Standing',1693370000,1693372299,TRUE,'PAT027');
INSERT INTO Activity (activity_id, activity_type, start_time, end_time, is_uploaded, patient_id) VALUES ('ACT027_2','Cycling',1693370500,1693371302,TRUE,'PAT027');
INSERT INTO Activity (activity_id, activity_type, start_time, end_time, is_uploaded, patient_id) VALUES ('ACT028_1','Lifting',1693380000,1693381582,TRUE,'PAT028');
INSERT INTO Activity (activity_id, activity_type, start_time, end_time, is_uploaded, patient_id) VALUES ('ACT028_2','GripTest',1693380500,1693382449,TRUE,'PAT028');
INSERT INTO Activity (activity_id, activity_type, start_time, end_time, is_uploaded, patient_id) VALUES ('ACT029_1','Lifting',1693390000,1693392771,TRUE,'PAT029');
INSERT INTO Activity (activity_id, activity_type, start_time, end_time, is_uploaded, patient_id) VALUES ('ACT029_2','Standing',1693390500,1693391395,TRUE,'PAT029');
INSERT INTO Activity (activity_id, activity_type, start_time, end_time, is_uploaded, patient_id) VALUES ('ACT030_1','Lifting',1693400000,1693400843,TRUE,'PAT030');
INSERT INTO Activity (activity_id, activity_type, start_time, end_time, is_uploaded, patient_id) VALUES ('ACT030_2','Standing',1693400500,1693402908,TRUE,'PAT030');
INSERT INTO Activity (activity_id, activity_type, start_time, end_time, is_uploaded, patient_id) VALUES ('ACT031_1','Standing',1693410000,1693413137,TRUE,'PAT031');
INSERT INTO Activity (activity_id, activity_type, start_time, end_time, is_uploaded, patient_id) VALUES ('ACT031_2','Walking',1693410500,1693413339,TRUE,'PAT031');
INSERT INTO Activity (activity_id, activity_type, start_time, end_time, is_uploaded, patient_id) VALUES ('ACT032_1','Running',1693420000,1693422000,TRUE,'PAT032');
INSERT INTO Activity (activity_id, activity_type, start_time, end_time, is_uploaded, patient_id) VALUES ('ACT032_2','GripTest',1693420500,1693422774,TRUE,'PAT032');
INSERT INTO Activity (activity_id, activity_type, start_time, end_time, is_uploaded, patient_id) VALUES ('ACT033_1','Lifting',1693430000,1693430650,TRUE,'PAT033');
INSERT INTO Activity (activity_id, activity_type, start_time, end_time, is_uploaded, patient_id) VALUES ('ACT033_2','Walking',1693430500,1693431507,TRUE,'PAT033');
INSERT INTO Activity (activity_id, activity_type, start_time, end_time, is_uploaded, patient_id) VALUES ('ACT034_1','GripTest',1693440000,1693441203,TRUE,'PAT034');
INSERT INTO Activity (activity_id, activity_type, start_time, end_time, is_uploaded, patient_id) VALUES ('ACT034_2','Lifting',1693440500,1693442772,TRUE,'PAT034');
INSERT INTO Activity (activity_id, activity_type, start_time, end_time, is_uploaded, patient_id) VALUES ('ACT035_1','Running',1693450000,1693452416,TRUE,'PAT035');
INSERT INTO Activity (activity_id, activity_type, start_time, end_time, is_uploaded, patient_id) VALUES ('ACT035_2','Walking',1693450500,1693454059,TRUE,'PAT035');
INSERT INTO Activity (activity_id, activity_type, start_time, end_time, is_uploaded, patient_id) VALUES ('ACT036_1','GripTest',1693460000,1693463445,TRUE,'PAT036');
INSERT INTO Activity (activity_id, activity_type, start_time, end_time, is_uploaded, patient_id) VALUES ('ACT036_2','Cycling',1693460500,1693463692,TRUE,'PAT036');
INSERT INTO Activity (activity_id, activity_type, start_time, end_time, is_uploaded, patient_id) VALUES ('ACT037_1','Standing',1693470000,1693471986,TRUE,'PAT037');
INSERT INTO Activity (activity_id, activity_type, start_time, end_time, is_uploaded, patient_id) VALUES ('ACT037_2','Standing',1693470500,1693472926,TRUE,'PAT037');
INSERT INTO Activity (activity_id, activity_type, start_time, end_time, is_uploaded, patient_id) VALUES ('ACT038_1','Walking',1693480000,1693483093,TRUE,'PAT038');
INSERT INTO Activity (activity_id, activity_type, start_time, end_time, is_uploaded, patient_id) VALUES ('ACT038_2','GripTest',1693480500,1693483913,TRUE,'PAT038');
INSERT INTO Activity (activity_id, activity_type, start_time, end_time, is_uploaded, patient_id) VALUES ('ACT039_1','Walking',1693490000,1693491540,TRUE,'PAT039');
INSERT INTO Activity (activity_id, activity_type, start_time, end_time, is_uploaded, patient_id) VALUES ('ACT039_2','Running',1693490500,1693491427,TRUE,'PAT039');
INSERT INTO Activity (activity_id, activity_type, start_time, end_time, is_uploaded, patient_id) VALUES ('ACT040_1','Cycling',1693500000,1693503455,TRUE,'PAT040');
INSERT INTO Activity (activity_id, activity_type, start_time, end_time, is_uploaded, patient_id) VALUES ('ACT040_2','GripTest',1693500500,1693501462,TRUE,'PAT040');
INSERT INTO Activity (activity_id, activity_type, start_time, end_time, is_uploaded, patient_id) VALUES ('ACT041_1','GripTest',1693510000,1693512468,TRUE,'PAT041');
INSERT INTO Activity (activity_id, activity_type, start_time, end_time, is_uploaded, patient_id) VALUES ('ACT041_2','Running',1693510500,1693512817,TRUE,'PAT041');
INSERT INTO Activity (activity_id, activity_type, start_time, end_time, is_uploaded, patient_id) VALUES ('ACT042_1','Running',1693520000,1693520791,TRUE,'PAT042');
INSERT INTO Activity (activity_id, activity_type, start_time, end_time, is_uploaded, patient_id) VALUES ('ACT042_2','Walking',1693520500,1693522485,TRUE,'PAT042');
INSERT INTO Activity (activity_id, activity_type, start_time, end_time, is_uploaded, patient_id) VALUES ('ACT043_1','Cycling',1693530000,1693530849,TRUE,'PAT043');
INSERT INTO Activity (activity_id, activity_type, start_time, end_time, is_uploaded, patient_id) VALUES ('ACT043_2','Lifting',1693530500,1693533867,TRUE,'PAT043');
INSERT INTO Activity (activity_id, activity_type, start_time, end_time, is_uploaded, patient_id) VALUES ('ACT044_1','Lifting',1693540000,1693540923,TRUE,'PAT044');
INSERT INTO Activity (activity_id, activity_type, start_time, end_time, is_uploaded, patient_id) VALUES ('ACT044_2','Running',1693540500,1693542253,TRUE,'PAT044');
INSERT INTO Activity (activity_id, activity_type, start_time, end_time, is_uploaded, patient_id) VALUES ('ACT045_1','Running',1693550000,1693552987,TRUE,'PAT045');
INSERT INTO Activity (activity_id, activity_type, start_time, end_time, is_uploaded, patient_id) VALUES ('ACT045_2','Cycling',1693550500,1693553750,TRUE,'PAT045');
INSERT INTO Activity (activity_id, activity_type, start_time, end_time, is_uploaded, patient_id) VALUES ('ACT046_1','GripTest',1693560000,1693563300,TRUE,'PAT046');
INSERT INTO Activity (activity_id, activity_type, start_time, end_time, is_uploaded, patient_id) VALUES ('ACT046_2','Lifting',1693560500,1693561680,TRUE,'PAT046');
INSERT INTO Activity (activity_id, activity_type, start_time, end_time, is_uploaded, patient_id) VALUES ('ACT047_1','Running',1693570000,1693572351,TRUE,'PAT047');
INSERT INTO Activity (activity_id, activity_type, start_time, end_time, is_uploaded, patient_id) VALUES ('ACT047_2','Cycling',1693570500,1693572372,TRUE,'PAT047');
INSERT INTO Activity (activity_id, activity_type, start_time, end_time, is_uploaded, patient_id) VALUES ('ACT048_1','Standing',1693580000,1693582412,TRUE,'PAT048');
INSERT INTO Activity (activity_id, activity_type, start_time, end_time, is_uploaded, patient_id) VALUES ('ACT048_2','Lifting',1693580500,1693582958,TRUE,'PAT048');
INSERT INTO Activity (activity_id, activity_type, start_time, end_time, is_uploaded, patient_id) VALUES ('ACT049_1','Cycling',1693590000,1693591277,TRUE,'PAT049');
INSERT INTO Activity (activity_id, activity_type, start_time, end_time, is_uploaded, patient_id) VALUES ('ACT049_2','Running',1693590500,1693592634,TRUE,'PAT049');
INSERT INTO Activity (activity_id, activity_type, start_time, end_time, is_uploaded, patient_id) VALUES ('ACT050_1','GripTest',1693600000,1693601893,TRUE,'PAT050');
INSERT INTO Activity (activity_id, activity_type, start_time, end_time, is_uploaded, patient_id) VALUES ('ACT050_2','Walking',1693600500,1693602626,TRUE,'PAT050');

-- Sensors
INSERT INTO Sensor (sensor_id, location_name, sensor_location_id, sensor_type, is_connected, patient_email, location_id, pressure_sensor_id, activity_id) VALUES ('SNS001_1','Loc1','LOC001_A1',4,TRUE,'pat1@patient.com',101,NULL,'ACT001_1');
INSERT INTO Sensor (sensor_id, location_name, sensor_location_id, sensor_type, is_connected, patient_email, location_id, pressure_sensor_id, activity_id) VALUES ('SNS001_2','Loc1','LOC001_A2',4,TRUE,'pat1@patient.com',101,NULL,'ACT001_2');
INSERT INTO Sensor (sensor_id, location_name, sensor_location_id, sensor_type, is_connected, patient_email, location_id, pressure_sensor_id, activity_id) VALUES ('SNS002_1','Loc2','LOC002_A1',2,TRUE,'pat2@patient.com',102,NULL,'ACT002_1');
INSERT INTO Sensor (sensor_id, location_name, sensor_location_id, sensor_type, is_connected, patient_email, location_id, pressure_sensor_id, activity_id) VALUES ('SNS002_2','Loc2','LOC002_A2',2,TRUE,'pat2@patient.com',102,NULL,'ACT002_2');
INSERT INTO Sensor (sensor_id, location_name, sensor_location_id, sensor_type, is_connected, patient_email, location_id, pressure_sensor_id, activity_id) VALUES ('SNS003_1','Loc3','LOC003_A1',2,TRUE,'pat3@patient.com',103,NULL,'ACT003_1');
INSERT INTO Sensor (sensor_id, location_name, sensor_location_id, sensor_type, is_connected, patient_email, location_id, pressure_sensor_id, activity_id) VALUES ('SNS003_2','Loc3','LOC003_A2',2,TRUE,'pat3@patient.com',103,NULL,'ACT003_2');
INSERT INTO Sensor (sensor_id, location_name, sensor_location_id, sensor_type, is_connected, patient_email, location_id, pressure_sensor_id, activity_id) VALUES ('SNS004_1','Loc4','LOC004_A1',3,TRUE,'pat4@patient.com',104,NULL,'ACT004_1');
INSERT INTO Sensor (sensor_id, location_name, sensor_location_id, sensor_type, is_connected, patient_email, location_id, pressure_sensor_id, activity_id) VALUES ('SNS004_2','Loc4','LOC004_A2',3,TRUE,'pat4@patient.com',104,NULL,'ACT004_2');
INSERT INTO Sensor (sensor_id, location_name, sensor_location_id, sensor_type, is_connected, patient_email, location_id, pressure_sensor_id, activity_id) VALUES ('SNS005_1','Loc5','LOC005_A1',2,TRUE,'pat5@patient.com',105,NULL,'ACT005_1');
INSERT INTO Sensor (sensor_id, location_name, sensor_location_id, sensor_type, is_connected, patient_email, location_id, pressure_sensor_id, activity_id) VALUES ('SNS005_2','Loc5','LOC005_A2',2,TRUE,'pat5@patient.com',105,NULL,'ACT005_2');
INSERT INTO Sensor (sensor_id, location_name, sensor_location_id, sensor_type, is_connected, patient_email, location_id, pressure_sensor_id, activity_id) VALUES ('SNS006_1','Loc6','LOC006_A1',1,TRUE,'pat6@patient.com',106,NULL,'ACT006_1');
INSERT INTO Sensor (sensor_id, location_name, sensor_location_id, sensor_type, is_connected, patient_email, location_id, pressure_sensor_id, activity_id) VALUES ('SNS006_2','Loc6','LOC006_A2',1,TRUE,'pat6@patient.com',106,NULL,'ACT006_2');
INSERT INTO Sensor (sensor_id, location_name, sensor_location_id, sensor_type, is_connected, patient_email, location_id, pressure_sensor_id, activity_id) VALUES ('SNS007_1','Loc7','LOC007_A1',4,TRUE,'pat7@patient.com',107,NULL,'ACT007_1');
INSERT INTO Sensor (sensor_id, location_name, sensor_location_id, sensor_type, is_connected, patient_email, location_id, pressure_sensor_id, activity_id) VALUES ('SNS007_2','Loc7','LOC007_A2',4,TRUE,'pat7@patient.com',107,NULL,'ACT007_2');
INSERT INTO Sensor (sensor_id, location_name, sensor_location_id, sensor_type, is_connected, patient_email, location_id, pressure_sensor_id, activity_id) VALUES ('SNS008_1','Loc8','LOC008_A1',2,TRUE,'pat8@patient.com',108,NULL,'ACT008_1');
INSERT INTO Sensor (sensor_id, location_name, sensor_location_id, sensor_type, is_connected, patient_email, location_id, pressure_sensor_id, activity_id) VALUES ('SNS008_2','Loc8','LOC008_A2',2,TRUE,'pat8@patient.com',108,NULL,'ACT008_2');
INSERT INTO Sensor (sensor_id, location_name, sensor_location_id, sensor_type, is_connected, patient_email, location_id, pressure_sensor_id, activity_id) VALUES ('SNS009_1','Loc9','LOC009_A1',2,TRUE,'pat9@patient.com',109,NULL,'ACT009_1');
INSERT INTO Sensor (sensor_id, location_name, sensor_location_id, sensor_type, is_connected, patient_email, location_id, pressure_sensor_id, activity_id) VALUES ('SNS009_2','Loc9','LOC009_A2',2,TRUE,'pat9@patient.com',109,NULL,'ACT009_2');
INSERT INTO Sensor (sensor_id, location_name, sensor_location_id, sensor_type, is_connected, patient_email, location_id, pressure_sensor_id, activity_id) VALUES ('SNS010_1','Loc10','LOC010_A1',1,TRUE,'pat10@patient.com',110,NULL,'ACT010_1');
INSERT INTO Sensor (sensor_id, location_name, sensor_location_id, sensor_type, is_connected, patient_email, location_id, pressure_sensor_id, activity_id) VALUES ('SNS010_2','Loc10','LOC010_A2',1,TRUE,'pat10@patient.com',110,NULL,'ACT010_2');
INSERT INTO Sensor (sensor_id, location_name, sensor_location_id, sensor_type, is_connected, patient_email, location_id, pressure_sensor_id, activity_id) VALUES ('SNS011_1','Loc11','LOC011_A1',4,TRUE,'pat11@patient.com',111,NULL,'ACT011_1');
INSERT INTO Sensor (sensor_id, location_name, sensor_location_id, sensor_type, is_connected, patient_email, location_id, pressure_sensor_id, activity_id) VALUES ('SNS011_2','Loc11','LOC011_A2',4,TRUE,'pat11@patient.com',111,NULL,'ACT011_2');
INSERT INTO Sensor (sensor_id, location_name, sensor_location_id, sensor_type, is_connected, patient_email, location_id, pressure_sensor_id, activity_id) VALUES ('SNS012_1','Loc12','LOC012_A1',2,TRUE,'pat12@patient.com',112,NULL,'ACT012_1');
INSERT INTO Sensor (sensor_id, location_name, sensor_location_id, sensor_type, is_connected, patient_email, location_id, pressure_sensor_id, activity_id) VALUES ('SNS012_2','Loc12','LOC012_A2',2,TRUE,'pat12@patient.com',112,NULL,'ACT012_2');
INSERT INTO Sensor (sensor_id, location_name, sensor_location_id, sensor_type, is_connected, patient_email, location_id, pressure_sensor_id, activity_id) VALUES ('SNS013_1','Loc13','LOC013_A1',2,TRUE,'pat13@patient.com',113,NULL,'ACT013_1');
INSERT INTO Sensor (sensor_id, location_name, sensor_location_id, sensor_type, is_connected, patient_email, location_id, pressure_sensor_id, activity_id) VALUES ('SNS013_2','Loc13','LOC013_A2',2,TRUE,'pat13@patient.com',113,NULL,'ACT013_2');
INSERT INTO Sensor (sensor_id, location_name, sensor_location_id, sensor_type, is_connected, patient_email, location_id, pressure_sensor_id, activity_id) VALUES ('SNS014_1','Loc14','LOC014_A1',4,TRUE,'pat14@patient.com',114,NULL,'ACT014_1');
INSERT INTO Sensor (sensor_id, location_name, sensor_location_id, sensor_type, is_connected, patient_email, location_id, pressure_sensor_id, activity_id) VALUES ('SNS014_2','Loc14','LOC014_A2',4,TRUE,'pat14@patient.com',114,NULL,'ACT014_2');
INSERT INTO Sensor (sensor_id, location_name, sensor_location_id, sensor_type, is_connected, patient_email, location_id, pressure_sensor_id, activity_id) VALUES ('SNS015_1','Loc15','LOC015_A1',4,TRUE,'pat15@patient.com',115,NULL,'ACT015_1');
INSERT INTO Sensor (sensor_id, location_name, sensor_location_id, sensor_type, is_connected, patient_email, location_id, pressure_sensor_id, activity_id) VALUES ('SNS015_2','Loc15','LOC015_A2',4,TRUE,'pat15@patient.com',115,NULL,'ACT015_2');
INSERT INTO Sensor (sensor_id, location_name, sensor_location_id, sensor_type, is_connected, patient_email, location_id, pressure_sensor_id, activity_id) VALUES ('SNS016_1','Loc16','LOC016_A1',2,TRUE,'pat16@patient.com',116,NULL,'ACT016_1');
INSERT INTO Sensor (sensor_id, location_name, sensor_location_id, sensor_type, is_connected, patient_email, location_id, pressure_sensor_id, activity_id) VALUES ('SNS016_2','Loc16','LOC016_A2',2,TRUE,'pat16@patient.com',116,NULL,'ACT016_2');
INSERT INTO Sensor (sensor_id, location_name, sensor_location_id, sensor_type, is_connected, patient_email, location_id, pressure_sensor_id, activity_id) VALUES ('SNS017_1','Loc17','LOC017_A1',3,TRUE,'pat17@patient.com',117,NULL,'ACT017_1');
INSERT INTO Sensor (sensor_id, location_name, sensor_location_id, sensor_type, is_connected, patient_email, location_id, pressure_sensor_id, activity_id) VALUES ('SNS017_2','Loc17','LOC017_A2',3,TRUE,'pat17@patient.com',117,NULL,'ACT017_2');
INSERT INTO Sensor (sensor_id, location_name, sensor_location_id, sensor_type, is_connected, patient_email, location_id, pressure_sensor_id, activity_id) VALUES ('SNS018_1','Loc18','LOC018_A1',2,TRUE,'pat18@patient.com',118,NULL,'ACT018_1');
INSERT INTO Sensor (sensor_id, location_name, sensor_location_id, sensor_type, is_connected, patient_email, location_id, pressure_sensor_id, activity_id) VALUES ('SNS018_2','Loc18','LOC018_A2',2,TRUE,'pat18@patient.com',118,NULL,'ACT018_2');
INSERT INTO Sensor (sensor_id, location_name, sensor_location_id, sensor_type, is_connected, patient_email, location_id, pressure_sensor_id, activity_id) VALUES ('SNS019_1','Loc19','LOC019_A1',1,TRUE,'pat19@patient.com',119,NULL,'ACT019_1');
INSERT INTO Sensor (sensor_id, location_name, sensor_location_id, sensor_type, is_connected, patient_email, location_id, pressure_sensor_id, activity_id) VALUES ('SNS019_2','Loc19','LOC019_A2',1,TRUE,'pat19@patient.com',119,NULL,'ACT019_2');
INSERT INTO Sensor (sensor_id, location_name, sensor_location_id, sensor_type, is_connected, patient_email, location_id, pressure_sensor_id, activity_id) VALUES ('SNS020_1','Loc20','LOC020_A1',4,TRUE,'pat20@patient.com',120,NULL,'ACT020_1');
INSERT INTO Sensor (sensor_id, location_name, sensor_location_id, sensor_type, is_connected, patient_email, location_id, pressure_sensor_id, activity_id) VALUES ('SNS020_2','Loc20','LOC020_A2',4,TRUE,'pat20@patient.com',120,NULL,'ACT020_2');
INSERT INTO Sensor (sensor_id, location_name, sensor_location_id, sensor_type, is_connected, patient_email, location_id, pressure_sensor_id, activity_id) VALUES ('SNS021_1','Loc21','LOC021_A1',2,TRUE,'pat21@patient.com',121,NULL,'ACT021_1');
INSERT INTO Sensor (sensor_id, location_name, sensor_location_id, sensor_type, is_connected, patient_email, location_id, pressure_sensor_id, activity_id) VALUES ('SNS021_2','Loc21','LOC021_A2',2,TRUE,'pat21@patient.com',121,NULL,'ACT021_2');
INSERT INTO Sensor (sensor_id, location_name, sensor_location_id, sensor_type, is_connected, patient_email, location_id, pressure_sensor_id, activity_id) VALUES ('SNS022_1','Loc22','LOC022_A1',2,TRUE,'pat22@patient.com',122,NULL,'ACT022_1');
INSERT INTO Sensor (sensor_id, location_name, sensor_location_id, sensor_type, is_connected, patient_email, location_id, pressure_sensor_id, activity_id) VALUES ('SNS022_2','Loc22','LOC022_A2',2,TRUE,'pat22@patient.com',122,NULL,'ACT022_2');
INSERT INTO Sensor (sensor_id, location_name, sensor_location_id, sensor_type, is_connected, patient_email, location_id, pressure_sensor_id, activity_id) VALUES ('SNS023_1','Loc23','LOC023_A1',1,TRUE,'pat23@patient.com',123,NULL,'ACT023_1');
INSERT INTO Sensor (sensor_id, location_name, sensor_location_id, sensor_type, is_connected, patient_email, location_id, pressure_sensor_id, activity_id) VALUES ('SNS023_2','Loc23','LOC023_A2',1,TRUE,'pat23@patient.com',123,NULL,'ACT023_2');
INSERT INTO Sensor (sensor_id, location_name, sensor_location_id, sensor_type, is_connected, patient_email, location_id, pressure_sensor_id, activity_id) VALUES ('SNS024_1','Loc24','LOC024_A1',2,TRUE,'pat24@patient.com',124,NULL,'ACT024_1');
INSERT INTO Sensor (sensor_id, location_name, sensor_location_id, sensor_type, is_connected, patient_email, location_id, pressure_sensor_id, activity_id) VALUES ('SNS024_2','Loc24','LOC024_A2',2,TRUE,'pat24@patient.com',124,NULL,'ACT024_2');
INSERT INTO Sensor (sensor_id, location_name, sensor_location_id, sensor_type, is_connected, patient_email, location_id, pressure_sensor_id, activity_id) VALUES ('SNS025_1','Loc25','LOC025_A1',4,TRUE,'pat25@patient.com',125,NULL,'ACT025_1');
INSERT INTO Sensor (sensor_id, location_name, sensor_location_id, sensor_type, is_connected, patient_email, location_id, pressure_sensor_id, activity_id) VALUES ('SNS025_2','Loc25','LOC025_A2',4,TRUE,'pat25@patient.com',125,NULL,'ACT025_2');
INSERT INTO Sensor (sensor_id, location_name, sensor_location_id, sensor_type, is_connected, patient_email, location_id, pressure_sensor_id, activity_id) VALUES ('SNS026_1','Loc26','LOC026_A1',2,TRUE,'pat26@patient.com',126,NULL,'ACT026_1');
INSERT INTO Sensor (sensor_id, location_name, sensor_location_id, sensor_type, is_connected, patient_email, location_id, pressure_sensor_id, activity_id) VALUES ('SNS026_2','Loc26','LOC026_A2',2,TRUE,'pat26@patient.com',126,NULL,'ACT026_2');
INSERT INTO Sensor (sensor_id, location_name, sensor_location_id, sensor_type, is_connected, patient_email, location_id, pressure_sensor_id, activity_id) VALUES ('SNS027_1','Loc27','LOC027_A1',1,TRUE,'pat27@patient.com',127,NULL,'ACT027_1');
INSERT INTO Sensor (sensor_id, location_name, sensor_location_id, sensor_type, is_connected, patient_email, location_id, pressure_sensor_id, activity_id) VALUES ('SNS027_2','Loc27','LOC027_A2',1,TRUE,'pat27@patient.com',127,NULL,'ACT027_2');
INSERT INTO Sensor (sensor_id, location_name, sensor_location_id, sensor_type, is_connected, patient_email, location_id, pressure_sensor_id, activity_id) VALUES ('SNS028_1','Loc28','LOC028_A1',2,TRUE,'pat28@patient.com',128,NULL,'ACT028_1');
INSERT INTO Sensor (sensor_id, location_name, sensor_location_id, sensor_type, is_connected, patient_email, location_id, pressure_sensor_id, activity_id) VALUES ('SNS028_2','Loc28','LOC028_A2',2,TRUE,'pat28@patient.com',128,NULL,'ACT028_2');
INSERT INTO Sensor (sensor_id, location_name, sensor_location_id, sensor_type, is_connected, patient_email, location_id, pressure_sensor_id, activity_id) VALUES ('SNS029_1','Loc29','LOC029_A1',4,TRUE,'pat29@patient.com',129,NULL,'ACT029_1');
INSERT INTO Sensor (sensor_id, location_name, sensor_location_id, sensor_type, is_connected, patient_email, location_id, pressure_sensor_id, activity_id) VALUES ('SNS029_2','Loc29','LOC029_A2',4,TRUE,'pat29@patient.com',129,NULL,'ACT029_2');
INSERT INTO Sensor (sensor_id, location_name, sensor_location_id, sensor_type, is_connected, patient_email, location_id, pressure_sensor_id, activity_id) VALUES ('SNS030_1','Loc30','LOC030_A1',2,TRUE,'pat30@patient.com',130,NULL,'ACT030_1');
INSERT INTO Sensor (sensor_id, location_name, sensor_location_id, sensor_type, is_connected, patient_email, location_id, pressure_sensor_id, activity_id) VALUES ('SNS030_2','Loc30','LOC030_A2',2,TRUE,'pat30@patient.com',130,NULL,'ACT030_2');
INSERT INTO Sensor (sensor_id, location_name, sensor_location_id, sensor_type, is_connected, patient_email, location_id, pressure_sensor_id, activity_id) VALUES ('SNS031_1','Loc31','LOC031_A1',4,TRUE,'pat31@patient.com',131,NULL,'ACT031_1');
INSERT INTO Sensor (sensor_id, location_name, sensor_location_id, sensor_type, is_connected, patient_email, location_id, pressure_sensor_id, activity_id) VALUES ('SNS031_2','Loc31','LOC031_A2',4,TRUE,'pat31@patient.com',131,NULL,'ACT031_2');
INSERT INTO Sensor (sensor_id, location_name, sensor_location_id, sensor_type, is_connected, patient_email, location_id, pressure_sensor_id, activity_id) VALUES ('SNS032_1','Loc32','LOC032_A1',1,TRUE,'pat32@patient.com',132,NULL,'ACT032_1');
INSERT INTO Sensor (sensor_id, location_name, sensor_location_id, sensor_type, is_connected, patient_email, location_id, pressure_sensor_id, activity_id) VALUES ('SNS032_2','Loc32','LOC032_A2',1,TRUE,'pat32@patient.com',132,NULL,'ACT032_2');
INSERT INTO Sensor (sensor_id, location_name, sensor_location_id, sensor_type, is_connected, patient_email, location_id, pressure_sensor_id, activity_id) VALUES ('SNS033_1','Loc33','LOC033_A1',2,TRUE,'pat33@patient.com',133,NULL,'ACT033_1');
INSERT INTO Sensor (sensor_id, location_name, sensor_location_id, sensor_type, is_connected, patient_email, location_id, pressure_sensor_id, activity_id) VALUES ('SNS033_2','Loc33','LOC033_A2',2,TRUE,'pat33@patient.com',133,NULL,'ACT033_2');
INSERT INTO Sensor (sensor_id, location_name, sensor_location_id, sensor_type, is_connected, patient_email, location_id, pressure_sensor_id, activity_id) VALUES ('SNS034_1','Loc34','LOC034_A1',1,TRUE,'pat34@patient.com',134,NULL,'ACT034_1');
INSERT INTO Sensor (sensor_id, location_name, sensor_location_id, sensor_type, is_connected, patient_email, location_id, pressure_sensor_id, activity_id) VALUES ('SNS034_2','Loc34','LOC034_A2',1,TRUE,'pat34@patient.com',134,NULL,'ACT034_2');
INSERT INTO Sensor (sensor_id, location_name, sensor_location_id, sensor_type, is_connected, patient_email, location_id, pressure_sensor_id, activity_id) VALUES ('SNS035_1','Loc35','LOC035_A1',4,TRUE,'pat35@patient.com',135,NULL,'ACT035_1');
INSERT INTO Sensor (sensor_id, location_name, sensor_location_id, sensor_type, is_connected, patient_email, location_id, pressure_sensor_id, activity_id) VALUES ('SNS035_2','Loc35','LOC035_A2',4,TRUE,'pat35@patient.com',135,NULL,'ACT035_2');
INSERT INTO Sensor (sensor_id, location_name, sensor_location_id, sensor_type, is_connected, patient_email, location_id, pressure_sensor_id, activity_id) VALUES ('SNS036_1','Loc36','LOC036_A1',1,TRUE,'pat36@patient.com',136,NULL,'ACT036_1');
INSERT INTO Sensor (sensor_id, location_name, sensor_location_id, sensor_type, is_connected, patient_email, location_id, pressure_sensor_id, activity_id) VALUES ('SNS036_2','Loc36','LOC036_A2',1,TRUE,'pat36@patient.com',136,NULL,'ACT036_2');
INSERT INTO Sensor (sensor_id, location_name, sensor_location_id, sensor_type, is_connected, patient_email, location_id, pressure_sensor_id, activity_id) VALUES ('SNS037_1','Loc37','LOC037_A1',3,TRUE,'pat37@patient.com',137,NULL,'ACT037_1');
INSERT INTO Sensor (sensor_id, location_name, sensor_location_id, sensor_type, is_connected, patient_email, location_id, pressure_sensor_id, activity_id) VALUES ('SNS037_2','Loc37','LOC037_A2',3,TRUE,'pat37@patient.com',137,NULL,'ACT037_2');
INSERT INTO Sensor (sensor_id, location_name, sensor_location_id, sensor_type, is_connected, patient_email, location_id, pressure_sensor_id, activity_id) VALUES ('SNS038_1','Loc38','LOC038_A1',2,TRUE,'pat38@patient.com',138,NULL,'ACT038_1');
INSERT INTO Sensor (sensor_id, location_name, sensor_location_id, sensor_type, is_connected, patient_email, location_id, pressure_sensor_id, activity_id) VALUES ('SNS038_2','Loc38','LOC038_A2',2,TRUE,'pat38@patient.com',138,NULL,'ACT038_2');
INSERT INTO Sensor (sensor_id, location_name, sensor_location_id, sensor_type, is_connected, patient_email, location_id, pressure_sensor_id, activity_id) VALUES ('SNS039_1','Loc39','LOC039_A1',4,TRUE,'pat39@patient.com',139,NULL,'ACT039_1');
INSERT INTO Sensor (sensor_id, location_name, sensor_location_id, sensor_type, is_connected, patient_email, location_id, pressure_sensor_id, activity_id) VALUES ('SNS039_2','Loc39','LOC039_A2',4,TRUE,'pat39@patient.com',139,NULL,'ACT039_2');
INSERT INTO Sensor (sensor_id, location_name, sensor_location_id, sensor_type, is_connected, patient_email, location_id, pressure_sensor_id, activity_id) VALUES ('SNS040_1','Loc40','LOC040_A1',3,TRUE,'pat40@patient.com',140,NULL,'ACT040_1');
INSERT INTO Sensor (sensor_id, location_name, sensor_location_id, sensor_type, is_connected, patient_email, location_id, pressure_sensor_id, activity_id) VALUES ('SNS040_2','Loc40','LOC040_A2',3,TRUE,'pat40@patient.com',140,NULL,'ACT040_2');
INSERT INTO Sensor (sensor_id, location_name, sensor_location_id, sensor_type, is_connected, patient_email, location_id, pressure_sensor_id, activity_id) VALUES ('SNS041_1','Loc41','LOC041_A1',4,TRUE,'pat41@patient.com',141,NULL,'ACT041_1');
INSERT INTO Sensor (sensor_id, location_name, sensor_location_id, sensor_type, is_connected, patient_email, location_id, pressure_sensor_id, activity_id) VALUES ('SNS041_2','Loc41','LOC041_A2',4,TRUE,'pat41@patient.com',141,NULL,'ACT041_2');
INSERT INTO Sensor (sensor_id, location_name, sensor_location_id, sensor_type, is_connected, patient_email, location_id, pressure_sensor_id, activity_id) VALUES ('SNS042_1','Loc42','LOC042_A1',2,TRUE,'pat42@patient.com',142,NULL,'ACT042_1');
INSERT INTO Sensor (sensor_id, location_name, sensor_location_id, sensor_type, is_connected, patient_email, location_id, pressure_sensor_id, activity_id) VALUES ('SNS042_2','Loc42','LOC042_A2',2,TRUE,'pat42@patient.com',142,NULL,'ACT042_2');
INSERT INTO Sensor (sensor_id, location_name, sensor_location_id, sensor_type, is_connected, patient_email, location_id, pressure_sensor_id, activity_id) VALUES ('SNS043_1','Loc43','LOC043_A1',4,TRUE,'pat43@patient.com',143,NULL,'ACT043_1');
INSERT INTO Sensor (sensor_id, location_name, sensor_location_id, sensor_type, is_connected, patient_email, location_id, pressure_sensor_id, activity_id) VALUES ('SNS043_2','Loc43','LOC043_A2',4,TRUE,'pat43@patient.com',143,NULL,'ACT043_2');
INSERT INTO Sensor (sensor_id, location_name, sensor_location_id, sensor_type, is_connected, patient_email, location_id, pressure_sensor_id, activity_id) VALUES ('SNS044_1','Loc44','LOC044_A1',3,TRUE,'pat44@patient.com',144,NULL,'ACT044_1');
INSERT INTO Sensor (sensor_id, location_name, sensor_location_id, sensor_type, is_connected, patient_email, location_id, pressure_sensor_id, activity_id) VALUES ('SNS044_2','Loc44','LOC044_A2',3,TRUE,'pat44@patient.com',144,NULL,'ACT044_2');
INSERT INTO Sensor (sensor_id, location_name, sensor_location_id, sensor_type, is_connected, patient_email, location_id, pressure_sensor_id, activity_id) VALUES ('SNS045_1','Loc45','LOC045_A1',2,TRUE,'pat45@patient.com',145,NULL,'ACT045_1');
INSERT INTO Sensor (sensor_id, location_name, sensor_location_id, sensor_type, is_connected, patient_email, location_id, pressure_sensor_id, activity_id) VALUES ('SNS045_2','Loc45','LOC045_A2',2,TRUE,'pat45@patient.com',145,NULL,'ACT045_2');
INSERT INTO Sensor (sensor_id, location_name, sensor_location_id, sensor_type, is_connected, patient_email, location_id, pressure_sensor_id, activity_id) VALUES ('SNS046_1','Loc46','LOC046_A1',3,TRUE,'pat46@patient.com',146,NULL,'ACT046_1');
INSERT INTO Sensor (sensor_id, location_name, sensor_location_id, sensor_type, is_connected, patient_email, location_id, pressure_sensor_id, activity_id) VALUES ('SNS046_2','Loc46','LOC046_A2',3,TRUE,'pat46@patient.com',146,NULL,'ACT046_2');
INSERT INTO Sensor (sensor_id, location_name, sensor_location_id, sensor_type, is_connected, patient_email, location_id, pressure_sensor_id, activity_id) VALUES ('SNS047_1','Loc47','LOC047_A1',2,TRUE,'pat47@patient.com',147,NULL,'ACT047_1');
INSERT INTO Sensor (sensor_id, location_name, sensor_location_id, sensor_type, is_connected, patient_email, location_id, pressure_sensor_id, activity_id) VALUES ('SNS047_2','Loc47','LOC047_A2',2,TRUE,'pat47@patient.com',147,NULL,'ACT047_2');
INSERT INTO Sensor (sensor_id, location_name, sensor_location_id, sensor_type, is_connected, patient_email, location_id, pressure_sensor_id, activity_id) VALUES ('SNS048_1','Loc48','LOC048_A1',3,TRUE,'pat48@patient.com',148,NULL,'ACT048_1');
INSERT INTO Sensor (sensor_id, location_name, sensor_location_id, sensor_type, is_connected, patient_email, location_id, pressure_sensor_id, activity_id) VALUES ('SNS048_2','Loc48','LOC048_A2',3,TRUE,'pat48@patient.com',148,NULL,'ACT048_2');
INSERT INTO Sensor (sensor_id, location_name, sensor_location_id, sensor_type, is_connected, patient_email, location_id, pressure_sensor_id, activity_id) VALUES ('SNS049_1','Loc49','LOC049_A1',2,TRUE,'pat49@patient.com',149,NULL,'ACT049_1');
INSERT INTO Sensor (sensor_id, location_name, sensor_location_id, sensor_type, is_connected, patient_email, location_id, pressure_sensor_id, activity_id) VALUES ('SNS049_2','Loc49','LOC049_A2',2,TRUE,'pat49@patient.com',149,NULL,'ACT049_2');
INSERT INTO Sensor (sensor_id, location_name, sensor_location_id, sensor_type, is_connected, patient_email, location_id, pressure_sensor_id, activity_id) VALUES ('SNS050_1','Loc50','LOC050_A1',3,TRUE,'pat50@patient.com',150,NULL,'ACT050_1');
INSERT INTO Sensor (sensor_id, location_name, sensor_location_id, sensor_type, is_connected, patient_email, location_id, pressure_sensor_id, activity_id) VALUES ('SNS050_2','Loc50','LOC050_A2',3,TRUE,'pat50@patient.com',150,NULL,'ACT050_2');

-- PressureReadings
INSERT INTO PressureReading (pressure_reading_id, pressure_value, time, sensor_type, is_uploaded, activity_id, sensor_id) VALUES ('PR001_1',72.71,1693110500,4,TRUE,'ACT001_2','SNS001_2');
INSERT INTO PressureReading (pressure_reading_id, pressure_value, time, sensor_type, is_uploaded, activity_id, sensor_id) VALUES ('PR001_2',67.13,1693110560,4,TRUE,'ACT001_2','SNS001_2');
INSERT INTO PressureReading (pressure_reading_id, pressure_value, time, sensor_type, is_uploaded, activity_id, sensor_id) VALUES ('PR001_3',65.9,1693110620,4,TRUE,'ACT001_2','SNS001_2');
INSERT INTO PressureReading (pressure_reading_id, pressure_value, time, sensor_type, is_uploaded, activity_id, sensor_id) VALUES ('PR001_4',74.44,1693110680,4,TRUE,'ACT001_2','SNS001_2');
INSERT INTO PressureReading (pressure_reading_id, pressure_value, time, sensor_type, is_uploaded, activity_id, sensor_id) VALUES ('PR001_5',48.39,1693110240,4,TRUE,'ACT001_1','SNS001_1');
INSERT INTO PressureReading (pressure_reading_id, pressure_value, time, sensor_type, is_uploaded, activity_id, sensor_id) VALUES ('PR001_6',44.95,1693110300,4,TRUE,'ACT001_1','SNS001_1');
INSERT INTO PressureReading (pressure_reading_id, pressure_value, time, sensor_type, is_uploaded, activity_id, sensor_id) VALUES ('PR001_7',55.87,1693110860,4,TRUE,'ACT001_2','SNS001_2');
INSERT INTO PressureReading (pressure_reading_id, pressure_value, time, sensor_type, is_uploaded, activity_id, sensor_id) VALUES ('PR001_8',57.07,1693110920,4,TRUE,'ACT001_2','SNS001_2');
INSERT INTO PressureReading (pressure_reading_id, pressure_value, time, sensor_type, is_uploaded, activity_id, sensor_id) VALUES ('PR001_9',59.86,1693110480,4,TRUE,'ACT001_1','SNS001_1');
INSERT INTO PressureReading (pressure_reading_id, pressure_value, time, sensor_type, is_uploaded, activity_id, sensor_id) VALUES ('PR001_10',64.19,1693111040,4,TRUE,'ACT001_2','SNS001_2');
INSERT INTO PressureReading (pressure_reading_id, pressure_value, time, sensor_type, is_uploaded, activity_id, sensor_id) VALUES ('PR002_1',70.99,1693120500,2,TRUE,'ACT002_2','SNS002_2');
INSERT INTO PressureReading (pressure_reading_id, pressure_value, time, sensor_type, is_uploaded, activity_id, sensor_id) VALUES ('PR002_2',44.43,1693120560,2,TRUE,'ACT002_2','SNS002_2');
INSERT INTO PressureReading (pressure_reading_id, pressure_value, time, sensor_type, is_uploaded, activity_id, sensor_id) VALUES ('PR002_3',40.13,1693120620,2,TRUE,'ACT002_2','SNS002_2');
INSERT INTO PressureReading (pressure_reading_id, pressure_value, time, sensor_type, is_uploaded, activity_id, sensor_id) VALUES ('PR002_4',51.94,1693120680,2,TRUE,'ACT002_2','SNS002_2');
INSERT INTO PressureReading (pressure_reading_id, pressure_value, time, sensor_type, is_uploaded, activity_id, sensor_id) VALUES ('PR002_5',55.03,1693120740,2,TRUE,'ACT002_2','SNS002_2');
INSERT INTO PressureReading (pressure_reading_id, pressure_value, time, sensor_type, is_uploaded, activity_id, sensor_id) VALUES ('PR002_6',46.84,1693120300,2,TRUE,'ACT002_1','SNS002_1');
INSERT INTO PressureReading (pressure_reading_id, pressure_value, time, sensor_type, is_uploaded, activity_id, sensor_id) VALUES ('PR002_7',32.03,1693120860,2,TRUE,'ACT002_2','SNS002_2');
INSERT INTO PressureReading (pressure_reading_id, pressure_value, time, sensor_type, is_uploaded, activity_id, sensor_id) VALUES ('PR002_8',53.19,1693120420,2,TRUE,'ACT002_1','SNS002_1');
INSERT INTO PressureReading (pressure_reading_id, pressure_value, time, sensor_type, is_uploaded, activity_id, sensor_id) VALUES ('PR002_9',32.75,1693120480,2,TRUE,'ACT002_1','SNS002_1');
INSERT INTO PressureReading (pressure_reading_id, pressure_value, time, sensor_type, is_uploaded, activity_id, sensor_id) VALUES ('PR002_10',65.87,1693120540,2,TRUE,'ACT002_1','SNS002_1');
INSERT INTO PressureReading (pressure_reading_id, pressure_value, time, sensor_type, is_uploaded, activity_id, sensor_id) VALUES ('PR003_1',64.97,1693130000,2,TRUE,'ACT003_1','SNS003_1');
INSERT INTO PressureReading (pressure_reading_id, pressure_value, time, sensor_type, is_uploaded, activity_id, sensor_id) VALUES ('PR003_2',73.68,1693130060,2,TRUE,'ACT003_1','SNS003_1');
INSERT INTO PressureReading (pressure_reading_id, pressure_value, time, sensor_type, is_uploaded, activity_id, sensor_id) VALUES ('PR003_3',72.21,1693130120,2,TRUE,'ACT003_1','SNS003_1');
INSERT INTO PressureReading (pressure_reading_id, pressure_value, time, sensor_type, is_uploaded, activity_id, sensor_id) VALUES ('PR003_4',52.3,1693130680,2,TRUE,'ACT003_2','SNS003_2');
INSERT INTO PressureReading (pressure_reading_id, pressure_value, time, sensor_type, is_uploaded, activity_id, sensor_id) VALUES ('PR003_5',29.11,1693130740,2,TRUE,'ACT003_2','SNS003_2');
INSERT INTO PressureReading (pressure_reading_id, pressure_value, time, sensor_type, is_uploaded, activity_id, sensor_id) VALUES ('PR003_6',64.15,1693130800,2,TRUE,'ACT003_2','SNS003_2');
INSERT INTO PressureReading (pressure_reading_id, pressure_value, time, sensor_type, is_uploaded, activity_id, sensor_id) VALUES ('PR003_7',56.83,1693130360,2,TRUE,'ACT003_1','SNS003_1');
INSERT INTO PressureReading (pressure_reading_id, pressure_value, time, sensor_type, is_uploaded, activity_id, sensor_id) VALUES ('PR003_8',39.2,1693130920,2,TRUE,'ACT003_2','SNS003_2');
INSERT INTO PressureReading (pressure_reading_id, pressure_value, time, sensor_type, is_uploaded, activity_id, sensor_id) VALUES ('PR003_9',62.88,1693130480,2,TRUE,'ACT003_1','SNS003_1');
INSERT INTO PressureReading (pressure_reading_id, pressure_value, time, sensor_type, is_uploaded, activity_id, sensor_id) VALUES ('PR003_10',70.77,1693131040,2,TRUE,'ACT003_2','SNS003_2');
INSERT INTO PressureReading (pressure_reading_id, pressure_value, time, sensor_type, is_uploaded, activity_id, sensor_id) VALUES ('PR004_1',68.58,1693140000,3,TRUE,'ACT004_1','SNS004_1');
INSERT INTO PressureReading (pressure_reading_id, pressure_value, time, sensor_type, is_uploaded, activity_id, sensor_id) VALUES ('PR004_2',62.66,1693140560,3,TRUE,'ACT004_2','SNS004_2');
INSERT INTO PressureReading (pressure_reading_id, pressure_value, time, sensor_type, is_uploaded, activity_id, sensor_id) VALUES ('PR004_3',67.89,1693140120,3,TRUE,'ACT004_1','SNS004_1');
INSERT INTO PressureReading (pressure_reading_id, pressure_value, time, sensor_type, is_uploaded, activity_id, sensor_id) VALUES ('PR004_4',44.76,1693140680,3,TRUE,'ACT004_2','SNS004_2');
INSERT INTO PressureReading (pressure_reading_id, pressure_value, time, sensor_type, is_uploaded, activity_id, sensor_id) VALUES ('PR004_5',49.27,1693140740,3,TRUE,'ACT004_2','SNS004_2');
INSERT INTO PressureReading (pressure_reading_id, pressure_value, time, sensor_type, is_uploaded, activity_id, sensor_id) VALUES ('PR004_6',51.17,1693140300,3,TRUE,'ACT004_1','SNS004_1');
INSERT INTO PressureReading (pressure_reading_id, pressure_value, time, sensor_type, is_uploaded, activity_id, sensor_id) VALUES ('PR004_7',64.13,1693140860,3,TRUE,'ACT004_2','SNS004_2');
INSERT INTO PressureReading (pressure_reading_id, pressure_value, time, sensor_type, is_uploaded, activity_id, sensor_id) VALUES ('PR004_8',50.22,1693140420,3,TRUE,'ACT004_1','SNS004_1');
INSERT INTO PressureReading (pressure_reading_id, pressure_value, time, sensor_type, is_uploaded, activity_id, sensor_id) VALUES ('PR004_9',53.37,1693140980,3,TRUE,'ACT004_2','SNS004_2');
INSERT INTO PressureReading (pressure_reading_id, pressure_value, time, sensor_type, is_uploaded, activity_id, sensor_id) VALUES ('PR004_10',30.89,1693141040,3,TRUE,'ACT004_2','SNS004_2');
INSERT INTO PressureReading (pressure_reading_id, pressure_value, time, sensor_type, is_uploaded, activity_id, sensor_id) VALUES ('PR005_1',35.59,1693150000,2,TRUE,'ACT005_1','SNS005_1');
INSERT INTO PressureReading (pressure_reading_id, pressure_value, time, sensor_type, is_uploaded, activity_id, sensor_id) VALUES ('PR005_2',77.16,1693150060,2,TRUE,'ACT005_1','SNS005_1');
INSERT INTO PressureReading (pressure_reading_id, pressure_value, time, sensor_type, is_uploaded, activity_id, sensor_id) VALUES ('PR005_3',57.63,1693150120,2,TRUE,'ACT005_1','SNS005_1');
INSERT INTO PressureReading (pressure_reading_id, pressure_value, time, sensor_type, is_uploaded, activity_id, sensor_id) VALUES ('PR005_4',59.43,1693150680,2,TRUE,'ACT005_2','SNS005_2');
INSERT INTO PressureReading (pressure_reading_id, pressure_value, time, sensor_type, is_uploaded, activity_id, sensor_id) VALUES ('PR005_5',54.01,1693150740,2,TRUE,'ACT005_2','SNS005_2');
INSERT INTO PressureReading (pressure_reading_id, pressure_value, time, sensor_type, is_uploaded, activity_id, sensor_id) VALUES ('PR005_6',30.36,1693150300,2,TRUE,'ACT005_1','SNS005_1');
INSERT INTO PressureReading (pressure_reading_id, pressure_value, time, sensor_type, is_uploaded, activity_id, sensor_id) VALUES ('PR005_7',20.6,1693150860,2,TRUE,'ACT005_2','SNS005_2');
INSERT INTO PressureReading (pressure_reading_id, pressure_value, time, sensor_type, is_uploaded, activity_id, sensor_id) VALUES ('PR005_8',75.93,1693150420,2,TRUE,'ACT005_1','SNS005_1');
INSERT INTO PressureReading (pressure_reading_id, pressure_value, time, sensor_type, is_uploaded, activity_id, sensor_id) VALUES ('PR005_9',26.85,1693150480,2,TRUE,'ACT005_1','SNS005_1');
INSERT INTO PressureReading (pressure_reading_id, pressure_value, time, sensor_type, is_uploaded, activity_id, sensor_id) VALUES ('PR005_10',63.0,1693150540,2,TRUE,'ACT005_1','SNS005_1');
INSERT INTO PressureReading (pressure_reading_id, pressure_value, time, sensor_type, is_uploaded, activity_id, sensor_id) VALUES ('PR006_1',67.65,1693160500,1,TRUE,'ACT006_2','SNS006_2');
INSERT INTO PressureReading (pressure_reading_id, pressure_value, time, sensor_type, is_uploaded, activity_id, sensor_id) VALUES ('PR006_2',48.69,1693160060,1,TRUE,'ACT006_1','SNS006_1');
INSERT INTO PressureReading (pressure_reading_id, pressure_value, time, sensor_type, is_uploaded, activity_id, sensor_id) VALUES ('PR006_3',76.43,1693160120,1,TRUE,'ACT006_1','SNS006_1');
INSERT INTO PressureReading (pressure_reading_id, pressure_value, time, sensor_type, is_uploaded, activity_id, sensor_id) VALUES ('PR006_4',45.22,1693160680,1,TRUE,'ACT006_2','SNS006_2');
INSERT INTO PressureReading (pressure_reading_id, pressure_value, time, sensor_type, is_uploaded, activity_id, sensor_id) VALUES ('PR006_5',78.59,1693160740,1,TRUE,'ACT006_2','SNS006_2');
INSERT INTO PressureReading (pressure_reading_id, pressure_value, time, sensor_type, is_uploaded, activity_id, sensor_id) VALUES ('PR006_6',49.08,1693160300,1,TRUE,'ACT006_1','SNS006_1');
INSERT INTO PressureReading (pressure_reading_id, pressure_value, time, sensor_type, is_uploaded, activity_id, sensor_id) VALUES ('PR006_7',26.9,1693160360,1,TRUE,'ACT006_1','SNS006_1');
INSERT INTO PressureReading (pressure_reading_id, pressure_value, time, sensor_type, is_uploaded, activity_id, sensor_id) VALUES ('PR006_8',49.64,1693160920,1,TRUE,'ACT006_2','SNS006_2');
INSERT INTO PressureReading (pressure_reading_id, pressure_value, time, sensor_type, is_uploaded, activity_id, sensor_id) VALUES ('PR006_9',51.63,1693160480,1,TRUE,'ACT006_1','SNS006_1');
INSERT INTO PressureReading (pressure_reading_id, pressure_value, time, sensor_type, is_uploaded, activity_id, sensor_id) VALUES ('PR006_10',53.27,1693161040,1,TRUE,'ACT006_2','SNS006_2');
INSERT INTO PressureReading (pressure_reading_id, pressure_value, time, sensor_type, is_uploaded, activity_id, sensor_id) VALUES ('PR007_1',77.03,1693170000,4,TRUE,'ACT007_1','SNS007_1');
INSERT INTO PressureReading (pressure_reading_id, pressure_value, time, sensor_type, is_uploaded, activity_id, sensor_id) VALUES ('PR007_2',23.59,1693170560,4,TRUE,'ACT007_2','SNS007_2');
INSERT INTO PressureReading (pressure_reading_id, pressure_value, time, sensor_type, is_uploaded, activity_id, sensor_id) VALUES ('PR007_3',49.14,1693170120,4,TRUE,'ACT007_1','SNS007_1');
INSERT INTO PressureReading (pressure_reading_id, pressure_value, time, sensor_type, is_uploaded, activity_id, sensor_id) VALUES ('PR007_4',48.5,1693170680,4,TRUE,'ACT007_2','SNS007_2');
INSERT INTO PressureReading (pressure_reading_id, pressure_value, time, sensor_type, is_uploaded, activity_id, sensor_id) VALUES ('PR007_5',45.75,1693170240,4,TRUE,'ACT007_1','SNS007_1');
INSERT INTO PressureReading (pressure_reading_id, pressure_value, time, sensor_type, is_uploaded, activity_id, sensor_id) VALUES ('PR007_6',66.87,1693170300,4,TRUE,'ACT007_1','SNS007_1');
INSERT INTO PressureReading (pressure_reading_id, pressure_value, time, sensor_type, is_uploaded, activity_id, sensor_id) VALUES ('PR007_7',61.06,1693170360,4,TRUE,'ACT007_1','SNS007_1');
INSERT INTO PressureReading (pressure_reading_id, pressure_value, time, sensor_type, is_uploaded, activity_id, sensor_id) VALUES ('PR007_8',62.07,1693170420,4,TRUE,'ACT007_1','SNS007_1');
INSERT INTO PressureReading (pressure_reading_id, pressure_value, time, sensor_type, is_uploaded, activity_id, sensor_id) VALUES ('PR007_9',37.72,1693170480,4,TRUE,'ACT007_1','SNS007_1');
INSERT INTO PressureReading (pressure_reading_id, pressure_value, time, sensor_type, is_uploaded, activity_id, sensor_id) VALUES ('PR007_10',62.51,1693170540,4,TRUE,'ACT007_1','SNS007_1');
INSERT INTO PressureReading (pressure_reading_id, pressure_value, time, sensor_type, is_uploaded, activity_id, sensor_id) VALUES ('PR008_1',22.4,1693180500,2,TRUE,'ACT008_2','SNS008_2');
INSERT INTO PressureReading (pressure_reading_id, pressure_value, time, sensor_type, is_uploaded, activity_id, sensor_id) VALUES ('PR008_2',37.36,1693180560,2,TRUE,'ACT008_2','SNS008_2');
INSERT INTO PressureReading (pressure_reading_id, pressure_value, time, sensor_type, is_uploaded, activity_id, sensor_id) VALUES ('PR008_3',57.24,1693180120,2,TRUE,'ACT008_1','SNS008_1');
INSERT INTO PressureReading (pressure_reading_id, pressure_value, time, sensor_type, is_uploaded, activity_id, sensor_id) VALUES ('PR008_4',73.32,1693180680,2,TRUE,'ACT008_2','SNS008_2');
INSERT INTO PressureReading (pressure_reading_id, pressure_value, time, sensor_type, is_uploaded, activity_id, sensor_id) VALUES ('PR008_5',40.37,1693180740,2,TRUE,'ACT008_2','SNS008_2');
INSERT INTO PressureReading (pressure_reading_id, pressure_value, time, sensor_type, is_uploaded, activity_id, sensor_id) VALUES ('PR008_6',68.76,1693180800,2,TRUE,'ACT008_2','SNS008_2');
INSERT INTO PressureReading (pressure_reading_id, pressure_value, time, sensor_type, is_uploaded, activity_id, sensor_id) VALUES ('PR008_7',57.78,1693180860,2,TRUE,'ACT008_2','SNS008_2');
INSERT INTO PressureReading (pressure_reading_id, pressure_value, time, sensor_type, is_uploaded, activity_id, sensor_id) VALUES ('PR008_8',27.37,1693180420,2,TRUE,'ACT008_1','SNS008_1');
INSERT INTO PressureReading (pressure_reading_id, pressure_value, time, sensor_type, is_uploaded, activity_id, sensor_id) VALUES ('PR008_9',50.6,1693180480,2,TRUE,'ACT008_1','SNS008_1');
INSERT INTO PressureReading (pressure_reading_id, pressure_value, time, sensor_type, is_uploaded, activity_id, sensor_id) VALUES ('PR008_10',24.12,1693181040,2,TRUE,'ACT008_2','SNS008_2');
INSERT INTO PressureReading (pressure_reading_id, pressure_value, time, sensor_type, is_uploaded, activity_id, sensor_id) VALUES ('PR009_1',46.35,1693190500,2,TRUE,'ACT009_2','SNS009_2');
INSERT INTO PressureReading (pressure_reading_id, pressure_value, time, sensor_type, is_uploaded, activity_id, sensor_id) VALUES ('PR009_2',70.66,1693190060,2,TRUE,'ACT009_1','SNS009_1');
INSERT INTO PressureReading (pressure_reading_id, pressure_value, time, sensor_type, is_uploaded, activity_id, sensor_id) VALUES ('PR009_3',59.68,1693190620,2,TRUE,'ACT009_2','SNS009_2');
INSERT INTO PressureReading (pressure_reading_id, pressure_value, time, sensor_type, is_uploaded, activity_id, sensor_id) VALUES ('PR009_4',57.69,1693190180,2,TRUE,'ACT009_1','SNS009_1');
INSERT INTO PressureReading (pressure_reading_id, pressure_value, time, sensor_type, is_uploaded, activity_id, sensor_id) VALUES ('PR009_5',32.02,1693190240,2,TRUE,'ACT009_1','SNS009_1');
INSERT INTO PressureReading (pressure_reading_id, pressure_value, time, sensor_type, is_uploaded, activity_id, sensor_id) VALUES ('PR009_6',20.18,1693190800,2,TRUE,'ACT009_2','SNS009_2');
INSERT INTO PressureReading (pressure_reading_id, pressure_value, time, sensor_type, is_uploaded, activity_id, sensor_id) VALUES ('PR009_7',29.94,1693190360,2,TRUE,'ACT009_1','SNS009_1');
INSERT INTO PressureReading (pressure_reading_id, pressure_value, time, sensor_type, is_uploaded, activity_id, sensor_id) VALUES ('PR009_8',48.39,1693190420,2,TRUE,'ACT009_1','SNS009_1');
INSERT INTO PressureReading (pressure_reading_id, pressure_value, time, sensor_type, is_uploaded, activity_id, sensor_id) VALUES ('PR009_9',68.81,1693190980,2,TRUE,'ACT009_2','SNS009_2');
INSERT INTO PressureReading (pressure_reading_id, pressure_value, time, sensor_type, is_uploaded, activity_id, sensor_id) VALUES ('PR009_10',78.09,1693191040,2,TRUE,'ACT009_2','SNS009_2');
INSERT INTO PressureReading (pressure_reading_id, pressure_value, time, sensor_type, is_uploaded, activity_id, sensor_id) VALUES ('PR010_1',78.16,1693200500,1,TRUE,'ACT010_2','SNS010_2');
INSERT INTO PressureReading (pressure_reading_id, pressure_value, time, sensor_type, is_uploaded, activity_id, sensor_id) VALUES ('PR010_2',70.39,1693200560,1,TRUE,'ACT010_2','SNS010_2');
INSERT INTO PressureReading (pressure_reading_id, pressure_value, time, sensor_type, is_uploaded, activity_id, sensor_id) VALUES ('PR010_3',67.08,1693200120,1,TRUE,'ACT010_1','SNS010_1');
INSERT INTO PressureReading (pressure_reading_id, pressure_value, time, sensor_type, is_uploaded, activity_id, sensor_id) VALUES ('PR010_4',40.3,1693200680,1,TRUE,'ACT010_2','SNS010_2');
INSERT INTO PressureReading (pressure_reading_id, pressure_value, time, sensor_type, is_uploaded, activity_id, sensor_id) VALUES ('PR010_5',32.69,1693200240,1,TRUE,'ACT010_1','SNS010_1');
INSERT INTO PressureReading (pressure_reading_id, pressure_value, time, sensor_type, is_uploaded, activity_id, sensor_id) VALUES ('PR010_6',58.12,1693200300,1,TRUE,'ACT010_1','SNS010_1');
INSERT INTO PressureReading (pressure_reading_id, pressure_value, time, sensor_type, is_uploaded, activity_id, sensor_id) VALUES ('PR010_7',53.05,1693200860,1,TRUE,'ACT010_2','SNS010_2');
INSERT INTO PressureReading (pressure_reading_id, pressure_value, time, sensor_type, is_uploaded, activity_id, sensor_id) VALUES ('PR010_8',69.26,1693200920,1,TRUE,'ACT010_2','SNS010_2');
INSERT INTO PressureReading (pressure_reading_id, pressure_value, time, sensor_type, is_uploaded, activity_id, sensor_id) VALUES ('PR010_9',60.58,1693200480,1,TRUE,'ACT010_1','SNS010_1');
INSERT INTO PressureReading (pressure_reading_id, pressure_value, time, sensor_type, is_uploaded, activity_id, sensor_id) VALUES ('PR010_10',70.92,1693200540,1,TRUE,'ACT010_1','SNS010_1');
INSERT INTO PressureReading (pressure_reading_id, pressure_value, time, sensor_type, is_uploaded, activity_id, sensor_id) VALUES ('PR011_1',75.17,1693210000,4,TRUE,'ACT011_1','SNS011_1');
INSERT INTO PressureReading (pressure_reading_id, pressure_value, time, sensor_type, is_uploaded, activity_id, sensor_id) VALUES ('PR011_2',35.56,1693210560,4,TRUE,'ACT011_2','SNS011_2');
INSERT INTO PressureReading (pressure_reading_id, pressure_value, time, sensor_type, is_uploaded, activity_id, sensor_id) VALUES ('PR011_3',23.88,1693210620,4,TRUE,'ACT011_2','SNS011_2');
INSERT INTO PressureReading (pressure_reading_id, pressure_value, time, sensor_type, is_uploaded, activity_id, sensor_id) VALUES ('PR011_4',46.04,1693210180,4,TRUE,'ACT011_1','SNS011_1');
INSERT INTO PressureReading (pressure_reading_id, pressure_value, time, sensor_type, is_uploaded, activity_id, sensor_id) VALUES ('PR011_5',60.61,1693210240,4,TRUE,'ACT011_1','SNS011_1');
INSERT INTO PressureReading (pressure_reading_id, pressure_value, time, sensor_type, is_uploaded, activity_id, sensor_id) VALUES ('PR011_6',56.52,1693210800,4,TRUE,'ACT011_2','SNS011_2');
INSERT INTO PressureReading (pressure_reading_id, pressure_value, time, sensor_type, is_uploaded, activity_id, sensor_id) VALUES ('PR011_7',29.6,1693210860,4,TRUE,'ACT011_2','SNS011_2');
INSERT INTO PressureReading (pressure_reading_id, pressure_value, time, sensor_type, is_uploaded, activity_id, sensor_id) VALUES ('PR011_8',65.01,1693210920,4,TRUE,'ACT011_2','SNS011_2');
INSERT INTO PressureReading (pressure_reading_id, pressure_value, time, sensor_type, is_uploaded, activity_id, sensor_id) VALUES ('PR011_9',64.95,1693210980,4,TRUE,'ACT011_2','SNS011_2');
INSERT INTO PressureReading (pressure_reading_id, pressure_value, time, sensor_type, is_uploaded, activity_id, sensor_id) VALUES ('PR011_10',43.27,1693211040,4,TRUE,'ACT011_2','SNS011_2');
INSERT INTO PressureReading (pressure_reading_id, pressure_value, time, sensor_type, is_uploaded, activity_id, sensor_id) VALUES ('PR012_1',50.08,1693220500,2,TRUE,'ACT012_2','SNS012_2');
INSERT INTO PressureReading (pressure_reading_id, pressure_value, time, sensor_type, is_uploaded, activity_id, sensor_id) VALUES ('PR012_2',25.65,1693220060,2,TRUE,'ACT012_1','SNS012_1');
INSERT INTO PressureReading (pressure_reading_id, pressure_value, time, sensor_type, is_uploaded, activity_id, sensor_id) VALUES ('PR012_3',71.48,1693220620,2,TRUE,'ACT012_2','SNS012_2');
INSERT INTO PressureReading (pressure_reading_id, pressure_value, time, sensor_type, is_uploaded, activity_id, sensor_id) VALUES ('PR012_4',70.22,1693220680,2,TRUE,'ACT012_2','SNS012_2');
INSERT INTO PressureReading (pressure_reading_id, pressure_value, time, sensor_type, is_uploaded, activity_id, sensor_id) VALUES ('PR012_5',72.41,1693220740,2,TRUE,'ACT012_2','SNS012_2');
INSERT INTO PressureReading (pressure_reading_id, pressure_value, time, sensor_type, is_uploaded, activity_id, sensor_id) VALUES ('PR012_6',31.46,1693220800,2,TRUE,'ACT012_2','SNS012_2');
INSERT INTO PressureReading (pressure_reading_id, pressure_value, time, sensor_type, is_uploaded, activity_id, sensor_id) VALUES ('PR012_7',75.46,1693220360,2,TRUE,'ACT012_1','SNS012_1');
INSERT INTO PressureReading (pressure_reading_id, pressure_value, time, sensor_type, is_uploaded, activity_id, sensor_id) VALUES ('PR012_8',36.52,1693220920,2,TRUE,'ACT012_2','SNS012_2');
INSERT INTO PressureReading (pressure_reading_id, pressure_value, time, sensor_type, is_uploaded, activity_id, sensor_id) VALUES ('PR012_9',53.16,1693220980,2,TRUE,'ACT012_2','SNS012_2');
INSERT INTO PressureReading (pressure_reading_id, pressure_value, time, sensor_type, is_uploaded, activity_id, sensor_id) VALUES ('PR012_10',30.57,1693220540,2,TRUE,'ACT012_1','SNS012_1');
INSERT INTO PressureReading (pressure_reading_id, pressure_value, time, sensor_type, is_uploaded, activity_id, sensor_id) VALUES ('PR013_1',43.82,1693230500,2,TRUE,'ACT013_2','SNS013_2');
INSERT INTO PressureReading (pressure_reading_id, pressure_value, time, sensor_type, is_uploaded, activity_id, sensor_id) VALUES ('PR013_2',48.09,1693230060,2,TRUE,'ACT013_1','SNS013_1');
INSERT INTO PressureReading (pressure_reading_id, pressure_value, time, sensor_type, is_uploaded, activity_id, sensor_id) VALUES ('PR013_3',78.75,1693230120,2,TRUE,'ACT013_1','SNS013_1');
INSERT INTO PressureReading (pressure_reading_id, pressure_value, time, sensor_type, is_uploaded, activity_id, sensor_id) VALUES ('PR013_4',65.4,1693230180,2,TRUE,'ACT013_1','SNS013_1');
INSERT INTO PressureReading (pressure_reading_id, pressure_value, time, sensor_type, is_uploaded, activity_id, sensor_id) VALUES ('PR013_5',65.62,1693230240,2,TRUE,'ACT013_1','SNS013_1');
INSERT INTO PressureReading (pressure_reading_id, pressure_value, time, sensor_type, is_uploaded, activity_id, sensor_id) VALUES ('PR013_6',39.59,1693230800,2,TRUE,'ACT013_2','SNS013_2');
INSERT INTO PressureReading (pressure_reading_id, pressure_value, time, sensor_type, is_uploaded, activity_id, sensor_id) VALUES ('PR013_7',66.88,1693230360,2,TRUE,'ACT013_1','SNS013_1');
INSERT INTO PressureReading (pressure_reading_id, pressure_value, time, sensor_type, is_uploaded, activity_id, sensor_id) VALUES ('PR013_8',56.66,1693230420,2,TRUE,'ACT013_1','SNS013_1');
INSERT INTO PressureReading (pressure_reading_id, pressure_value, time, sensor_type, is_uploaded, activity_id, sensor_id) VALUES ('PR013_9',79.92,1693230480,2,TRUE,'ACT013_1','SNS013_1');
INSERT INTO PressureReading (pressure_reading_id, pressure_value, time, sensor_type, is_uploaded, activity_id, sensor_id) VALUES ('PR013_10',29.58,1693231040,2,TRUE,'ACT013_2','SNS013_2');
INSERT INTO PressureReading (pressure_reading_id, pressure_value, time, sensor_type, is_uploaded, activity_id, sensor_id) VALUES ('PR014_1',20.78,1693240500,4,TRUE,'ACT014_2','SNS014_2');
INSERT INTO PressureReading (pressure_reading_id, pressure_value, time, sensor_type, is_uploaded, activity_id, sensor_id) VALUES ('PR014_2',54.71,1693240560,4,TRUE,'ACT014_2','SNS014_2');
INSERT INTO PressureReading (pressure_reading_id, pressure_value, time, sensor_type, is_uploaded, activity_id, sensor_id) VALUES ('PR014_3',30.18,1693240120,4,TRUE,'ACT014_1','SNS014_1');
INSERT INTO PressureReading (pressure_reading_id, pressure_value, time, sensor_type, is_uploaded, activity_id, sensor_id) VALUES ('PR014_4',52.93,1693240180,4,TRUE,'ACT014_1','SNS014_1');
INSERT INTO PressureReading (pressure_reading_id, pressure_value, time, sensor_type, is_uploaded, activity_id, sensor_id) VALUES ('PR014_5',53.71,1693240740,4,TRUE,'ACT014_2','SNS014_2');
INSERT INTO PressureReading (pressure_reading_id, pressure_value, time, sensor_type, is_uploaded, activity_id, sensor_id) VALUES ('PR014_6',79.19,1693240800,4,TRUE,'ACT014_2','SNS014_2');
INSERT INTO PressureReading (pressure_reading_id, pressure_value, time, sensor_type, is_uploaded, activity_id, sensor_id) VALUES ('PR014_7',22.97,1693240860,4,TRUE,'ACT014_2','SNS014_2');
INSERT INTO PressureReading (pressure_reading_id, pressure_value, time, sensor_type, is_uploaded, activity_id, sensor_id) VALUES ('PR014_8',61.45,1693240920,4,TRUE,'ACT014_2','SNS014_2');
INSERT INTO PressureReading (pressure_reading_id, pressure_value, time, sensor_type, is_uploaded, activity_id, sensor_id) VALUES ('PR014_9',52.14,1693240480,4,TRUE,'ACT014_1','SNS014_1');
INSERT INTO PressureReading (pressure_reading_id, pressure_value, time, sensor_type, is_uploaded, activity_id, sensor_id) VALUES ('PR014_10',65.52,1693240540,4,TRUE,'ACT014_1','SNS014_1');
INSERT INTO PressureReading (pressure_reading_id, pressure_value, time, sensor_type, is_uploaded, activity_id, sensor_id) VALUES ('PR015_1',41.93,1693250000,4,TRUE,'ACT015_1','SNS015_1');
INSERT INTO PressureReading (pressure_reading_id, pressure_value, time, sensor_type, is_uploaded, activity_id, sensor_id) VALUES ('PR015_2',41.98,1693250060,4,TRUE,'ACT015_1','SNS015_1');
INSERT INTO PressureReading (pressure_reading_id, pressure_value, time, sensor_type, is_uploaded, activity_id, sensor_id) VALUES ('PR015_3',30.6,1693250120,4,TRUE,'ACT015_1','SNS015_1');
INSERT INTO PressureReading (pressure_reading_id, pressure_value, time, sensor_type, is_uploaded, activity_id, sensor_id) VALUES ('PR015_4',64.15,1693250680,4,TRUE,'ACT015_2','SNS015_2');
INSERT INTO PressureReading (pressure_reading_id, pressure_value, time, sensor_type, is_uploaded, activity_id, sensor_id) VALUES ('PR015_5',50.78,1693250240,4,TRUE,'ACT015_1','SNS015_1');
INSERT INTO PressureReading (pressure_reading_id, pressure_value, time, sensor_type, is_uploaded, activity_id, sensor_id) VALUES ('PR015_6',50.96,1693250800,4,TRUE,'ACT015_2','SNS015_2');
INSERT INTO PressureReading (pressure_reading_id, pressure_value, time, sensor_type, is_uploaded, activity_id, sensor_id) VALUES ('PR015_7',50.05,1693250360,4,TRUE,'ACT015_1','SNS015_1');
INSERT INTO PressureReading (pressure_reading_id, pressure_value, time, sensor_type, is_uploaded, activity_id, sensor_id) VALUES ('PR015_8',32.61,1693250420,4,TRUE,'ACT015_1','SNS015_1');
INSERT INTO PressureReading (pressure_reading_id, pressure_value, time, sensor_type, is_uploaded, activity_id, sensor_id) VALUES ('PR015_9',79.91,1693250480,4,TRUE,'ACT015_1','SNS015_1');
INSERT INTO PressureReading (pressure_reading_id, pressure_value, time, sensor_type, is_uploaded, activity_id, sensor_id) VALUES ('PR015_10',77.3,1693251040,4,TRUE,'ACT015_2','SNS015_2');
INSERT INTO PressureReading (pressure_reading_id, pressure_value, time, sensor_type, is_uploaded, activity_id, sensor_id) VALUES ('PR016_1',70.08,1693260000,2,TRUE,'ACT016_1','SNS016_1');
INSERT INTO PressureReading (pressure_reading_id, pressure_value, time, sensor_type, is_uploaded, activity_id, sensor_id) VALUES ('PR016_2',21.0,1693260560,2,TRUE,'ACT016_2','SNS016_2');
INSERT INTO PressureReading (pressure_reading_id, pressure_value, time, sensor_type, is_uploaded, activity_id, sensor_id) VALUES ('PR016_3',35.23,1693260620,2,TRUE,'ACT016_2','SNS016_2');
INSERT INTO PressureReading (pressure_reading_id, pressure_value, time, sensor_type, is_uploaded, activity_id, sensor_id) VALUES ('PR016_4',68.78,1693260180,2,TRUE,'ACT016_1','SNS016_1');
INSERT INTO PressureReading (pressure_reading_id, pressure_value, time, sensor_type, is_uploaded, activity_id, sensor_id) VALUES ('PR016_5',25.12,1693260240,2,TRUE,'ACT016_1','SNS016_1');
INSERT INTO PressureReading (pressure_reading_id, pressure_value, time, sensor_type, is_uploaded, activity_id, sensor_id) VALUES ('PR016_6',74.84,1693260300,2,TRUE,'ACT016_1','SNS016_1');
INSERT INTO PressureReading (pressure_reading_id, pressure_value, time, sensor_type, is_uploaded, activity_id, sensor_id) VALUES ('PR016_7',34.08,1693260860,2,TRUE,'ACT016_2','SNS016_2');
INSERT INTO PressureReading (pressure_reading_id, pressure_value, time, sensor_type, is_uploaded, activity_id, sensor_id) VALUES ('PR016_8',50.77,1693260420,2,TRUE,'ACT016_1','SNS016_1');
INSERT INTO PressureReading (pressure_reading_id, pressure_value, time, sensor_type, is_uploaded, activity_id, sensor_id) VALUES ('PR016_9',72.75,1693260480,2,TRUE,'ACT016_1','SNS016_1');
INSERT INTO PressureReading (pressure_reading_id, pressure_value, time, sensor_type, is_uploaded, activity_id, sensor_id) VALUES ('PR016_10',30.4,1693260540,2,TRUE,'ACT016_1','SNS016_1');
INSERT INTO PressureReading (pressure_reading_id, pressure_value, time, sensor_type, is_uploaded, activity_id, sensor_id) VALUES ('PR017_1',76.64,1693270000,3,TRUE,'ACT017_1','SNS017_1');
INSERT INTO PressureReading (pressure_reading_id, pressure_value, time, sensor_type, is_uploaded, activity_id, sensor_id) VALUES ('PR017_2',44.54,1693270560,3,TRUE,'ACT017_2','SNS017_2');
INSERT INTO PressureReading (pressure_reading_id, pressure_value, time, sensor_type, is_uploaded, activity_id, sensor_id) VALUES ('PR017_3',46.74,1693270620,3,TRUE,'ACT017_2','SNS017_2');
INSERT INTO PressureReading (pressure_reading_id, pressure_value, time, sensor_type, is_uploaded, activity_id, sensor_id) VALUES ('PR017_4',23.31,1693270680,3,TRUE,'ACT017_2','SNS017_2');
INSERT INTO PressureReading (pressure_reading_id, pressure_value, time, sensor_type, is_uploaded, activity_id, sensor_id) VALUES ('PR017_5',20.76,1693270740,3,TRUE,'ACT017_2','SNS017_2');
INSERT INTO PressureReading (pressure_reading_id, pressure_value, time, sensor_type, is_uploaded, activity_id, sensor_id) VALUES ('PR017_6',60.48,1693270300,3,TRUE,'ACT017_1','SNS017_1');
INSERT INTO PressureReading (pressure_reading_id, pressure_value, time, sensor_type, is_uploaded, activity_id, sensor_id) VALUES ('PR017_7',74.08,1693270860,3,TRUE,'ACT017_2','SNS017_2');
INSERT INTO PressureReading (pressure_reading_id, pressure_value, time, sensor_type, is_uploaded, activity_id, sensor_id) VALUES ('PR017_8',69.41,1693270920,3,TRUE,'ACT017_2','SNS017_2');
INSERT INTO PressureReading (pressure_reading_id, pressure_value, time, sensor_type, is_uploaded, activity_id, sensor_id) VALUES ('PR017_9',58.24,1693270980,3,TRUE,'ACT017_2','SNS017_2');
INSERT INTO PressureReading (pressure_reading_id, pressure_value, time, sensor_type, is_uploaded, activity_id, sensor_id) VALUES ('PR017_10',53.83,1693270540,3,TRUE,'ACT017_1','SNS017_1');
INSERT INTO PressureReading (pressure_reading_id, pressure_value, time, sensor_type, is_uploaded, activity_id, sensor_id) VALUES ('PR018_1',57.62,1693280000,2,TRUE,'ACT018_1','SNS018_1');
INSERT INTO PressureReading (pressure_reading_id, pressure_value, time, sensor_type, is_uploaded, activity_id, sensor_id) VALUES ('PR018_2',70.51,1693280060,2,TRUE,'ACT018_1','SNS018_1');
INSERT INTO PressureReading (pressure_reading_id, pressure_value, time, sensor_type, is_uploaded, activity_id, sensor_id) VALUES ('PR018_3',75.15,1693280620,2,TRUE,'ACT018_2','SNS018_2');
INSERT INTO PressureReading (pressure_reading_id, pressure_value, time, sensor_type, is_uploaded, activity_id, sensor_id) VALUES ('PR018_4',72.9,1693280180,2,TRUE,'ACT018_1','SNS018_1');
INSERT INTO PressureReading (pressure_reading_id, pressure_value, time, sensor_type, is_uploaded, activity_id, sensor_id) VALUES ('PR018_5',43.17,1693280740,2,TRUE,'ACT018_2','SNS018_2');
INSERT INTO PressureReading (pressure_reading_id, pressure_value, time, sensor_type, is_uploaded, activity_id, sensor_id) VALUES ('PR018_6',48.67,1693280800,2,TRUE,'ACT018_2','SNS018_2');
INSERT INTO PressureReading (pressure_reading_id, pressure_value, time, sensor_type, is_uploaded, activity_id, sensor_id) VALUES ('PR018_7',44.72,1693280360,2,TRUE,'ACT018_1','SNS018_1');
INSERT INTO PressureReading (pressure_reading_id, pressure_value, time, sensor_type, is_uploaded, activity_id, sensor_id) VALUES ('PR018_8',26.81,1693280420,2,TRUE,'ACT018_1','SNS018_1');
INSERT INTO PressureReading (pressure_reading_id, pressure_value, time, sensor_type, is_uploaded, activity_id, sensor_id) VALUES ('PR018_9',27.94,1693280480,2,TRUE,'ACT018_1','SNS018_1');
INSERT INTO PressureReading (pressure_reading_id, pressure_value, time, sensor_type, is_uploaded, activity_id, sensor_id) VALUES ('PR018_10',66.09,1693281040,2,TRUE,'ACT018_2','SNS018_2');
INSERT INTO PressureReading (pressure_reading_id, pressure_value, time, sensor_type, is_uploaded, activity_id, sensor_id) VALUES ('PR019_1',54.16,1693290500,1,TRUE,'ACT019_2','SNS019_2');
INSERT INTO PressureReading (pressure_reading_id, pressure_value, time, sensor_type, is_uploaded, activity_id, sensor_id) VALUES ('PR019_2',74.24,1693290560,1,TRUE,'ACT019_2','SNS019_2');
INSERT INTO PressureReading (pressure_reading_id, pressure_value, time, sensor_type, is_uploaded, activity_id, sensor_id) VALUES ('PR019_3',24.71,1693290120,1,TRUE,'ACT019_1','SNS019_1');
INSERT INTO PressureReading (pressure_reading_id, pressure_value, time, sensor_type, is_uploaded, activity_id, sensor_id) VALUES ('PR019_4',36.93,1693290180,1,TRUE,'ACT019_1','SNS019_1');
INSERT INTO PressureReading (pressure_reading_id, pressure_value, time, sensor_type, is_uploaded, activity_id, sensor_id) VALUES ('PR019_5',71.21,1693290740,1,TRUE,'ACT019_2','SNS019_2');
INSERT INTO PressureReading (pressure_reading_id, pressure_value, time, sensor_type, is_uploaded, activity_id, sensor_id) VALUES ('PR019_6',71.03,1693290300,1,TRUE,'ACT019_1','SNS019_1');
INSERT INTO PressureReading (pressure_reading_id, pressure_value, time, sensor_type, is_uploaded, activity_id, sensor_id) VALUES ('PR019_7',23.2,1693290860,1,TRUE,'ACT019_2','SNS019_2');
INSERT INTO PressureReading (pressure_reading_id, pressure_value, time, sensor_type, is_uploaded, activity_id, sensor_id) VALUES ('PR019_8',68.55,1693290420,1,TRUE,'ACT019_1','SNS019_1');
INSERT INTO PressureReading (pressure_reading_id, pressure_value, time, sensor_type, is_uploaded, activity_id, sensor_id) VALUES ('PR019_9',61.8,1693290980,1,TRUE,'ACT019_2','SNS019_2');
INSERT INTO PressureReading (pressure_reading_id, pressure_value, time, sensor_type, is_uploaded, activity_id, sensor_id) VALUES ('PR019_10',26.65,1693290540,1,TRUE,'ACT019_1','SNS019_1');
INSERT INTO PressureReading (pressure_reading_id, pressure_value, time, sensor_type, is_uploaded, activity_id, sensor_id) VALUES ('PR020_1',29.79,1693300000,4,TRUE,'ACT020_1','SNS020_1');
INSERT INTO PressureReading (pressure_reading_id, pressure_value, time, sensor_type, is_uploaded, activity_id, sensor_id) VALUES ('PR020_2',54.97,1693300060,4,TRUE,'ACT020_1','SNS020_1');
INSERT INTO PressureReading (pressure_reading_id, pressure_value, time, sensor_type, is_uploaded, activity_id, sensor_id) VALUES ('PR020_3',31.93,1693300120,4,TRUE,'ACT020_1','SNS020_1');
INSERT INTO PressureReading (pressure_reading_id, pressure_value, time, sensor_type, is_uploaded, activity_id, sensor_id) VALUES ('PR020_4',24.21,1693300680,4,TRUE,'ACT020_2','SNS020_2');
INSERT INTO PressureReading (pressure_reading_id, pressure_value, time, sensor_type, is_uploaded, activity_id, sensor_id) VALUES ('PR020_5',73.53,1693300740,4,TRUE,'ACT020_2','SNS020_2');
INSERT INTO PressureReading (pressure_reading_id, pressure_value, time, sensor_type, is_uploaded, activity_id, sensor_id) VALUES ('PR020_6',39.66,1693300800,4,TRUE,'ACT020_2','SNS020_2');
INSERT INTO PressureReading (pressure_reading_id, pressure_value, time, sensor_type, is_uploaded, activity_id, sensor_id) VALUES ('PR020_7',36.78,1693300860,4,TRUE,'ACT020_2','SNS020_2');
INSERT INTO PressureReading (pressure_reading_id, pressure_value, time, sensor_type, is_uploaded, activity_id, sensor_id) VALUES ('PR020_8',68.52,1693300920,4,TRUE,'ACT020_2','SNS020_2');
INSERT INTO PressureReading (pressure_reading_id, pressure_value, time, sensor_type, is_uploaded, activity_id, sensor_id) VALUES ('PR020_9',61.9,1693300480,4,TRUE,'ACT020_1','SNS020_1');
INSERT INTO PressureReading (pressure_reading_id, pressure_value, time, sensor_type, is_uploaded, activity_id, sensor_id) VALUES ('PR020_10',44.54,1693301040,4,TRUE,'ACT020_2','SNS020_2');
INSERT INTO PressureReading (pressure_reading_id, pressure_value, time, sensor_type, is_uploaded, activity_id, sensor_id) VALUES ('PR021_1',27.03,1693310500,2,TRUE,'ACT021_2','SNS021_2');
INSERT INTO PressureReading (pressure_reading_id, pressure_value, time, sensor_type, is_uploaded, activity_id, sensor_id) VALUES ('PR021_2',26.22,1693310560,2,TRUE,'ACT021_2','SNS021_2');
INSERT INTO PressureReading (pressure_reading_id, pressure_value, time, sensor_type, is_uploaded, activity_id, sensor_id) VALUES ('PR021_3',41.63,1693310620,2,TRUE,'ACT021_2','SNS021_2');
INSERT INTO PressureReading (pressure_reading_id, pressure_value, time, sensor_type, is_uploaded, activity_id, sensor_id) VALUES ('PR021_4',35.66,1693310180,2,TRUE,'ACT021_1','SNS021_1');
INSERT INTO PressureReading (pressure_reading_id, pressure_value, time, sensor_type, is_uploaded, activity_id, sensor_id) VALUES ('PR021_5',28.74,1693310240,2,TRUE,'ACT021_1','SNS021_1');
INSERT INTO PressureReading (pressure_reading_id, pressure_value, time, sensor_type, is_uploaded, activity_id, sensor_id) VALUES ('PR021_6',76.27,1693310800,2,TRUE,'ACT021_2','SNS021_2');
INSERT INTO PressureReading (pressure_reading_id, pressure_value, time, sensor_type, is_uploaded, activity_id, sensor_id) VALUES ('PR021_7',47.6,1693310360,2,TRUE,'ACT021_1','SNS021_1');
INSERT INTO PressureReading (pressure_reading_id, pressure_value, time, sensor_type, is_uploaded, activity_id, sensor_id) VALUES ('PR021_8',28.73,1693310920,2,TRUE,'ACT021_2','SNS021_2');
INSERT INTO PressureReading (pressure_reading_id, pressure_value, time, sensor_type, is_uploaded, activity_id, sensor_id) VALUES ('PR021_9',47.74,1693310980,2,TRUE,'ACT021_2','SNS021_2');
INSERT INTO PressureReading (pressure_reading_id, pressure_value, time, sensor_type, is_uploaded, activity_id, sensor_id) VALUES ('PR021_10',77.5,1693310540,2,TRUE,'ACT021_1','SNS021_1');
INSERT INTO PressureReading (pressure_reading_id, pressure_value, time, sensor_type, is_uploaded, activity_id, sensor_id) VALUES ('PR022_1',30.16,1693320000,2,TRUE,'ACT022_1','SNS022_1');
INSERT INTO PressureReading (pressure_reading_id, pressure_value, time, sensor_type, is_uploaded, activity_id, sensor_id) VALUES ('PR022_2',20.36,1693320560,2,TRUE,'ACT022_2','SNS022_2');
INSERT INTO PressureReading (pressure_reading_id, pressure_value, time, sensor_type, is_uploaded, activity_id, sensor_id) VALUES ('PR022_3',71.14,1693320120,2,TRUE,'ACT022_1','SNS022_1');
INSERT INTO PressureReading (pressure_reading_id, pressure_value, time, sensor_type, is_uploaded, activity_id, sensor_id) VALUES ('PR022_4',22.02,1693320680,2,TRUE,'ACT022_2','SNS022_2');
INSERT INTO PressureReading (pressure_reading_id, pressure_value, time, sensor_type, is_uploaded, activity_id, sensor_id) VALUES ('PR022_5',39.74,1693320240,2,TRUE,'ACT022_1','SNS022_1');
INSERT INTO PressureReading (pressure_reading_id, pressure_value, time, sensor_type, is_uploaded, activity_id, sensor_id) VALUES ('PR022_6',78.37,1693320300,2,TRUE,'ACT022_1','SNS022_1');
INSERT INTO PressureReading (pressure_reading_id, pressure_value, time, sensor_type, is_uploaded, activity_id, sensor_id) VALUES ('PR022_7',56.54,1693320360,2,TRUE,'ACT022_1','SNS022_1');
INSERT INTO PressureReading (pressure_reading_id, pressure_value, time, sensor_type, is_uploaded, activity_id, sensor_id) VALUES ('PR022_8',66.68,1693320420,2,TRUE,'ACT022_1','SNS022_1');
INSERT INTO PressureReading (pressure_reading_id, pressure_value, time, sensor_type, is_uploaded, activity_id, sensor_id) VALUES ('PR022_9',46.65,1693320980,2,TRUE,'ACT022_2','SNS022_2');
INSERT INTO PressureReading (pressure_reading_id, pressure_value, time, sensor_type, is_uploaded, activity_id, sensor_id) VALUES ('PR022_10',67.52,1693320540,2,TRUE,'ACT022_1','SNS022_1');
INSERT INTO PressureReading (pressure_reading_id, pressure_value, time, sensor_type, is_uploaded, activity_id, sensor_id) VALUES ('PR023_1',28.99,1693330500,1,TRUE,'ACT023_2','SNS023_2');
INSERT INTO PressureReading (pressure_reading_id, pressure_value, time, sensor_type, is_uploaded, activity_id, sensor_id) VALUES ('PR023_2',45.08,1693330060,1,TRUE,'ACT023_1','SNS023_1');
INSERT INTO PressureReading (pressure_reading_id, pressure_value, time, sensor_type, is_uploaded, activity_id, sensor_id) VALUES ('PR023_3',76.12,1693330120,1,TRUE,'ACT023_1','SNS023_1');
INSERT INTO PressureReading (pressure_reading_id, pressure_value, time, sensor_type, is_uploaded, activity_id, sensor_id) VALUES ('PR023_4',50.39,1693330680,1,TRUE,'ACT023_2','SNS023_2');
INSERT INTO PressureReading (pressure_reading_id, pressure_value, time, sensor_type, is_uploaded, activity_id, sensor_id) VALUES ('PR023_5',76.27,1693330740,1,TRUE,'ACT023_2','SNS023_2');
INSERT INTO PressureReading (pressure_reading_id, pressure_value, time, sensor_type, is_uploaded, activity_id, sensor_id) VALUES ('PR023_6',70.34,1693330800,1,TRUE,'ACT023_2','SNS023_2');
INSERT INTO PressureReading (pressure_reading_id, pressure_value, time, sensor_type, is_uploaded, activity_id, sensor_id) VALUES ('PR023_7',46.21,1693330360,1,TRUE,'ACT023_1','SNS023_1');
INSERT INTO PressureReading (pressure_reading_id, pressure_value, time, sensor_type, is_uploaded, activity_id, sensor_id) VALUES ('PR023_8',22.15,1693330420,1,TRUE,'ACT023_1','SNS023_1');
INSERT INTO PressureReading (pressure_reading_id, pressure_value, time, sensor_type, is_uploaded, activity_id, sensor_id) VALUES ('PR023_9',23.58,1693330980,1,TRUE,'ACT023_2','SNS023_2');
INSERT INTO PressureReading (pressure_reading_id, pressure_value, time, sensor_type, is_uploaded, activity_id, sensor_id) VALUES ('PR023_10',43.68,1693330540,1,TRUE,'ACT023_1','SNS023_1');
INSERT INTO PressureReading (pressure_reading_id, pressure_value, time, sensor_type, is_uploaded, activity_id, sensor_id) VALUES ('PR024_1',55.63,1693340500,2,TRUE,'ACT024_2','SNS024_2');
INSERT INTO PressureReading (pressure_reading_id, pressure_value, time, sensor_type, is_uploaded, activity_id, sensor_id) VALUES ('PR024_2',35.28,1693340060,2,TRUE,'ACT024_1','SNS024_1');
INSERT INTO PressureReading (pressure_reading_id, pressure_value, time, sensor_type, is_uploaded, activity_id, sensor_id) VALUES ('PR024_3',48.08,1693340120,2,TRUE,'ACT024_1','SNS024_1');
INSERT INTO PressureReading (pressure_reading_id, pressure_value, time, sensor_type, is_uploaded, activity_id, sensor_id) VALUES ('PR024_4',73.87,1693340180,2,TRUE,'ACT024_1','SNS024_1');
INSERT INTO PressureReading (pressure_reading_id, pressure_value, time, sensor_type, is_uploaded, activity_id, sensor_id) VALUES ('PR024_5',31.2,1693340240,2,TRUE,'ACT024_1','SNS024_1');
INSERT INTO PressureReading (pressure_reading_id, pressure_value, time, sensor_type, is_uploaded, activity_id, sensor_id) VALUES ('PR024_6',32.88,1693340300,2,TRUE,'ACT024_1','SNS024_1');
INSERT INTO PressureReading (pressure_reading_id, pressure_value, time, sensor_type, is_uploaded, activity_id, sensor_id) VALUES ('PR024_7',22.93,1693340360,2,TRUE,'ACT024_1','SNS024_1');
INSERT INTO PressureReading (pressure_reading_id, pressure_value, time, sensor_type, is_uploaded, activity_id, sensor_id) VALUES ('PR024_8',74.95,1693340420,2,TRUE,'ACT024_1','SNS024_1');
INSERT INTO PressureReading (pressure_reading_id, pressure_value, time, sensor_type, is_uploaded, activity_id, sensor_id) VALUES ('PR024_9',48.3,1693340980,2,TRUE,'ACT024_2','SNS024_2');
INSERT INTO PressureReading (pressure_reading_id, pressure_value, time, sensor_type, is_uploaded, activity_id, sensor_id) VALUES ('PR024_10',69.22,1693340540,2,TRUE,'ACT024_1','SNS024_1');
INSERT INTO PressureReading (pressure_reading_id, pressure_value, time, sensor_type, is_uploaded, activity_id, sensor_id) VALUES ('PR025_1',77.38,1693350000,4,TRUE,'ACT025_1','SNS025_1');
INSERT INTO PressureReading (pressure_reading_id, pressure_value, time, sensor_type, is_uploaded, activity_id, sensor_id) VALUES ('PR025_2',55.84,1693350060,4,TRUE,'ACT025_1','SNS025_1');
INSERT INTO PressureReading (pressure_reading_id, pressure_value, time, sensor_type, is_uploaded, activity_id, sensor_id) VALUES ('PR025_3',68.63,1693350620,4,TRUE,'ACT025_2','SNS025_2');
INSERT INTO PressureReading (pressure_reading_id, pressure_value, time, sensor_type, is_uploaded, activity_id, sensor_id) VALUES ('PR025_4',73.68,1693350180,4,TRUE,'ACT025_1','SNS025_1');
INSERT INTO PressureReading (pressure_reading_id, pressure_value, time, sensor_type, is_uploaded, activity_id, sensor_id) VALUES ('PR025_5',41.74,1693350240,4,TRUE,'ACT025_1','SNS025_1');
INSERT INTO PressureReading (pressure_reading_id, pressure_value, time, sensor_type, is_uploaded, activity_id, sensor_id) VALUES ('PR025_6',51.81,1693350800,4,TRUE,'ACT025_2','SNS025_2');
INSERT INTO PressureReading (pressure_reading_id, pressure_value, time, sensor_type, is_uploaded, activity_id, sensor_id) VALUES ('PR025_7',51.3,1693350860,4,TRUE,'ACT025_2','SNS025_2');
INSERT INTO PressureReading (pressure_reading_id, pressure_value, time, sensor_type, is_uploaded, activity_id, sensor_id) VALUES ('PR025_8',69.29,1693350420,4,TRUE,'ACT025_1','SNS025_1');
INSERT INTO PressureReading (pressure_reading_id, pressure_value, time, sensor_type, is_uploaded, activity_id, sensor_id) VALUES ('PR025_9',33.51,1693350480,4,TRUE,'ACT025_1','SNS025_1');
INSERT INTO PressureReading (pressure_reading_id, pressure_value, time, sensor_type, is_uploaded, activity_id, sensor_id) VALUES ('PR025_10',48.31,1693350540,4,TRUE,'ACT025_1','SNS025_1');
INSERT INTO PressureReading (pressure_reading_id, pressure_value, time, sensor_type, is_uploaded, activity_id, sensor_id) VALUES ('PR026_1',58.22,1693360500,2,TRUE,'ACT026_2','SNS026_2');
INSERT INTO PressureReading (pressure_reading_id, pressure_value, time, sensor_type, is_uploaded, activity_id, sensor_id) VALUES ('PR026_2',30.76,1693360560,2,TRUE,'ACT026_2','SNS026_2');
INSERT INTO PressureReading (pressure_reading_id, pressure_value, time, sensor_type, is_uploaded, activity_id, sensor_id) VALUES ('PR026_3',50.63,1693360620,2,TRUE,'ACT026_2','SNS026_2');
INSERT INTO PressureReading (pressure_reading_id, pressure_value, time, sensor_type, is_uploaded, activity_id, sensor_id) VALUES ('PR026_4',47.49,1693360180,2,TRUE,'ACT026_1','SNS026_1');
INSERT INTO PressureReading (pressure_reading_id, pressure_value, time, sensor_type, is_uploaded, activity_id, sensor_id) VALUES ('PR026_5',65.9,1693360240,2,TRUE,'ACT026_1','SNS026_1');
INSERT INTO PressureReading (pressure_reading_id, pressure_value, time, sensor_type, is_uploaded, activity_id, sensor_id) VALUES ('PR026_6',35.11,1693360800,2,TRUE,'ACT026_2','SNS026_2');
INSERT INTO PressureReading (pressure_reading_id, pressure_value, time, sensor_type, is_uploaded, activity_id, sensor_id) VALUES ('PR026_7',33.55,1693360860,2,TRUE,'ACT026_2','SNS026_2');
INSERT INTO PressureReading (pressure_reading_id, pressure_value, time, sensor_type, is_uploaded, activity_id, sensor_id) VALUES ('PR026_8',69.52,1693360920,2,TRUE,'ACT026_2','SNS026_2');
INSERT INTO PressureReading (pressure_reading_id, pressure_value, time, sensor_type, is_uploaded, activity_id, sensor_id) VALUES ('PR026_9',74.52,1693360980,2,TRUE,'ACT026_2','SNS026_2');
INSERT INTO PressureReading (pressure_reading_id, pressure_value, time, sensor_type, is_uploaded, activity_id, sensor_id) VALUES ('PR026_10',78.68,1693360540,2,TRUE,'ACT026_1','SNS026_1');
INSERT INTO PressureReading (pressure_reading_id, pressure_value, time, sensor_type, is_uploaded, activity_id, sensor_id) VALUES ('PR027_1',40.24,1693370500,1,TRUE,'ACT027_2','SNS027_2');
INSERT INTO PressureReading (pressure_reading_id, pressure_value, time, sensor_type, is_uploaded, activity_id, sensor_id) VALUES ('PR027_2',79.22,1693370560,1,TRUE,'ACT027_2','SNS027_2');
INSERT INTO PressureReading (pressure_reading_id, pressure_value, time, sensor_type, is_uploaded, activity_id, sensor_id) VALUES ('PR027_3',39.17,1693370120,1,TRUE,'ACT027_1','SNS027_1');
INSERT INTO PressureReading (pressure_reading_id, pressure_value, time, sensor_type, is_uploaded, activity_id, sensor_id) VALUES ('PR027_4',62.64,1693370180,1,TRUE,'ACT027_1','SNS027_1');
INSERT INTO PressureReading (pressure_reading_id, pressure_value, time, sensor_type, is_uploaded, activity_id, sensor_id) VALUES ('PR027_5',69.89,1693370240,1,TRUE,'ACT027_1','SNS027_1');
INSERT INTO PressureReading (pressure_reading_id, pressure_value, time, sensor_type, is_uploaded, activity_id, sensor_id) VALUES ('PR027_6',31.71,1693370300,1,TRUE,'ACT027_1','SNS027_1');
INSERT INTO PressureReading (pressure_reading_id, pressure_value, time, sensor_type, is_uploaded, activity_id, sensor_id) VALUES ('PR027_7',46.08,1693370360,1,TRUE,'ACT027_1','SNS027_1');
INSERT INTO PressureReading (pressure_reading_id, pressure_value, time, sensor_type, is_uploaded, activity_id, sensor_id) VALUES ('PR027_8',45.1,1693370920,1,TRUE,'ACT027_2','SNS027_2');
INSERT INTO PressureReading (pressure_reading_id, pressure_value, time, sensor_type, is_uploaded, activity_id, sensor_id) VALUES ('PR027_9',55.44,1693370980,1,TRUE,'ACT027_2','SNS027_2');
INSERT INTO PressureReading (pressure_reading_id, pressure_value, time, sensor_type, is_uploaded, activity_id, sensor_id) VALUES ('PR027_10',26.11,1693371040,1,TRUE,'ACT027_2','SNS027_2');
INSERT INTO PressureReading (pressure_reading_id, pressure_value, time, sensor_type, is_uploaded, activity_id, sensor_id) VALUES ('PR028_1',61.56,1693380500,2,TRUE,'ACT028_2','SNS028_2');
INSERT INTO PressureReading (pressure_reading_id, pressure_value, time, sensor_type, is_uploaded, activity_id, sensor_id) VALUES ('PR028_2',55.44,1693380060,2,TRUE,'ACT028_1','SNS028_1');
INSERT INTO PressureReading (pressure_reading_id, pressure_value, time, sensor_type, is_uploaded, activity_id, sensor_id) VALUES ('PR028_3',63.68,1693380120,2,TRUE,'ACT028_1','SNS028_1');
INSERT INTO PressureReading (pressure_reading_id, pressure_value, time, sensor_type, is_uploaded, activity_id, sensor_id) VALUES ('PR028_4',27.15,1693380180,2,TRUE,'ACT028_1','SNS028_1');
INSERT INTO PressureReading (pressure_reading_id, pressure_value, time, sensor_type, is_uploaded, activity_id, sensor_id) VALUES ('PR028_5',50.46,1693380240,2,TRUE,'ACT028_1','SNS028_1');
INSERT INTO PressureReading (pressure_reading_id, pressure_value, time, sensor_type, is_uploaded, activity_id, sensor_id) VALUES ('PR028_6',41.54,1693380300,2,TRUE,'ACT028_1','SNS028_1');
INSERT INTO PressureReading (pressure_reading_id, pressure_value, time, sensor_type, is_uploaded, activity_id, sensor_id) VALUES ('PR028_7',51.52,1693380860,2,TRUE,'ACT028_2','SNS028_2');
INSERT INTO PressureReading (pressure_reading_id, pressure_value, time, sensor_type, is_uploaded, activity_id, sensor_id) VALUES ('PR028_8',26.14,1693380420,2,TRUE,'ACT028_1','SNS028_1');
INSERT INTO PressureReading (pressure_reading_id, pressure_value, time, sensor_type, is_uploaded, activity_id, sensor_id) VALUES ('PR028_9',55.77,1693380480,2,TRUE,'ACT028_1','SNS028_1');
INSERT INTO PressureReading (pressure_reading_id, pressure_value, time, sensor_type, is_uploaded, activity_id, sensor_id) VALUES ('PR028_10',38.59,1693381040,2,TRUE,'ACT028_2','SNS028_2');
INSERT INTO PressureReading (pressure_reading_id, pressure_value, time, sensor_type, is_uploaded, activity_id, sensor_id) VALUES ('PR029_1',30.6,1693390500,4,TRUE,'ACT029_2','SNS029_2');
INSERT INTO PressureReading (pressure_reading_id, pressure_value, time, sensor_type, is_uploaded, activity_id, sensor_id) VALUES ('PR029_2',49.21,1693390560,4,TRUE,'ACT029_2','SNS029_2');
INSERT INTO PressureReading (pressure_reading_id, pressure_value, time, sensor_type, is_uploaded, activity_id, sensor_id) VALUES ('PR029_3',62.74,1693390620,4,TRUE,'ACT029_2','SNS029_2');
INSERT INTO PressureReading (pressure_reading_id, pressure_value, time, sensor_type, is_uploaded, activity_id, sensor_id) VALUES ('PR029_4',74.44,1693390680,4,TRUE,'ACT029_2','SNS029_2');
INSERT INTO PressureReading (pressure_reading_id, pressure_value, time, sensor_type, is_uploaded, activity_id, sensor_id) VALUES ('PR029_5',52.72,1693390740,4,TRUE,'ACT029_2','SNS029_2');
INSERT INTO PressureReading (pressure_reading_id, pressure_value, time, sensor_type, is_uploaded, activity_id, sensor_id) VALUES ('PR029_6',61.55,1693390800,4,TRUE,'ACT029_2','SNS029_2');
INSERT INTO PressureReading (pressure_reading_id, pressure_value, time, sensor_type, is_uploaded, activity_id, sensor_id) VALUES ('PR029_7',76.68,1693390860,4,TRUE,'ACT029_2','SNS029_2');
INSERT INTO PressureReading (pressure_reading_id, pressure_value, time, sensor_type, is_uploaded, activity_id, sensor_id) VALUES ('PR029_8',50.11,1693390920,4,TRUE,'ACT029_2','SNS029_2');
INSERT INTO PressureReading (pressure_reading_id, pressure_value, time, sensor_type, is_uploaded, activity_id, sensor_id) VALUES ('PR029_9',39.62,1693390980,4,TRUE,'ACT029_2','SNS029_2');
INSERT INTO PressureReading (pressure_reading_id, pressure_value, time, sensor_type, is_uploaded, activity_id, sensor_id) VALUES ('PR029_10',77.76,1693390540,4,TRUE,'ACT029_1','SNS029_1');
INSERT INTO PressureReading (pressure_reading_id, pressure_value, time, sensor_type, is_uploaded, activity_id, sensor_id) VALUES ('PR030_1',50.02,1693400000,2,TRUE,'ACT030_1','SNS030_1');
INSERT INTO PressureReading (pressure_reading_id, pressure_value, time, sensor_type, is_uploaded, activity_id, sensor_id) VALUES ('PR030_2',61.05,1693400060,2,TRUE,'ACT030_1','SNS030_1');
INSERT INTO PressureReading (pressure_reading_id, pressure_value, time, sensor_type, is_uploaded, activity_id, sensor_id) VALUES ('PR030_3',39.84,1693400120,2,TRUE,'ACT030_1','SNS030_1');
INSERT INTO PressureReading (pressure_reading_id, pressure_value, time, sensor_type, is_uploaded, activity_id, sensor_id) VALUES ('PR030_4',62.13,1693400680,2,TRUE,'ACT030_2','SNS030_2');
INSERT INTO PressureReading (pressure_reading_id, pressure_value, time, sensor_type, is_uploaded, activity_id, sensor_id) VALUES ('PR030_5',79.46,1693400240,2,TRUE,'ACT030_1','SNS030_1');
INSERT INTO PressureReading (pressure_reading_id, pressure_value, time, sensor_type, is_uploaded, activity_id, sensor_id) VALUES ('PR030_6',47.81,1693400300,2,TRUE,'ACT030_1','SNS030_1');
INSERT INTO PressureReading (pressure_reading_id, pressure_value, time, sensor_type, is_uploaded, activity_id, sensor_id) VALUES ('PR030_7',54.41,1693400860,2,TRUE,'ACT030_2','SNS030_2');
INSERT INTO PressureReading (pressure_reading_id, pressure_value, time, sensor_type, is_uploaded, activity_id, sensor_id) VALUES ('PR030_8',76.79,1693400920,2,TRUE,'ACT030_2','SNS030_2');
INSERT INTO PressureReading (pressure_reading_id, pressure_value, time, sensor_type, is_uploaded, activity_id, sensor_id) VALUES ('PR030_9',58.52,1693400480,2,TRUE,'ACT030_1','SNS030_1');
INSERT INTO PressureReading (pressure_reading_id, pressure_value, time, sensor_type, is_uploaded, activity_id, sensor_id) VALUES ('PR030_10',40.88,1693400540,2,TRUE,'ACT030_1','SNS030_1');
INSERT INTO PressureReading (pressure_reading_id, pressure_value, time, sensor_type, is_uploaded, activity_id, sensor_id) VALUES ('PR031_1',28.61,1693410000,4,TRUE,'ACT031_1','SNS031_1');
INSERT INTO PressureReading (pressure_reading_id, pressure_value, time, sensor_type, is_uploaded, activity_id, sensor_id) VALUES ('PR031_2',64.6,1693410060,4,TRUE,'ACT031_1','SNS031_1');
INSERT INTO PressureReading (pressure_reading_id, pressure_value, time, sensor_type, is_uploaded, activity_id, sensor_id) VALUES ('PR031_3',67.54,1693410620,4,TRUE,'ACT031_2','SNS031_2');
INSERT INTO PressureReading (pressure_reading_id, pressure_value, time, sensor_type, is_uploaded, activity_id, sensor_id) VALUES ('PR031_4',39.3,1693410680,4,TRUE,'ACT031_2','SNS031_2');
INSERT INTO PressureReading (pressure_reading_id, pressure_value, time, sensor_type, is_uploaded, activity_id, sensor_id) VALUES ('PR031_5',77.37,1693410740,4,TRUE,'ACT031_2','SNS031_2');
INSERT INTO PressureReading (pressure_reading_id, pressure_value, time, sensor_type, is_uploaded, activity_id, sensor_id) VALUES ('PR031_6',47.54,1693410800,4,TRUE,'ACT031_2','SNS031_2');
INSERT INTO PressureReading (pressure_reading_id, pressure_value, time, sensor_type, is_uploaded, activity_id, sensor_id) VALUES ('PR031_7',63.47,1693410860,4,TRUE,'ACT031_2','SNS031_2');
INSERT INTO PressureReading (pressure_reading_id, pressure_value, time, sensor_type, is_uploaded, activity_id, sensor_id) VALUES ('PR031_8',47.61,1693410420,4,TRUE,'ACT031_1','SNS031_1');
INSERT INTO PressureReading (pressure_reading_id, pressure_value, time, sensor_type, is_uploaded, activity_id, sensor_id) VALUES ('PR031_9',41.71,1693410480,4,TRUE,'ACT031_1','SNS031_1');
INSERT INTO PressureReading (pressure_reading_id, pressure_value, time, sensor_type, is_uploaded, activity_id, sensor_id) VALUES ('PR031_10',31.09,1693410540,4,TRUE,'ACT031_1','SNS031_1');
INSERT INTO PressureReading (pressure_reading_id, pressure_value, time, sensor_type, is_uploaded, activity_id, sensor_id) VALUES ('PR032_1',42.25,1693420000,1,TRUE,'ACT032_1','SNS032_1');
INSERT INTO PressureReading (pressure_reading_id, pressure_value, time, sensor_type, is_uploaded, activity_id, sensor_id) VALUES ('PR032_2',77.56,1693420060,1,TRUE,'ACT032_1','SNS032_1');
INSERT INTO PressureReading (pressure_reading_id, pressure_value, time, sensor_type, is_uploaded, activity_id, sensor_id) VALUES ('PR032_3',70.84,1693420620,1,TRUE,'ACT032_2','SNS032_2');
INSERT INTO PressureReading (pressure_reading_id, pressure_value, time, sensor_type, is_uploaded, activity_id, sensor_id) VALUES ('PR032_4',33.5,1693420180,1,TRUE,'ACT032_1','SNS032_1');
INSERT INTO PressureReading (pressure_reading_id, pressure_value, time, sensor_type, is_uploaded, activity_id, sensor_id) VALUES ('PR032_5',69.19,1693420740,1,TRUE,'ACT032_2','SNS032_2');
INSERT INTO PressureReading (pressure_reading_id, pressure_value, time, sensor_type, is_uploaded, activity_id, sensor_id) VALUES ('PR032_6',44.27,1693420300,1,TRUE,'ACT032_1','SNS032_1');
INSERT INTO PressureReading (pressure_reading_id, pressure_value, time, sensor_type, is_uploaded, activity_id, sensor_id) VALUES ('PR032_7',57.96,1693420360,1,TRUE,'ACT032_1','SNS032_1');
INSERT INTO PressureReading (pressure_reading_id, pressure_value, time, sensor_type, is_uploaded, activity_id, sensor_id) VALUES ('PR032_8',38.75,1693420420,1,TRUE,'ACT032_1','SNS032_1');
INSERT INTO PressureReading (pressure_reading_id, pressure_value, time, sensor_type, is_uploaded, activity_id, sensor_id) VALUES ('PR032_9',32.45,1693420480,1,TRUE,'ACT032_1','SNS032_1');
INSERT INTO PressureReading (pressure_reading_id, pressure_value, time, sensor_type, is_uploaded, activity_id, sensor_id) VALUES ('PR032_10',40.35,1693420540,1,TRUE,'ACT032_1','SNS032_1');
INSERT INTO PressureReading (pressure_reading_id, pressure_value, time, sensor_type, is_uploaded, activity_id, sensor_id) VALUES ('PR033_1',30.54,1693430000,2,TRUE,'ACT033_1','SNS033_1');
INSERT INTO PressureReading (pressure_reading_id, pressure_value, time, sensor_type, is_uploaded, activity_id, sensor_id) VALUES ('PR033_2',23.81,1693430560,2,TRUE,'ACT033_2','SNS033_2');
INSERT INTO PressureReading (pressure_reading_id, pressure_value, time, sensor_type, is_uploaded, activity_id, sensor_id) VALUES ('PR033_3',48.41,1693430120,2,TRUE,'ACT033_1','SNS033_1');
INSERT INTO PressureReading (pressure_reading_id, pressure_value, time, sensor_type, is_uploaded, activity_id, sensor_id) VALUES ('PR033_4',70.79,1693430680,2,TRUE,'ACT033_2','SNS033_2');
INSERT INTO PressureReading (pressure_reading_id, pressure_value, time, sensor_type, is_uploaded, activity_id, sensor_id) VALUES ('PR033_5',72.57,1693430740,2,TRUE,'ACT033_2','SNS033_2');
INSERT INTO PressureReading (pressure_reading_id, pressure_value, time, sensor_type, is_uploaded, activity_id, sensor_id) VALUES ('PR033_6',55.05,1693430800,2,TRUE,'ACT033_2','SNS033_2');
INSERT INTO PressureReading (pressure_reading_id, pressure_value, time, sensor_type, is_uploaded, activity_id, sensor_id) VALUES ('PR033_7',74.42,1693430860,2,TRUE,'ACT033_2','SNS033_2');
INSERT INTO PressureReading (pressure_reading_id, pressure_value, time, sensor_type, is_uploaded, activity_id, sensor_id) VALUES ('PR033_8',76.92,1693430920,2,TRUE,'ACT033_2','SNS033_2');
INSERT INTO PressureReading (pressure_reading_id, pressure_value, time, sensor_type, is_uploaded, activity_id, sensor_id) VALUES ('PR033_9',70.75,1693430480,2,TRUE,'ACT033_1','SNS033_1');
INSERT INTO PressureReading (pressure_reading_id, pressure_value, time, sensor_type, is_uploaded, activity_id, sensor_id) VALUES ('PR033_10',33.88,1693430540,2,TRUE,'ACT033_1','SNS033_1');
INSERT INTO PressureReading (pressure_reading_id, pressure_value, time, sensor_type, is_uploaded, activity_id, sensor_id) VALUES ('PR034_1',40.79,1693440000,1,TRUE,'ACT034_1','SNS034_1');
INSERT INTO PressureReading (pressure_reading_id, pressure_value, time, sensor_type, is_uploaded, activity_id, sensor_id) VALUES ('PR034_2',53.42,1693440060,1,TRUE,'ACT034_1','SNS034_1');
INSERT INTO PressureReading (pressure_reading_id, pressure_value, time, sensor_type, is_uploaded, activity_id, sensor_id) VALUES ('PR034_3',71.49,1693440120,1,TRUE,'ACT034_1','SNS034_1');
INSERT INTO PressureReading (pressure_reading_id, pressure_value, time, sensor_type, is_uploaded, activity_id, sensor_id) VALUES ('PR034_4',50.52,1693440180,1,TRUE,'ACT034_1','SNS034_1');
INSERT INTO PressureReading (pressure_reading_id, pressure_value, time, sensor_type, is_uploaded, activity_id, sensor_id) VALUES ('PR034_5',65.33,1693440240,1,TRUE,'ACT034_1','SNS034_1');
INSERT INTO PressureReading (pressure_reading_id, pressure_value, time, sensor_type, is_uploaded, activity_id, sensor_id) VALUES ('PR034_6',36.37,1693440300,1,TRUE,'ACT034_1','SNS034_1');
INSERT INTO PressureReading (pressure_reading_id, pressure_value, time, sensor_type, is_uploaded, activity_id, sensor_id) VALUES ('PR034_7',22.23,1693440360,1,TRUE,'ACT034_1','SNS034_1');
INSERT INTO PressureReading (pressure_reading_id, pressure_value, time, sensor_type, is_uploaded, activity_id, sensor_id) VALUES ('PR034_8',61.14,1693440420,1,TRUE,'ACT034_1','SNS034_1');
INSERT INTO PressureReading (pressure_reading_id, pressure_value, time, sensor_type, is_uploaded, activity_id, sensor_id) VALUES ('PR034_9',28.19,1693440980,1,TRUE,'ACT034_2','SNS034_2');
INSERT INTO PressureReading (pressure_reading_id, pressure_value, time, sensor_type, is_uploaded, activity_id, sensor_id) VALUES ('PR034_10',23.42,1693441040,1,TRUE,'ACT034_2','SNS034_2');
INSERT INTO PressureReading (pressure_reading_id, pressure_value, time, sensor_type, is_uploaded, activity_id, sensor_id) VALUES ('PR035_1',77.96,1693450500,4,TRUE,'ACT035_2','SNS035_2');
INSERT INTO PressureReading (pressure_reading_id, pressure_value, time, sensor_type, is_uploaded, activity_id, sensor_id) VALUES ('PR035_2',22.21,1693450560,4,TRUE,'ACT035_2','SNS035_2');
INSERT INTO PressureReading (pressure_reading_id, pressure_value, time, sensor_type, is_uploaded, activity_id, sensor_id) VALUES ('PR035_3',45.99,1693450120,4,TRUE,'ACT035_1','SNS035_1');
INSERT INTO PressureReading (pressure_reading_id, pressure_value, time, sensor_type, is_uploaded, activity_id, sensor_id) VALUES ('PR035_4',36.18,1693450180,4,TRUE,'ACT035_1','SNS035_1');
INSERT INTO PressureReading (pressure_reading_id, pressure_value, time, sensor_type, is_uploaded, activity_id, sensor_id) VALUES ('PR035_5',34.66,1693450740,4,TRUE,'ACT035_2','SNS035_2');
INSERT INTO PressureReading (pressure_reading_id, pressure_value, time, sensor_type, is_uploaded, activity_id, sensor_id) VALUES ('PR035_6',78.0,1693450300,4,TRUE,'ACT035_1','SNS035_1');
INSERT INTO PressureReading (pressure_reading_id, pressure_value, time, sensor_type, is_uploaded, activity_id, sensor_id) VALUES ('PR035_7',75.11,1693450360,4,TRUE,'ACT035_1','SNS035_1');
INSERT INTO PressureReading (pressure_reading_id, pressure_value, time, sensor_type, is_uploaded, activity_id, sensor_id) VALUES ('PR035_8',36.97,1693450420,4,TRUE,'ACT035_1','SNS035_1');
INSERT INTO PressureReading (pressure_reading_id, pressure_value, time, sensor_type, is_uploaded, activity_id, sensor_id) VALUES ('PR035_9',32.85,1693450980,4,TRUE,'ACT035_2','SNS035_2');
INSERT INTO PressureReading (pressure_reading_id, pressure_value, time, sensor_type, is_uploaded, activity_id, sensor_id) VALUES ('PR035_10',20.7,1693451040,4,TRUE,'ACT035_2','SNS035_2');
INSERT INTO PressureReading (pressure_reading_id, pressure_value, time, sensor_type, is_uploaded, activity_id, sensor_id) VALUES ('PR036_1',64.59,1693460500,1,TRUE,'ACT036_2','SNS036_2');
INSERT INTO PressureReading (pressure_reading_id, pressure_value, time, sensor_type, is_uploaded, activity_id, sensor_id) VALUES ('PR036_2',27.81,1693460560,1,TRUE,'ACT036_2','SNS036_2');
INSERT INTO PressureReading (pressure_reading_id, pressure_value, time, sensor_type, is_uploaded, activity_id, sensor_id) VALUES ('PR036_3',39.96,1693460120,1,TRUE,'ACT036_1','SNS036_1');
INSERT INTO PressureReading (pressure_reading_id, pressure_value, time, sensor_type, is_uploaded, activity_id, sensor_id) VALUES ('PR036_4',50.97,1693460180,1,TRUE,'ACT036_1','SNS036_1');
INSERT INTO PressureReading (pressure_reading_id, pressure_value, time, sensor_type, is_uploaded, activity_id, sensor_id) VALUES ('PR036_5',51.7,1693460740,1,TRUE,'ACT036_2','SNS036_2');
INSERT INTO PressureReading (pressure_reading_id, pressure_value, time, sensor_type, is_uploaded, activity_id, sensor_id) VALUES ('PR036_6',45.41,1693460800,1,TRUE,'ACT036_2','SNS036_2');
INSERT INTO PressureReading (pressure_reading_id, pressure_value, time, sensor_type, is_uploaded, activity_id, sensor_id) VALUES ('PR036_7',28.69,1693460360,1,TRUE,'ACT036_1','SNS036_1');
INSERT INTO PressureReading (pressure_reading_id, pressure_value, time, sensor_type, is_uploaded, activity_id, sensor_id) VALUES ('PR036_8',78.58,1693460920,1,TRUE,'ACT036_2','SNS036_2');
INSERT INTO PressureReading (pressure_reading_id, pressure_value, time, sensor_type, is_uploaded, activity_id, sensor_id) VALUES ('PR036_9',65.61,1693460980,1,TRUE,'ACT036_2','SNS036_2');
INSERT INTO PressureReading (pressure_reading_id, pressure_value, time, sensor_type, is_uploaded, activity_id, sensor_id) VALUES ('PR036_10',63.15,1693460540,1,TRUE,'ACT036_1','SNS036_1');
INSERT INTO PressureReading (pressure_reading_id, pressure_value, time, sensor_type, is_uploaded, activity_id, sensor_id) VALUES ('PR037_1',50.15,1693470000,3,TRUE,'ACT037_1','SNS037_1');
INSERT INTO PressureReading (pressure_reading_id, pressure_value, time, sensor_type, is_uploaded, activity_id, sensor_id) VALUES ('PR037_2',54.15,1693470060,3,TRUE,'ACT037_1','SNS037_1');
INSERT INTO PressureReading (pressure_reading_id, pressure_value, time, sensor_type, is_uploaded, activity_id, sensor_id) VALUES ('PR037_3',63.64,1693470120,3,TRUE,'ACT037_1','SNS037_1');
INSERT INTO PressureReading (pressure_reading_id, pressure_value, time, sensor_type, is_uploaded, activity_id, sensor_id) VALUES ('PR037_4',55.45,1693470680,3,TRUE,'ACT037_2','SNS037_2');
INSERT INTO PressureReading (pressure_reading_id, pressure_value, time, sensor_type, is_uploaded, activity_id, sensor_id) VALUES ('PR037_5',71.29,1693470240,3,TRUE,'ACT037_1','SNS037_1');
INSERT INTO PressureReading (pressure_reading_id, pressure_value, time, sensor_type, is_uploaded, activity_id, sensor_id) VALUES ('PR037_6',46.24,1693470800,3,TRUE,'ACT037_2','SNS037_2');
INSERT INTO PressureReading (pressure_reading_id, pressure_value, time, sensor_type, is_uploaded, activity_id, sensor_id) VALUES ('PR037_7',65.78,1693470860,3,TRUE,'ACT037_2','SNS037_2');
INSERT INTO PressureReading (pressure_reading_id, pressure_value, time, sensor_type, is_uploaded, activity_id, sensor_id) VALUES ('PR037_8',64.8,1693470420,3,TRUE,'ACT037_1','SNS037_1');
INSERT INTO PressureReading (pressure_reading_id, pressure_value, time, sensor_type, is_uploaded, activity_id, sensor_id) VALUES ('PR037_9',60.95,1693470980,3,TRUE,'ACT037_2','SNS037_2');
INSERT INTO PressureReading (pressure_reading_id, pressure_value, time, sensor_type, is_uploaded, activity_id, sensor_id) VALUES ('PR037_10',23.33,1693470540,3,TRUE,'ACT037_1','SNS037_1');
INSERT INTO PressureReading (pressure_reading_id, pressure_value, time, sensor_type, is_uploaded, activity_id, sensor_id) VALUES ('PR038_1',67.16,1693480500,2,TRUE,'ACT038_2','SNS038_2');
INSERT INTO PressureReading (pressure_reading_id, pressure_value, time, sensor_type, is_uploaded, activity_id, sensor_id) VALUES ('PR038_2',56.01,1693480560,2,TRUE,'ACT038_2','SNS038_2');
INSERT INTO PressureReading (pressure_reading_id, pressure_value, time, sensor_type, is_uploaded, activity_id, sensor_id) VALUES ('PR038_3',21.24,1693480120,2,TRUE,'ACT038_1','SNS038_1');
INSERT INTO PressureReading (pressure_reading_id, pressure_value, time, sensor_type, is_uploaded, activity_id, sensor_id) VALUES ('PR038_4',46.13,1693480180,2,TRUE,'ACT038_1','SNS038_1');
INSERT INTO PressureReading (pressure_reading_id, pressure_value, time, sensor_type, is_uploaded, activity_id, sensor_id) VALUES ('PR038_5',52.54,1693480740,2,TRUE,'ACT038_2','SNS038_2');
INSERT INTO PressureReading (pressure_reading_id, pressure_value, time, sensor_type, is_uploaded, activity_id, sensor_id) VALUES ('PR038_6',66.55,1693480800,2,TRUE,'ACT038_2','SNS038_2');
INSERT INTO PressureReading (pressure_reading_id, pressure_value, time, sensor_type, is_uploaded, activity_id, sensor_id) VALUES ('PR038_7',37.84,1693480360,2,TRUE,'ACT038_1','SNS038_1');
INSERT INTO PressureReading (pressure_reading_id, pressure_value, time, sensor_type, is_uploaded, activity_id, sensor_id) VALUES ('PR038_8',65.07,1693480920,2,TRUE,'ACT038_2','SNS038_2');
INSERT INTO PressureReading (pressure_reading_id, pressure_value, time, sensor_type, is_uploaded, activity_id, sensor_id) VALUES ('PR038_9',32.3,1693480480,2,TRUE,'ACT038_1','SNS038_1');
INSERT INTO PressureReading (pressure_reading_id, pressure_value, time, sensor_type, is_uploaded, activity_id, sensor_id) VALUES ('PR038_10',48.28,1693481040,2,TRUE,'ACT038_2','SNS038_2');
INSERT INTO PressureReading (pressure_reading_id, pressure_value, time, sensor_type, is_uploaded, activity_id, sensor_id) VALUES ('PR039_1',39.99,1693490500,4,TRUE,'ACT039_2','SNS039_2');
INSERT INTO PressureReading (pressure_reading_id, pressure_value, time, sensor_type, is_uploaded, activity_id, sensor_id) VALUES ('PR039_2',63.96,1693490060,4,TRUE,'ACT039_1','SNS039_1');
INSERT INTO PressureReading (pressure_reading_id, pressure_value, time, sensor_type, is_uploaded, activity_id, sensor_id) VALUES ('PR039_3',47.14,1693490620,4,TRUE,'ACT039_2','SNS039_2');
INSERT INTO PressureReading (pressure_reading_id, pressure_value, time, sensor_type, is_uploaded, activity_id, sensor_id) VALUES ('PR039_4',43.77,1693490180,4,TRUE,'ACT039_1','SNS039_1');
INSERT INTO PressureReading (pressure_reading_id, pressure_value, time, sensor_type, is_uploaded, activity_id, sensor_id) VALUES ('PR039_5',64.4,1693490740,4,TRUE,'ACT039_2','SNS039_2');
INSERT INTO PressureReading (pressure_reading_id, pressure_value, time, sensor_type, is_uploaded, activity_id, sensor_id) VALUES ('PR039_6',72.96,1693490300,4,TRUE,'ACT039_1','SNS039_1');
INSERT INTO PressureReading (pressure_reading_id, pressure_value, time, sensor_type, is_uploaded, activity_id, sensor_id) VALUES ('PR039_7',51.94,1693490860,4,TRUE,'ACT039_2','SNS039_2');
INSERT INTO PressureReading (pressure_reading_id, pressure_value, time, sensor_type, is_uploaded, activity_id, sensor_id) VALUES ('PR039_8',49.78,1693490920,4,TRUE,'ACT039_2','SNS039_2');
INSERT INTO PressureReading (pressure_reading_id, pressure_value, time, sensor_type, is_uploaded, activity_id, sensor_id) VALUES ('PR039_9',55.69,1693490980,4,TRUE,'ACT039_2','SNS039_2');
INSERT INTO PressureReading (pressure_reading_id, pressure_value, time, sensor_type, is_uploaded, activity_id, sensor_id) VALUES ('PR039_10',55.91,1693490540,4,TRUE,'ACT039_1','SNS039_1');
INSERT INTO PressureReading (pressure_reading_id, pressure_value, time, sensor_type, is_uploaded, activity_id, sensor_id) VALUES ('PR040_1',75.64,1693500000,3,TRUE,'ACT040_1','SNS040_1');
INSERT INTO PressureReading (pressure_reading_id, pressure_value, time, sensor_type, is_uploaded, activity_id, sensor_id) VALUES ('PR040_2',52.58,1693500560,3,TRUE,'ACT040_2','SNS040_2');
INSERT INTO PressureReading (pressure_reading_id, pressure_value, time, sensor_type, is_uploaded, activity_id, sensor_id) VALUES ('PR040_3',47.91,1693500620,3,TRUE,'ACT040_2','SNS040_2');
INSERT INTO PressureReading (pressure_reading_id, pressure_value, time, sensor_type, is_uploaded, activity_id, sensor_id) VALUES ('PR040_4',35.46,1693500680,3,TRUE,'ACT040_2','SNS040_2');
INSERT INTO PressureReading (pressure_reading_id, pressure_value, time, sensor_type, is_uploaded, activity_id, sensor_id) VALUES ('PR040_5',34.77,1693500740,3,TRUE,'ACT040_2','SNS040_2');
INSERT INTO PressureReading (pressure_reading_id, pressure_value, time, sensor_type, is_uploaded, activity_id, sensor_id) VALUES ('PR040_6',56.06,1693500300,3,TRUE,'ACT040_1','SNS040_1');
INSERT INTO PressureReading (pressure_reading_id, pressure_value, time, sensor_type, is_uploaded, activity_id, sensor_id) VALUES ('PR040_7',72.23,1693500860,3,TRUE,'ACT040_2','SNS040_2');
INSERT INTO PressureReading (pressure_reading_id, pressure_value, time, sensor_type, is_uploaded, activity_id, sensor_id) VALUES ('PR040_8',23.11,1693500920,3,TRUE,'ACT040_2','SNS040_2');
INSERT INTO PressureReading (pressure_reading_id, pressure_value, time, sensor_type, is_uploaded, activity_id, sensor_id) VALUES ('PR040_9',24.3,1693500980,3,TRUE,'ACT040_2','SNS040_2');
INSERT INTO PressureReading (pressure_reading_id, pressure_value, time, sensor_type, is_uploaded, activity_id, sensor_id) VALUES ('PR040_10',36.59,1693500540,3,TRUE,'ACT040_1','SNS040_1');
INSERT INTO PressureReading (pressure_reading_id, pressure_value, time, sensor_type, is_uploaded, activity_id, sensor_id) VALUES ('PR041_1',67.45,1693510500,4,TRUE,'ACT041_2','SNS041_2');
INSERT INTO PressureReading (pressure_reading_id, pressure_value, time, sensor_type, is_uploaded, activity_id, sensor_id) VALUES ('PR041_2',24.37,1693510060,4,TRUE,'ACT041_1','SNS041_1');
INSERT INTO PressureReading (pressure_reading_id, pressure_value, time, sensor_type, is_uploaded, activity_id, sensor_id) VALUES ('PR041_3',61.22,1693510620,4,TRUE,'ACT041_2','SNS041_2');
INSERT INTO PressureReading (pressure_reading_id, pressure_value, time, sensor_type, is_uploaded, activity_id, sensor_id) VALUES ('PR041_4',49.28,1693510680,4,TRUE,'ACT041_2','SNS041_2');
INSERT INTO PressureReading (pressure_reading_id, pressure_value, time, sensor_type, is_uploaded, activity_id, sensor_id) VALUES ('PR041_5',77.37,1693510240,4,TRUE,'ACT041_1','SNS041_1');
INSERT INTO PressureReading (pressure_reading_id, pressure_value, time, sensor_type, is_uploaded, activity_id, sensor_id) VALUES ('PR041_6',38.17,1693510300,4,TRUE,'ACT041_1','SNS041_1');
INSERT INTO PressureReading (pressure_reading_id, pressure_value, time, sensor_type, is_uploaded, activity_id, sensor_id) VALUES ('PR041_7',57.3,1693510360,4,TRUE,'ACT041_1','SNS041_1');
INSERT INTO PressureReading (pressure_reading_id, pressure_value, time, sensor_type, is_uploaded, activity_id, sensor_id) VALUES ('PR041_8',22.37,1693510920,4,TRUE,'ACT041_2','SNS041_2');
INSERT INTO PressureReading (pressure_reading_id, pressure_value, time, sensor_type, is_uploaded, activity_id, sensor_id) VALUES ('PR041_9',30.89,1693510480,4,TRUE,'ACT041_1','SNS041_1');
INSERT INTO PressureReading (pressure_reading_id, pressure_value, time, sensor_type, is_uploaded, activity_id, sensor_id) VALUES ('PR041_10',42.76,1693510540,4,TRUE,'ACT041_1','SNS041_1');
INSERT INTO PressureReading (pressure_reading_id, pressure_value, time, sensor_type, is_uploaded, activity_id, sensor_id) VALUES ('PR042_1',55.67,1693520500,2,TRUE,'ACT042_2','SNS042_2');
INSERT INTO PressureReading (pressure_reading_id, pressure_value, time, sensor_type, is_uploaded, activity_id, sensor_id) VALUES ('PR042_2',59.76,1693520060,2,TRUE,'ACT042_1','SNS042_1');
INSERT INTO PressureReading (pressure_reading_id, pressure_value, time, sensor_type, is_uploaded, activity_id, sensor_id) VALUES ('PR042_3',64.81,1693520620,2,TRUE,'ACT042_2','SNS042_2');
INSERT INTO PressureReading (pressure_reading_id, pressure_value, time, sensor_type, is_uploaded, activity_id, sensor_id) VALUES ('PR042_4',73.07,1693520680,2,TRUE,'ACT042_2','SNS042_2');
INSERT INTO PressureReading (pressure_reading_id, pressure_value, time, sensor_type, is_uploaded, activity_id, sensor_id) VALUES ('PR042_5',50.27,1693520240,2,TRUE,'ACT042_1','SNS042_1');
INSERT INTO PressureReading (pressure_reading_id, pressure_value, time, sensor_type, is_uploaded, activity_id, sensor_id) VALUES ('PR042_6',25.66,1693520800,2,TRUE,'ACT042_2','SNS042_2');
INSERT INTO PressureReading (pressure_reading_id, pressure_value, time, sensor_type, is_uploaded, activity_id, sensor_id) VALUES ('PR042_7',72.93,1693520360,2,TRUE,'ACT042_1','SNS042_1');
INSERT INTO PressureReading (pressure_reading_id, pressure_value, time, sensor_type, is_uploaded, activity_id, sensor_id) VALUES ('PR042_8',73.96,1693520920,2,TRUE,'ACT042_2','SNS042_2');
INSERT INTO PressureReading (pressure_reading_id, pressure_value, time, sensor_type, is_uploaded, activity_id, sensor_id) VALUES ('PR042_9',73.33,1693520480,2,TRUE,'ACT042_1','SNS042_1');
INSERT INTO PressureReading (pressure_reading_id, pressure_value, time, sensor_type, is_uploaded, activity_id, sensor_id) VALUES ('PR042_10',26.91,1693521040,2,TRUE,'ACT042_2','SNS042_2');
INSERT INTO PressureReading (pressure_reading_id, pressure_value, time, sensor_type, is_uploaded, activity_id, sensor_id) VALUES ('PR043_1',71.34,1693530500,4,TRUE,'ACT043_2','SNS043_2');
INSERT INTO PressureReading (pressure_reading_id, pressure_value, time, sensor_type, is_uploaded, activity_id, sensor_id) VALUES ('PR043_2',30.46,1693530560,4,TRUE,'ACT043_2','SNS043_2');
INSERT INTO PressureReading (pressure_reading_id, pressure_value, time, sensor_type, is_uploaded, activity_id, sensor_id) VALUES ('PR043_3',55.08,1693530120,4,TRUE,'ACT043_1','SNS043_1');
INSERT INTO PressureReading (pressure_reading_id, pressure_value, time, sensor_type, is_uploaded, activity_id, sensor_id) VALUES ('PR043_4',76.1,1693530680,4,TRUE,'ACT043_2','SNS043_2');
INSERT INTO PressureReading (pressure_reading_id, pressure_value, time, sensor_type, is_uploaded, activity_id, sensor_id) VALUES ('PR043_5',32.94,1693530740,4,TRUE,'ACT043_2','SNS043_2');
INSERT INTO PressureReading (pressure_reading_id, pressure_value, time, sensor_type, is_uploaded, activity_id, sensor_id) VALUES ('PR043_6',26.32,1693530800,4,TRUE,'ACT043_2','SNS043_2');
INSERT INTO PressureReading (pressure_reading_id, pressure_value, time, sensor_type, is_uploaded, activity_id, sensor_id) VALUES ('PR043_7',32.8,1693530360,4,TRUE,'ACT043_1','SNS043_1');
INSERT INTO PressureReading (pressure_reading_id, pressure_value, time, sensor_type, is_uploaded, activity_id, sensor_id) VALUES ('PR043_8',69.44,1693530920,4,TRUE,'ACT043_2','SNS043_2');
INSERT INTO PressureReading (pressure_reading_id, pressure_value, time, sensor_type, is_uploaded, activity_id, sensor_id) VALUES ('PR043_9',52.58,1693530480,4,TRUE,'ACT043_1','SNS043_1');
INSERT INTO PressureReading (pressure_reading_id, pressure_value, time, sensor_type, is_uploaded, activity_id, sensor_id) VALUES ('PR043_10',73.59,1693530540,4,TRUE,'ACT043_1','SNS043_1');
INSERT INTO PressureReading (pressure_reading_id, pressure_value, time, sensor_type, is_uploaded, activity_id, sensor_id) VALUES ('PR044_1',40.87,1693540000,3,TRUE,'ACT044_1','SNS044_1');
INSERT INTO PressureReading (pressure_reading_id, pressure_value, time, sensor_type, is_uploaded, activity_id, sensor_id) VALUES ('PR044_2',59.85,1693540560,3,TRUE,'ACT044_2','SNS044_2');
INSERT INTO PressureReading (pressure_reading_id, pressure_value, time, sensor_type, is_uploaded, activity_id, sensor_id) VALUES ('PR044_3',38.82,1693540620,3,TRUE,'ACT044_2','SNS044_2');
INSERT INTO PressureReading (pressure_reading_id, pressure_value, time, sensor_type, is_uploaded, activity_id, sensor_id) VALUES ('PR044_4',52.89,1693540180,3,TRUE,'ACT044_1','SNS044_1');
INSERT INTO PressureReading (pressure_reading_id, pressure_value, time, sensor_type, is_uploaded, activity_id, sensor_id) VALUES ('PR044_5',23.59,1693540240,3,TRUE,'ACT044_1','SNS044_1');
INSERT INTO PressureReading (pressure_reading_id, pressure_value, time, sensor_type, is_uploaded, activity_id, sensor_id) VALUES ('PR044_6',69.8,1693540800,3,TRUE,'ACT044_2','SNS044_2');
INSERT INTO PressureReading (pressure_reading_id, pressure_value, time, sensor_type, is_uploaded, activity_id, sensor_id) VALUES ('PR044_7',73.53,1693540860,3,TRUE,'ACT044_2','SNS044_2');
INSERT INTO PressureReading (pressure_reading_id, pressure_value, time, sensor_type, is_uploaded, activity_id, sensor_id) VALUES ('PR044_8',55.23,1693540420,3,TRUE,'ACT044_1','SNS044_1');
INSERT INTO PressureReading (pressure_reading_id, pressure_value, time, sensor_type, is_uploaded, activity_id, sensor_id) VALUES ('PR044_9',27.28,1693540480,3,TRUE,'ACT044_1','SNS044_1');
INSERT INTO PressureReading (pressure_reading_id, pressure_value, time, sensor_type, is_uploaded, activity_id, sensor_id) VALUES ('PR044_10',63.69,1693541040,3,TRUE,'ACT044_2','SNS044_2');
INSERT INTO PressureReading (pressure_reading_id, pressure_value, time, sensor_type, is_uploaded, activity_id, sensor_id) VALUES ('PR045_1',60.59,1693550000,2,TRUE,'ACT045_1','SNS045_1');
INSERT INTO PressureReading (pressure_reading_id, pressure_value, time, sensor_type, is_uploaded, activity_id, sensor_id) VALUES ('PR045_2',68.69,1693550060,2,TRUE,'ACT045_1','SNS045_1');
INSERT INTO PressureReading (pressure_reading_id, pressure_value, time, sensor_type, is_uploaded, activity_id, sensor_id) VALUES ('PR045_3',25.22,1693550620,2,TRUE,'ACT045_2','SNS045_2');
INSERT INTO PressureReading (pressure_reading_id, pressure_value, time, sensor_type, is_uploaded, activity_id, sensor_id) VALUES ('PR045_4',51.42,1693550180,2,TRUE,'ACT045_1','SNS045_1');
INSERT INTO PressureReading (pressure_reading_id, pressure_value, time, sensor_type, is_uploaded, activity_id, sensor_id) VALUES ('PR045_5',58.82,1693550240,2,TRUE,'ACT045_1','SNS045_1');
INSERT INTO PressureReading (pressure_reading_id, pressure_value, time, sensor_type, is_uploaded, activity_id, sensor_id) VALUES ('PR045_6',39.13,1693550300,2,TRUE,'ACT045_1','SNS045_1');
INSERT INTO PressureReading (pressure_reading_id, pressure_value, time, sensor_type, is_uploaded, activity_id, sensor_id) VALUES ('PR045_7',77.55,1693550860,2,TRUE,'ACT045_2','SNS045_2');
INSERT INTO PressureReading (pressure_reading_id, pressure_value, time, sensor_type, is_uploaded, activity_id, sensor_id) VALUES ('PR045_8',35.89,1693550420,2,TRUE,'ACT045_1','SNS045_1');
INSERT INTO PressureReading (pressure_reading_id, pressure_value, time, sensor_type, is_uploaded, activity_id, sensor_id) VALUES ('PR045_9',22.43,1693550480,2,TRUE,'ACT045_1','SNS045_1');
INSERT INTO PressureReading (pressure_reading_id, pressure_value, time, sensor_type, is_uploaded, activity_id, sensor_id) VALUES ('PR045_10',56.44,1693550540,2,TRUE,'ACT045_1','SNS045_1');
INSERT INTO PressureReading (pressure_reading_id, pressure_value, time, sensor_type, is_uploaded, activity_id, sensor_id) VALUES ('PR046_1',38.47,1693560000,3,TRUE,'ACT046_1','SNS046_1');
INSERT INTO PressureReading (pressure_reading_id, pressure_value, time, sensor_type, is_uploaded, activity_id, sensor_id) VALUES ('PR046_2',40.09,1693560060,3,TRUE,'ACT046_1','SNS046_1');
INSERT INTO PressureReading (pressure_reading_id, pressure_value, time, sensor_type, is_uploaded, activity_id, sensor_id) VALUES ('PR046_3',45.71,1693560120,3,TRUE,'ACT046_1','SNS046_1');
INSERT INTO PressureReading (pressure_reading_id, pressure_value, time, sensor_type, is_uploaded, activity_id, sensor_id) VALUES ('PR046_4',42.26,1693560680,3,TRUE,'ACT046_2','SNS046_2');
INSERT INTO PressureReading (pressure_reading_id, pressure_value, time, sensor_type, is_uploaded, activity_id, sensor_id) VALUES ('PR046_5',28.01,1693560240,3,TRUE,'ACT046_1','SNS046_1');
INSERT INTO PressureReading (pressure_reading_id, pressure_value, time, sensor_type, is_uploaded, activity_id, sensor_id) VALUES ('PR046_6',54.85,1693560300,3,TRUE,'ACT046_1','SNS046_1');
INSERT INTO PressureReading (pressure_reading_id, pressure_value, time, sensor_type, is_uploaded, activity_id, sensor_id) VALUES ('PR046_7',28.6,1693560860,3,TRUE,'ACT046_2','SNS046_2');
INSERT INTO PressureReading (pressure_reading_id, pressure_value, time, sensor_type, is_uploaded, activity_id, sensor_id) VALUES ('PR046_8',72.55,1693560920,3,TRUE,'ACT046_2','SNS046_2');
INSERT INTO PressureReading (pressure_reading_id, pressure_value, time, sensor_type, is_uploaded, activity_id, sensor_id) VALUES ('PR046_9',51.93,1693560980,3,TRUE,'ACT046_2','SNS046_2');
INSERT INTO PressureReading (pressure_reading_id, pressure_value, time, sensor_type, is_uploaded, activity_id, sensor_id) VALUES ('PR046_10',48.12,1693560540,3,TRUE,'ACT046_1','SNS046_1');
INSERT INTO PressureReading (pressure_reading_id, pressure_value, time, sensor_type, is_uploaded, activity_id, sensor_id) VALUES ('PR047_1',49.08,1693570000,2,TRUE,'ACT047_1','SNS047_1');
INSERT INTO PressureReading (pressure_reading_id, pressure_value, time, sensor_type, is_uploaded, activity_id, sensor_id) VALUES ('PR047_2',21.2,1693570560,2,TRUE,'ACT047_2','SNS047_2');
INSERT INTO PressureReading (pressure_reading_id, pressure_value, time, sensor_type, is_uploaded, activity_id, sensor_id) VALUES ('PR047_3',30.91,1693570620,2,TRUE,'ACT047_2','SNS047_2');
INSERT INTO PressureReading (pressure_reading_id, pressure_value, time, sensor_type, is_uploaded, activity_id, sensor_id) VALUES ('PR047_4',74.4,1693570680,2,TRUE,'ACT047_2','SNS047_2');
INSERT INTO PressureReading (pressure_reading_id, pressure_value, time, sensor_type, is_uploaded, activity_id, sensor_id) VALUES ('PR047_5',54.36,1693570240,2,TRUE,'ACT047_1','SNS047_1');
INSERT INTO PressureReading (pressure_reading_id, pressure_value, time, sensor_type, is_uploaded, activity_id, sensor_id) VALUES ('PR047_6',71.95,1693570300,2,TRUE,'ACT047_1','SNS047_1');
INSERT INTO PressureReading (pressure_reading_id, pressure_value, time, sensor_type, is_uploaded, activity_id, sensor_id) VALUES ('PR047_7',20.45,1693570860,2,TRUE,'ACT047_2','SNS047_2');
INSERT INTO PressureReading (pressure_reading_id, pressure_value, time, sensor_type, is_uploaded, activity_id, sensor_id) VALUES ('PR047_8',50.04,1693570420,2,TRUE,'ACT047_1','SNS047_1');
INSERT INTO PressureReading (pressure_reading_id, pressure_value, time, sensor_type, is_uploaded, activity_id, sensor_id) VALUES ('PR047_9',57.9,1693570480,2,TRUE,'ACT047_1','SNS047_1');
INSERT INTO PressureReading (pressure_reading_id, pressure_value, time, sensor_type, is_uploaded, activity_id, sensor_id) VALUES ('PR047_10',36.04,1693570540,2,TRUE,'ACT047_1','SNS047_1');
INSERT INTO PressureReading (pressure_reading_id, pressure_value, time, sensor_type, is_uploaded, activity_id, sensor_id) VALUES ('PR048_1',74.59,1693580000,3,TRUE,'ACT048_1','SNS048_1');
INSERT INTO PressureReading (pressure_reading_id, pressure_value, time, sensor_type, is_uploaded, activity_id, sensor_id) VALUES ('PR048_2',43.99,1693580560,3,TRUE,'ACT048_2','SNS048_2');
INSERT INTO PressureReading (pressure_reading_id, pressure_value, time, sensor_type, is_uploaded, activity_id, sensor_id) VALUES ('PR048_3',47.42,1693580620,3,TRUE,'ACT048_2','SNS048_2');
INSERT INTO PressureReading (pressure_reading_id, pressure_value, time, sensor_type, is_uploaded, activity_id, sensor_id) VALUES ('PR048_4',68.04,1693580680,3,TRUE,'ACT048_2','SNS048_2');
INSERT INTO PressureReading (pressure_reading_id, pressure_value, time, sensor_type, is_uploaded, activity_id, sensor_id) VALUES ('PR048_5',20.45,1693580240,3,TRUE,'ACT048_1','SNS048_1');
INSERT INTO PressureReading (pressure_reading_id, pressure_value, time, sensor_type, is_uploaded, activity_id, sensor_id) VALUES ('PR048_6',64.71,1693580800,3,TRUE,'ACT048_2','SNS048_2');
INSERT INTO PressureReading (pressure_reading_id, pressure_value, time, sensor_type, is_uploaded, activity_id, sensor_id) VALUES ('PR048_7',64.42,1693580360,3,TRUE,'ACT048_1','SNS048_1');
INSERT INTO PressureReading (pressure_reading_id, pressure_value, time, sensor_type, is_uploaded, activity_id, sensor_id) VALUES ('PR048_8',40.29,1693580920,3,TRUE,'ACT048_2','SNS048_2');
INSERT INTO PressureReading (pressure_reading_id, pressure_value, time, sensor_type, is_uploaded, activity_id, sensor_id) VALUES ('PR048_9',61.06,1693580980,3,TRUE,'ACT048_2','SNS048_2');
INSERT INTO PressureReading (pressure_reading_id, pressure_value, time, sensor_type, is_uploaded, activity_id, sensor_id) VALUES ('PR048_10',63.26,1693581040,3,TRUE,'ACT048_2','SNS048_2');
INSERT INTO PressureReading (pressure_reading_id, pressure_value, time, sensor_type, is_uploaded, activity_id, sensor_id) VALUES ('PR049_1',40.62,1693590000,2,TRUE,'ACT049_1','SNS049_1');
INSERT INTO PressureReading (pressure_reading_id, pressure_value, time, sensor_type, is_uploaded, activity_id, sensor_id) VALUES ('PR049_2',66.09,1693590560,2,TRUE,'ACT049_2','SNS049_2');
INSERT INTO PressureReading (pressure_reading_id, pressure_value, time, sensor_type, is_uploaded, activity_id, sensor_id) VALUES ('PR049_3',75.66,1693590120,2,TRUE,'ACT049_1','SNS049_1');
INSERT INTO PressureReading (pressure_reading_id, pressure_value, time, sensor_type, is_uploaded, activity_id, sensor_id) VALUES ('PR049_4',24.58,1693590180,2,TRUE,'ACT049_1','SNS049_1');
INSERT INTO PressureReading (pressure_reading_id, pressure_value, time, sensor_type, is_uploaded, activity_id, sensor_id) VALUES ('PR049_5',69.72,1693590740,2,TRUE,'ACT049_2','SNS049_2');
INSERT INTO PressureReading (pressure_reading_id, pressure_value, time, sensor_type, is_uploaded, activity_id, sensor_id) VALUES ('PR049_6',45.5,1693590800,2,TRUE,'ACT049_2','SNS049_2');
INSERT INTO PressureReading (pressure_reading_id, pressure_value, time, sensor_type, is_uploaded, activity_id, sensor_id) VALUES ('PR049_7',47.93,1693590360,2,TRUE,'ACT049_1','SNS049_1');
INSERT INTO PressureReading (pressure_reading_id, pressure_value, time, sensor_type, is_uploaded, activity_id, sensor_id) VALUES ('PR049_8',56.13,1693590920,2,TRUE,'ACT049_2','SNS049_2');
INSERT INTO PressureReading (pressure_reading_id, pressure_value, time, sensor_type, is_uploaded, activity_id, sensor_id) VALUES ('PR049_9',68.45,1693590480,2,TRUE,'ACT049_1','SNS049_1');
INSERT INTO PressureReading (pressure_reading_id, pressure_value, time, sensor_type, is_uploaded, activity_id, sensor_id) VALUES ('PR049_10',36.97,1693590540,2,TRUE,'ACT049_1','SNS049_1');
INSERT INTO PressureReading (pressure_reading_id, pressure_value, time, sensor_type, is_uploaded, activity_id, sensor_id) VALUES ('PR050_1',30.26,1693600500,3,TRUE,'ACT050_2','SNS050_2');
INSERT INTO PressureReading (pressure_reading_id, pressure_value, time, sensor_type, is_uploaded, activity_id, sensor_id) VALUES ('PR050_2',74.27,1693600060,3,TRUE,'ACT050_1','SNS050_1');
INSERT INTO PressureReading (pressure_reading_id, pressure_value, time, sensor_type, is_uploaded, activity_id, sensor_id) VALUES ('PR050_3',65.63,1693600620,3,TRUE,'ACT050_2','SNS050_2');
INSERT INTO PressureReading (pressure_reading_id, pressure_value, time, sensor_type, is_uploaded, activity_id, sensor_id) VALUES ('PR050_4',43.32,1693600180,3,TRUE,'ACT050_1','SNS050_1');
INSERT INTO PressureReading (pressure_reading_id, pressure_value, time, sensor_type, is_uploaded, activity_id, sensor_id) VALUES ('PR050_5',78.22,1693600240,3,TRUE,'ACT050_1','SNS050_1');
INSERT INTO PressureReading (pressure_reading_id, pressure_value, time, sensor_type, is_uploaded, activity_id, sensor_id) VALUES ('PR050_6',70.54,1693600800,3,TRUE,'ACT050_2','SNS050_2');
INSERT INTO PressureReading (pressure_reading_id, pressure_value, time, sensor_type, is_uploaded, activity_id, sensor_id) VALUES ('PR050_7',75.87,1693600860,3,TRUE,'ACT050_2','SNS050_2');
INSERT INTO PressureReading (pressure_reading_id, pressure_value, time, sensor_type, is_uploaded, activity_id, sensor_id) VALUES ('PR050_8',33.02,1693600920,3,TRUE,'ACT050_2','SNS050_2');
INSERT INTO PressureReading (pressure_reading_id, pressure_value, time, sensor_type, is_uploaded, activity_id, sensor_id) VALUES ('PR050_9',64.26,1693600480,3,TRUE,'ACT050_1','SNS050_1');
INSERT INTO PressureReading (pressure_reading_id, pressure_value, time, sensor_type, is_uploaded, activity_id, sensor_id) VALUES ('PR050_10',61.86,1693600540,3,TRUE,'ACT050_1','SNS050_1');
