INSERT INTO Clinician (clinician_id, first_name, last_name, email, password, created_at) VALUES
('b8f13d56-1b3c-4cfc-a6e0-9d202f633c73', 'Alice', 'Smith', 'alice.smith@clinician.com', '$argon2id$v=19$m=65536,t=3,p=4$MfvUCUCyfMNyQBZqAdwGFQ$e8vdyLPm+rRPlKMoupSe0sCxoCLImAXC2n0Q0zOPPdE', CURRENT_TIMESTAMP),
('be946e5c-60e3-4b7c-8af1-9b8b5249e276', 'Bob', 'Johnson', 'bob.johnson@clinician.com', '$argon2id$v=19$m=65536,t=3,p=4$MfvUCUCyfMNyQBZqAdwGFQ$e8vdyLPm+rRPlKMoupSe0sCxoCLImAXC2n0Q0zOPPdE', CURRENT_TIMESTAMP),
('2f44b5f0-d4db-42cc-88f3-0bbcbfa6c9e0', 'Carol', 'Williams', 'carol.williams@clinician.com', '$argon2id$v=19$m=65536,t=3,p=4$MfvUCUCyfMNyQBZqAdwGFQ$e8vdyLPm+rRPlKMoupSe0sCxoCLImAXC2n0Q0zOPPdE', CURRENT_TIMESTAMP),
('0c594be8-39c6-4d3d-906d-504a4f0b7ff2', 'David', 'Brown', 'david.brown@clinician.com', '$argon2id$v=19$m=65536,t=3,p=4$MfvUCUCyfMNyQBZqAdwGFQ$e8vdyLPm+rRPlKMoupSe0sCxoCLImAXC2n0Q0zOPPdE', CURRENT_TIMESTAMP),
('aef77577-d1e3-4870-a923-7b7e96c7317f', 'Emma', 'Jones', 'emma.jones@clinician.com', '$argon2id$v=19$m=65536,t=3,p=4$MfvUCUCyfMNyQBZqAdwGFQ$e8vdyLPm+rRPlKMoupSe0sCxoCLImAXC2n0Q0zOPPdE', CURRENT_TIMESTAMP),
('f3e7a9c2-8d4b-4f1a-9e6c-7b5d3a8f2e1c', 'Rachel', 'Thompson', 'rachel.thompson@clinician.com', '$argon2id$v=19$m=65536,t=3,p=4$MfvUCUCyfMNyQBZqAdwGFQ$e8vdyLPm+rRPlKMoupSe0sCxoCLImAXC2n0Q0zOPPdE', CURRENT_TIMESTAMP),
('a8d2e5f7-9c3e-4b2d-8f7a-6e4c5b9a3f2d','Michael','Anderson','michael.anderson@clinician.com','$argon2id$v=19$m=65536,t=3,p=4$MfvUCUCyfMNyQBZqAdwGFQ$e8vdyLPm+rRPlKMoupSe0sCxoCLImAXC2n0Q0zOPPdE', CURRENT_TIMESTAMP),
('b9e6f3a4-7d5c-4e3b-9a8f-5d6e4c8b7a3e','Jennifer','Martinez','jennifer.martinez@clinician.com','$argon2id$v=19$m=65536,t=3,p=4$MfvUCUCyfMNyQBZqAdwGFQ$e8vdyLPm+rRPlKMoupSe0sCxoCLImAXC2n0Q0zOPPdE', CURRENT_TIMESTAMP),
('c5f8a7b2-6e4d-4c5a-8b9e-7a5f6d9c4b8f','David','Robinson','david.robinson@clinician.com','$argon2id$v=19$m=65536,t=3,p=4$MfvUCUCyfMNyQBZqAdwGFQ$e8vdyLPm+rRPlKMoupSe0sCxoCLImAXC2n0Q0zOPPdE', CURRENT_TIMESTAMP),
('d7a9b4c6-8f5e-4d6c-9e7b-6c8a5f7d3e9a','Sarah','Williams','sarah.williams@clinician.com','$argon2id$v=19$m=65536,t=3,p=4$MfvUCUCyfMNyQBZqAdwGFQ$e8vdyLPm+rRPlKMoupSe0sCxoCLImAXC2n0Q0zOPPdE', CURRENT_TIMESTAMP);

INSERT INTO Patient (patient_id, first_name, last_name, height, weight, amputation_type, prosthetic_type, email, password, user_id, clinician_id) VALUES
('a7f3c8e5-4b2d-4f1a-9c6e-8d5b3a7f2e1c','Emma','Sullivan','171','51','Below Knee','Blatchford Linx','emma.sullivan@patient.com','$argon2id$v=19$m=65536,t=3,p=4$MfvUCUCyfMNyQBZqAdwGFQ$e8vdyLPm+rRPlKMoupSe0sCxoCLImAXC2n0Q0zOPPdE','USER001','a8d2e5f7-9c3e-4b2d-8f7a-6e4c5b9a3f2d'),
('b9e2d7f6-5c3e-4a2b-8d7f-9e6c4b8a3f2d','Liam','Henderson','161','77','Above Knee','Bebionic Arm','liam.henderson@patient.com','$argon2id$v=19$m=65536,t=3,p=4$MfvUCUCyfMNyQBZqAdwGFQ$e8vdyLPm+rRPlKMoupSe0sCxoCLImAXC2n0Q0zOPPdE','USER002','b8f13d56-1b3c-4cfc-a6e0-9d202f633c73'),
('c1f4e8d9-6a4f-4b3c-9e8a-7f5d6c9b4e3a','Olivia','Martinez','160','87','Above Knee','Bebionic Arm','olivia.martinez@patient.com','$argon2id$v=19$m=65536,t=3,p=4$MfvUCUCyfMNyQBZqAdwGFQ$e8vdyLPm+rRPlKMoupSe0sCxoCLImAXC2n0Q0zOPPdE','USER003','be946e5c-60e3-4b7c-8af1-9b8b5249e276'),
('d3a5b9c2-7b5e-4c4d-8f9b-6e7a5d8c3f4b','Noah','Campbell','175','54','Below Elbow','Blatchford Linx','noah.campbell@patient.com','$argon2id$v=19$m=65536,t=3,p=4$MfvUCUCyfMNyQBZqAdwGFQ$e8vdyLPm+rRPlKMoupSe0sCxoCLImAXC2n0Q0zOPPdE','USER004','0c594be8-39c6-4d3d-906d-504a4f0b7ff2'),
('e5b6c3d4-8c6f-4d5e-9a8c-7f6b4e9d5a6c','Ava','Richardson','183','72','Above Elbow','Bebionic Arm','ava.richardson@patient.com','$argon2id$v=19$m=65536,t=3,p=4$MfvUCUCyfMNyQBZqAdwGFQ$e8vdyLPm+rRPlKMoupSe0sCxoCLImAXC2n0Q0zOPPdE','USER005','a8d2e5f7-9c3e-4b2d-8f7a-6e4c5b9a3f2d'),
('f7c8d4e5-9d7a-4e6f-8b9d-6a7c5f8e4b7d','Ethan','Foster','152','61','Above Knee','Blatchford Linx','ethan.foster@patient.com','$argon2id$v=19$m=65536,t=3,p=4$MfvUCUCyfMNyQBZqAdwGFQ$e8vdyLPm+rRPlKMoupSe0sCxoCLImAXC2n0Q0zOPPdE','USER006','0c594be8-39c6-4d3d-906d-504a4f0b7ff2'),
('a9d5e6f7-8e8b-4f7a-9c8e-7b6d4a9f5c8e','Sophia','Bennett','174','58','Above Knee','Ottobock Genium','sophia.bennett@patient.com','$argon2id$v=19$m=65536,t=3,p=4$MfvUCUCyfMNyQBZqAdwGFQ$e8vdyLPm+rRPlKMoupSe0sCxoCLImAXC2n0Q0zOPPdE','USER007','f3e7a9c2-8d4b-4f1a-9e6c-7b5d3a8f2e1c'),
('b2e6f7a8-9f9c-4a8b-8d9f-6c7e5b8a6d9f','Mason','Brooks','156','86','Below Elbow','Blatchford Linx','mason.brooks@patient.com','$argon2id$v=19$m=65536,t=3,p=4$MfvUCUCyfMNyQBZqAdwGFQ$e8vdyLPm+rRPlKMoupSe0sCxoCLImAXC2n0Q0zOPPdE','USER008','aef77577-d1e3-4870-a923-7b7e96c7317f'),
('c4f7a9b1-8a8d-4b9c-9e8a-7d6f4c9b7e8a','Isabella','Powell','163','72','Above Knee','Blatchford Linx','isabella.powell@patient.com','$argon2id$v=19$m=65536,t=3,p=4$MfvUCUCyfMNyQBZqAdwGFQ$e8vdyLPm+rRPlKMoupSe0sCxoCLImAXC2n0Q0zOPPdE','USER009','2f44b5f0-d4db-42cc-88f3-0bbcbfa6c9e0'),
('d6a8b2c3-9b9e-4c8d-8f9b-6e7a5d8c4f9b','James','Gray','167','51','Above Knee','Blatchford Linx','james.gray@patient.com','$argon2id$v=19$m=65536,t=3,p=4$MfvUCUCyfMNyQBZqAdwGFQ$e8vdyLPm+rRPlKMoupSe0sCxoCLImAXC2n0Q0zOPPdE','USER010','d7a9b4c6-8f5e-4d6c-9e7b-6c8a5f7d3e9a'),
('e8b9c4d5-8c8f-4d9e-9a8c-7f6b4e9d6a8c','Mia','Murphy','161','64','Above Elbow','Bebionic Arm','mia.murphy@patient.com','$argon2id$v=19$m=65536,t=3,p=4$MfvUCUCyfMNyQBZqAdwGFQ$e8vdyLPm+rRPlKMoupSe0sCxoCLImAXC2n0Q0zOPPdE','USER011','aef77577-d1e3-4870-a923-7b7e96c7317f'),
('f9c2d5e6-9d9a-4e8f-8b9d-6a7c5f8e7b9d','Benjamin','Hayes','187','61','Above Knee','Bebionic Arm','benjamin.hayes@patient.com','$argon2id$v=19$m=65536,t=3,p=4$MfvUCUCyfMNyQBZqAdwGFQ$e8vdyLPm+rRPlKMoupSe0sCxoCLImAXC2n0Q0zOPPdE','USER012','a8d2e5f7-9c3e-4b2d-8f7a-6e4c5b9a3f2d'),
('a1d3e7f8-8e8b-4f9a-9c8e-7b6d4a9f8c2e','Charlotte','Cooper','156','66','Below Knee','Blatchford Linx','charlotte.cooper@patient.com','$argon2id$v=19$m=65536,t=3,p=4$MfvUCUCyfMNyQBZqAdwGFQ$e8vdyLPm+rRPlKMoupSe0sCxoCLImAXC2n0Q0zOPPdE','USER013','0c594be8-39c6-4d3d-906d-504a4f0b7ff2'),
('b3e4f9a2-9f9c-4a2b-8d9f-6c7e5b8a9d3f','Lucas','Warren','179','68','Below Elbow','Ottobock Genium','lucas.warren@patient.com','$argon2id$v=19$m=65536,t=3,p=4$MfvUCUCyfMNyQBZqAdwGFQ$e8vdyLPm+rRPlKMoupSe0sCxoCLImAXC2n0Q0zOPPdE','USER014','a8d2e5f7-9c3e-4b2d-8f7a-6e4c5b9a3f2d'),
('c5f6a2b4-8a8d-4b3c-9e8a-7d6f4c9b2e4a','Amelia','Hughes','163','75','Above Knee','Blatchford Linx','amelia.hughes@patient.com','$argon2id$v=19$m=65536,t=3,p=4$MfvUCUCyfMNyQBZqAdwGFQ$e8vdyLPm+rRPlKMoupSe0sCxoCLImAXC2n0Q0zOPPdE','USER015','f3e7a9c2-8d4b-4f1a-9e6c-7b5d3a8f2e1c'),
('d7a9b3c5-9b9e-4c4d-8f9b-6e7a5d8c3f5b','Oliver','Reed','169','65','Above Knee','Bebionic Arm','oliver.reed@patient.com','$argon2id$v=19$m=65536,t=3,p=4$MfvUCUCyfMNyQBZqAdwGFQ$e8vdyLPm+rRPlKMoupSe0sCxoCLImAXC2n0Q0zOPPdE','USER016','b8f13d56-1b3c-4cfc-a6e0-9d202f633c73'),
('e9b2c5d7-8c8f-4d5e-9a8c-7f6b4e9d4a6c','Harper','Morgan','181','59','Above Elbow','Bebionic Arm','harper.morgan@patient.com','$argon2id$v=19$m=65536,t=3,p=4$MfvUCUCyfMNyQBZqAdwGFQ$e8vdyLPm+rRPlKMoupSe0sCxoCLImAXC2n0Q0zOPPdE','USER017','b8f13d56-1b3c-4cfc-a6e0-9d202f633c73'),
('f2c4d7e9-9d9a-4e6f-8b9d-6a7c5f8e5b7d','Elijah','Bailey','182','67','Below Elbow','Bebionic Arm','elijah.bailey@patient.com','$argon2id$v=19$m=65536,t=3,p=4$MfvUCUCyfMNyQBZqAdwGFQ$e8vdyLPm+rRPlKMoupSe0sCxoCLImAXC2n0Q0zOPPdE','USER018','b9e6f3a4-7d5c-4e3b-9a8f-5d6e4c8b7a3e'),
('a4d6e9f2-8e8b-4f7a-9c8e-7b6d4a9f6c8e','Evelyn','Rivera','159','56','Below Knee','Ottobock Genium','evelyn.rivera@patient.com','$argon2id$v=19$m=65536,t=3,p=4$MfvUCUCyfMNyQBZqAdwGFQ$e8vdyLPm+rRPlKMoupSe0sCxoCLImAXC2n0Q0zOPPdE','USER019','2f44b5f0-d4db-42cc-88f3-0bbcbfa6c9e0'),
('b6e8f2a4-9f9c-4a8b-8d9f-6c7e5b8a7d9f','Alexander','Collins','172','71','Above Elbow','Blatchford Linx','alexander.collins@patient.com','$argon2id$v=19$m=65536,t=3,p=4$MfvUCUCyfMNyQBZqAdwGFQ$e8vdyLPm+rRPlKMoupSe0sCxoCLImAXC2n0Q0zOPPdE','USER020','f3e7a9c2-8d4b-4f1a-9e6c-7b5d3a8f2e1c'),
('c8f9a4b6-8a8d-4b9c-9e8a-7d6f4c9b8e2a','Abigail','Stewart','160','88','Above Elbow','Össur Rheo Knee','abigail.stewart@patient.com','$argon2id$v=19$m=65536,t=3,p=4$MfvUCUCyfMNyQBZqAdwGFQ$e8vdyLPm+rRPlKMoupSe0sCxoCLImAXC2n0Q0zOPPdE','USER021','2f44b5f0-d4db-42cc-88f3-0bbcbfa6c9e0'),
('d2a5b7c9-9b9e-4c8d-8f9b-6e7a5d8c9f3b','William','Morris','178','71','Above Knee','Ottobock Genium','william.morris@patient.com','$argon2id$v=19$m=65536,t=3,p=4$MfvUCUCyfMNyQBZqAdwGFQ$e8vdyLPm+rRPlKMoupSe0sCxoCLImAXC2n0Q0zOPPdE','USER022','be946e5c-60e3-4b7c-8af1-9b8b5249e276'),
('e4b7c9d2-8c8f-4d9e-9a8c-7f6b4e9d2a4c','Emily','Rogers','177','67','Below Knee','Blatchford Linx','emily.rogers@patient.com','$argon2id$v=19$m=65536,t=3,p=4$MfvUCUCyfMNyQBZqAdwGFQ$e8vdyLPm+rRPlKMoupSe0sCxoCLImAXC2n0Q0zOPPdE','USER023','0c594be8-39c6-4d3d-906d-504a4f0b7ff2'),
('f6c9d2e4-9d9a-4e8f-8b9d-6a7c5f8e3b5d','Michael','Peterson','186','89','Above Knee','Ottobock Genium','michael.peterson@patient.com','$argon2id$v=19$m=65536,t=3,p=4$MfvUCUCyfMNyQBZqAdwGFQ$e8vdyLPm+rRPlKMoupSe0sCxoCLImAXC2n0Q0zOPPdE','USER024','f3e7a9c2-8d4b-4f1a-9e6c-7b5d3a8f2e1c'),
('a8d2e4f6-8e8b-4f9a-9c8e-7b6d4a9f4c6e','Elizabeth','Coleman','170','90','Above Elbow','Össur Rheo Knee','elizabeth.coleman@patient.com','$argon2id$v=19$m=65536,t=3,p=4$MfvUCUCyfMNyQBZqAdwGFQ$e8vdyLPm+rRPlKMoupSe0sCxoCLImAXC2n0Q0zOPPdE','USER025','aef77577-d1e3-4870-a923-7b7e96c7317f'),
('b9e4f6a8-9f9c-4a2b-8d9f-6c7e5b8a5d7f','Daniel','Jenkins','163','88','Above Elbow','Ottobock Genium','daniel.jenkins@patient.com','$argon2id$v=19$m=65536,t=3,p=4$MfvUCUCyfMNyQBZqAdwGFQ$e8vdyLPm+rRPlKMoupSe0sCxoCLImAXC2n0Q0zOPPdE','USER026','f3e7a9c2-8d4b-4f1a-9e6c-7b5d3a8f2e1c'),
('c2f6a8b9-8a8d-4b3c-9e8a-7d6f4c9b6e8a','Sofia','Perry','157','80','Above Knee','Ottobock Genium','sofia.perry@patient.com','$argon2id$v=19$m=65536,t=3,p=4$MfvUCUCyfMNyQBZqAdwGFQ$e8vdyLPm+rRPlKMoupSe0sCxoCLImAXC2n0Q0zOPPdE','USER027','be946e5c-60e3-4b7c-8af1-9b8b5249e276'),
('d4a8b9c2-9b9e-4c4d-8f9b-6e7a5d8c7f9b','Matthew','Russell','163','59','Below Knee','Ottobock Genium','matthew.russell@patient.com','$argon2id$v=19$m=65536,t=3,p=4$MfvUCUCyfMNyQBZqAdwGFQ$e8vdyLPm+rRPlKMoupSe0sCxoCLImAXC2n0Q0zOPPdE','USER028','f3e7a9c2-8d4b-4f1a-9e6c-7b5d3a8f2e1c'),
('e6b9c2d4-8c8f-4d5e-9a8c-7f6b4e9d8a2c','Avery','Griffin','190','50','Below Knee','Blatchford Linx','avery.griffin@patient.com','$argon2id$v=19$m=65536,t=3,p=4$MfvUCUCyfMNyQBZqAdwGFQ$e8vdyLPm+rRPlKMoupSe0sCxoCLImAXC2n0Q0zOPPdE','USER029','2f44b5f0-d4db-42cc-88f3-0bbcbfa6c9e0'),
('f8c2d4e6-9d9a-4e6f-8b9d-6a7c5f8e9b3d','Joseph','Diaz','178','80','Below Elbow','Ottobock Genium','joseph.diaz@patient.com','$argon2id$v=19$m=65536,t=3,p=4$MfvUCUCyfMNyQBZqAdwGFQ$e8vdyLPm+rRPlKMoupSe0sCxoCLImAXC2n0Q0zOPPdE','USER030','0c594be8-39c6-4d3d-906d-504a4f0b7ff2'),
('a9d4e6f8-8e8b-4f7a-9c8e-7b6d4a9f2c4e','Ella','Hayes','155','72','Above Knee','Blatchford Linx','ella.hayes@patient.com','$argon2id$v=19$m=65536,t=3,p=4$MfvUCUCyfMNyQBZqAdwGFQ$e8vdyLPm+rRPlKMoupSe0sCxoCLImAXC2n0Q0zOPPdE','USER031','a8d2e5f7-9c3e-4b2d-8f7a-6e4c5b9a3f2d'),
('b2e6f8a9-9f9c-4a8b-8d9f-6c7e5b8a3d5f','David','Myers','173','62','Below Knee','Blatchford Linx','david.myers@patient.com','$argon2id$v=19$m=65536,t=3,p=4$MfvUCUCyfMNyQBZqAdwGFQ$e8vdyLPm+rRPlKMoupSe0sCxoCLImAXC2n0Q0zOPPdE','USER032','a8d2e5f7-9c3e-4b2d-8f7a-6e4c5b9a3f2d'),
('c4f8a2b5-8a8d-4b9c-9e8a-7d6f4c9b4e6a','Scarlett','Ford','190','71','Below Knee','Ottobock Genium','scarlett.ford@patient.com','$argon2id$v=19$m=65536,t=3,p=4$MfvUCUCyfMNyQBZqAdwGFQ$e8vdyLPm+rRPlKMoupSe0sCxoCLImAXC2n0Q0zOPPdE','USER033','2f44b5f0-d4db-42cc-88f3-0bbcbfa6c9e0'),
('d6a2b5c7-9b9e-4c8d-8f9b-6e7a5d8c5f7b','Jackson','Hamilton','170','59','Above Knee','Ottobock Genium','jackson.hamilton@patient.com','$argon2id$v=19$m=65536,t=3,p=4$MfvUCUCyfMNyQBZqAdwGFQ$e8vdyLPm+rRPlKMoupSe0sCxoCLImAXC2n0Q0zOPPdE','USER034','be946e5c-60e3-4b7c-8af1-9b8b5249e276'),
('e8b5c7d9-8c8f-4d9e-9a8c-7f6b4e9d6a8c','Grace','Graham','161','82','Below Elbow','Ottobock Genium','grace.graham@patient.com','$argon2id$v=19$m=65536,t=3,p=4$MfvUCUCyfMNyQBZqAdwGFQ$e8vdyLPm+rRPlKMoupSe0sCxoCLImAXC2n0Q0zOPPdE','USER035','b8f13d56-1b3c-4cfc-a6e0-9d202f633c73'),
('f9c7d9e2-9d9a-4e8f-8b9d-6a7c5f8e7b9d','Sebastian','Sullivan','169','78','Above Knee','Ottobock Genium','sebastian.sullivan@patient.com','$argon2id$v=19$m=65536,t=3,p=4$MfvUCUCyfMNyQBZqAdwGFQ$e8vdyLPm+rRPlKMoupSe0sCxoCLImAXC2n0Q0zOPPdE','USER036','2f44b5f0-d4db-42cc-88f3-0bbcbfa6c9e0'),
('a2d9e2f4-8e8b-4f9a-9c8e-7b6d4a9f8c2e','Chloe','Wallace','168','86','Below Elbow','Blatchford Linx','chloe.wallace@patient.com','$argon2id$v=19$m=65536,t=3,p=4$MfvUCUCyfMNyQBZqAdwGFQ$e8vdyLPm+rRPlKMoupSe0sCxoCLImAXC2n0Q0zOPPdE','USER037','b8f13d56-1b3c-4cfc-a6e0-9d202f633c73'),
('b4e2f4a6-9f9c-4a2b-8d9f-6c7e5b8a9d3f','Henry','Woods','175','56','Above Elbow','Bebionic Arm','henry.woods@patient.com','$argon2id$v=19$m=65536,t=3,p=4$MfvUCUCyfMNyQBZqAdwGFQ$e8vdyLPm+rRPlKMoupSe0sCxoCLImAXC2n0Q0zOPPdE','USER038','f3e7a9c2-8d4b-4f1a-9e6c-7b5d3a8f2e1c'),
('c6f4a6b8-8a8d-4b3c-9e8a-7d6f4c9b2e4a','Victoria','Barnes','155','84','Above Elbow','Össur Rheo Knee','victoria.barnes@patient.com','$argon2id$v=19$m=65536,t=3,p=4$MfvUCUCyfMNyQBZqAdwGFQ$e8vdyLPm+rRPlKMoupSe0sCxoCLImAXC2n0Q0zOPPdE','USER039','d7a9b4c6-8f5e-4d6c-9e7b-6c8a5f7d3e9a'),
('d8a6b8c9-9b9e-4c4d-8f9b-6e7a5d8c3f5b','Owen','Ross','171','56','Above Elbow','Ottobock Genium','owen.ross@patient.com','$argon2id$v=19$m=65536,t=3,p=4$MfvUCUCyfMNyQBZqAdwGFQ$e8vdyLPm+rRPlKMoupSe0sCxoCLImAXC2n0Q0zOPPdE','USER040','c5f8a7b2-6e4d-4c5a-8b9e-7a5f6d9c4b8f'),
('e9b8c9d2-8c8f-4d5e-9a8c-7f6b4e9d4a6c','Zoey','Henderson','180','86','Below Knee','Bebionic Arm','zoey.henderson@patient.com','$argon2id$v=19$m=65536,t=3,p=4$MfvUCUCyfMNyQBZqAdwGFQ$e8vdyLPm+rRPlKMoupSe0sCxoCLImAXC2n0Q0zOPPdE','USER041','0c594be8-39c6-4d3d-906d-504a4f0b7ff2'),
('f2c9d2e4-9d9a-4e6f-8b9d-6a7c5f8e5b7d','Samuel','Coleman','158','78','Below Elbow','Ottobock Genium','samuel.coleman@patient.com','$argon2id$v=19$m=65536,t=3,p=4$MfvUCUCyfMNyQBZqAdwGFQ$e8vdyLPm+rRPlKMoupSe0sCxoCLImAXC2n0Q0zOPPdE','USER042','2f44b5f0-d4db-42cc-88f3-0bbcbfa6c9e0'),
('a4d2e4f6-8e8b-4f7a-9c8e-7b6d4a9f6c8e','Lily','Simmons','159','80','Above Elbow','Bebionic Arm','lily.simmons@patient.com','$argon2id$v=19$m=65536,t=3,p=4$MfvUCUCyfMNyQBZqAdwGFQ$e8vdyLPm+rRPlKMoupSe0sCxoCLImAXC2n0Q0zOPPdE','USER043','0c594be8-39c6-4d3d-906d-504a4f0b7ff2'),
('b6e4f6a8-9f9c-4a8b-8d9f-6c7e5b8a7d9f','Jack','Patterson','165','74','Below Elbow','Blatchford Linx','jack.patterson@patient.com','$argon2id$v=19$m=65536,t=3,p=4$MfvUCUCyfMNyQBZqAdwGFQ$e8vdyLPm+rRPlKMoupSe0sCxoCLImAXC2n0Q0zOPPdE','USER044','c5f8a7b2-6e4d-4c5a-8b9e-7a5f6d9c4b8f'),
('c8f6a8b9-8a8d-4b9c-9e8a-7d6f4c9b8e2a','Hannah','Jordan','179','58','Below Elbow','Össur Rheo Knee','hannah.jordan@patient.com','$argon2id$v=19$m=65536,t=3,p=4$MfvUCUCyfMNyQBZqAdwGFQ$e8vdyLPm+rRPlKMoupSe0sCxoCLImAXC2n0Q0zOPPdE','USER045','c5f8a7b2-6e4d-4c5a-8b9e-7a5f6d9c4b8f'),
('d9a8b9c2-9b9e-4c8d-8f9b-6e7a5d8c9f3b','Luke','Reynolds','166','77','Below Elbow','Blatchford Linx','luke.reynolds@patient.com','$argon2id$v=19$m=65536,t=3,p=4$MfvUCUCyfMNyQBZqAdwGFQ$e8vdyLPm+rRPlKMoupSe0sCxoCLImAXC2n0Q0zOPPdE','USER046','0c594be8-39c6-4d3d-906d-504a4f0b7ff2'),
('e2b9c2d4-8c8f-4d9e-9a8c-7f6b4e9d2a4c','Addison','Hamilton','160','66','Above Elbow','Ottobock Genium','addison.hamilton@patient.com','$argon2id$v=19$m=65536,t=3,p=4$MfvUCUCyfMNyQBZqAdwGFQ$e8vdyLPm+rRPlKMoupSe0sCxoCLImAXC2n0Q0zOPPdE','USER047','0c594be8-39c6-4d3d-906d-504a4f0b7ff2'),
('f4c2d4e6-9d9a-4e8f-8b9d-6a7c5f8e3b5d','Ryan','Knight','168','75','Above Knee','Bebionic Arm','ryan.knight@patient.com','$argon2id$v=19$m=65536,t=3,p=4$MfvUCUCyfMNyQBZqAdwGFQ$e8vdyLPm+rRPlKMoupSe0sCxoCLImAXC2n0Q0zOPPdE','USER048','aef77577-d1e3-4870-a923-7b7e96c7317f'),
('a6d4e6f8-8e8b-4f9a-9c8e-7b6d4a9f4c6e','Natalie','Price','176','78','Below Elbow','Bebionic Arm','natalie.price@patient.com','$argon2id$v=19$m=65536,t=3,p=4$MfvUCUCyfMNyQBZqAdwGFQ$e8vdyLPm+rRPlKMoupSe0sCxoCLImAXC2n0Q0zOPPdE','USER049','d7a9b4c6-8f5e-4d6c-9e7b-6c8a5f7d3e9a'),
('b8e6f8a9-9f9c-4a2b-8d9f-6c7e5b8a5d7f','Nathan','Bryant','166','69','Above Knee','Bebionic Arm','nathan.bryant@patient.com','$argon2id$v=19$m=65536,t=3,p=4$MfvUCUCyfMNyQBZqAdwGFQ$e8vdyLPm+rRPlKMoupSe0sCxoCLImAXC2n0Q0zOPPdE','USER050','d7a9b4c6-8f5e-4d6c-9e7b-6c8a5f7d3e9a');

INSERT INTO Activity (activity_id, activity_type, start_time, end_time, is_uploaded, patient_id) VALUES
('1a2b3c4d-5e6f-4a7b-8c9d-0e1f2a3b4c5d','Running',1693110000,1693110879,TRUE,'a7f3c8e5-4b2d-4f1a-9c6e-8d5b3a7f2e1c'),
('2b3c4d5e-6f7a-4b8c-9d0e-1f2a3b4c5d6e','Standing',1693110500,1693111822,TRUE,'a7f3c8e5-4b2d-4f1a-9c6e-8d5b3a7f2e1c'),
('3c4d5e6f-7a8b-4c9d-0e1f-2a3b4c5d6e7f','Walking',1693120000,1693122542,TRUE,'b9e2d7f6-5c3e-4a2b-8d7f-9e6c4b8a3f2d'),
('4d5e6f7a-8b9c-4d0e-1f2a-3b4c5d6e7f8a','Running',1693120500,1693121367,TRUE,'b9e2d7f6-5c3e-4a2b-8d7f-9e6c4b8a3f2d'),
('5e6f7a8b-9c0d-4e1f-2a3b-4c5d6e7f8a9b','Running',1693130000,1693132247,TRUE,'c1f4e8d9-6a4f-4b3c-9e8a-7f5d6c9b4e3a'),
('6f7a8b9c-0d1e-4f2a-3b4c-5d6e7f8a9b0c','Walking',1693130500,1693131566,TRUE,'c1f4e8d9-6a4f-4b3c-9e8a-7f5d6c9b4e3a'),
('7a8b9c0d-1e2f-4a3b-4c5d-6e7f8a9b0c1d','GripTest',1693140000,1693140648,TRUE,'d3a5b9c2-7b5e-4c4d-8f9b-6e7a5d8c3f4b'),
('8b9c0d1e-2f3a-4b4c-5d6e-7f8a9b0c1d2e','Running',1693140500,1693143794,TRUE,'d3a5b9c2-7b5e-4c4d-8f9b-6e7a5d8c3f4b'),
('9c0d1e2f-3a4b-4c5d-6e7f-8a9b0c1d2e3f','Standing',1693150000,1693150624,TRUE,'e5b6c3d4-8c6f-4d5e-9a8c-7f6b4e9d5a6c'),
('0d1e2f3a-4b5c-4d6e-7f8a-9b0c1d2e3f4a','Cycling',1693150500,1693153344,TRUE,'e5b6c3d4-8c6f-4d5e-9a8c-7f6b4e9d5a6c'),
('1e2f3a4b-5c6d-4e7f-8a9b-0c1d2e3f4a5b','Running',1693160000,1693161957,TRUE,'f7c8d4e5-9d7a-4e6f-8b9d-6a7c5f8e4b7d'),
('2f3a4b5c-6d7e-4f8a-9b0c-1d2e3f4a5b6c','Walking',1693160500,1693163710,TRUE,'f7c8d4e5-9d7a-4e6f-8b9d-6a7c5f8e4b7d'),
('3a4b5c6d-7e8f-4a9b-0c1d-2e3f4a5b6c7d','Cycling',1693170000,1693171039,TRUE,'a9d5e6f7-8e8b-4f7a-9c8e-7b6d4a9f5c8e'),
('4b5c6d7e-8f9a-4b0c-1d2e-3f4a5b6c7d8e','Running',1693170500,1693171916,TRUE,'a9d5e6f7-8e8b-4f7a-9c8e-7b6d4a9f5c8e'),
('5c6d7e8f-9a0b-4c1d-2e3f-4a5b6c7d8e9f','Cycling',1693180000,1693182354,TRUE,'b2e6f7a8-9f9c-4a8b-8d9f-6c7e5b8a6d9f'),
('6d7e8f9a-0b1c-4d2e-3f4a-5b6c7d8e9f0a','GripTest',1693180500,1693181526,TRUE,'b2e6f7a8-9f9c-4a8b-8d9f-6c7e5b8a6d9f'),
('7e8f9a0b-1c2d-4e3f-4a5b-6c7d8e9f0a1b','Lifting',1693190000,1693191224,TRUE,'c4f7a9b1-8a8d-4b9c-9e8a-7d6f4c9b7e8a'),
('8f9a0b1c-2d3e-4f4a-5b6c-7d8e9f0a1b2c','Lifting',1693190500,1693193467,TRUE,'c4f7a9b1-8a8d-4b9c-9e8a-7d6f4c9b7e8a'),
('9a0b1c2d-3e4f-4a5b-6c7d-8e9f0a1b2c3d','Cycling',1693200000,1693203410,TRUE,'d6a8b2c3-9b9e-4c8d-8f9b-6e7a5d8c4f9b'),
('0b1c2d3e-4f5a-4b6c-7d8e-9f0a1b2c3d4e','Cycling',1693200500,1693201828,TRUE,'d6a8b2c3-9b9e-4c8d-8f9b-6e7a5d8c4f9b'),
('1c2d3e4f-5a6b-4c7d-8e9f-0a1b2c3d4e5f','Standing',1693210000,1693210884,TRUE,'e8b9c4d5-8c8f-4d9e-9a8c-7f6b4e9d6a8c'),
('2d3e4f5a-6b7c-4d8e-9f0a-1b2c3d4e5f6a','Standing',1693210500,1693212694,TRUE,'e8b9c4d5-8c8f-4d9e-9a8c-7f6b4e9d6a8c'),
('3e4f5a6b-7c8d-4e9f-0a1b-2c3d4e5f6a7b','Walking',1693220000,1693221851,TRUE,'f9c2d5e6-9d9a-4e8f-8b9d-6a7c5f8e7b9d'),
('4f5a6b7c-8d9e-4f0a-1b2c-3d4e5f6a7b8c','GripTest',1693220500,1693222104,TRUE,'f9c2d5e6-9d9a-4e8f-8b9d-6a7c5f8e7b9d'),
('5a6b7c8d-9e0f-4a1b-2c3d-4e5f6a7b8c9d','GripTest',1693230000,1693233336,TRUE,'a1d3e7f8-8e8b-4f9a-9c8e-7b6d4a9f8c2e'),
('6b7c8d9e-0f1a-4b2c-3d4e-5f6a7b8c9d0e','Walking',1693230500,1693231677,TRUE,'a1d3e7f8-8e8b-4f9a-9c8e-7b6d4a9f8c2e'),
('7c8d9e0f-1a2b-4c3d-4e5f-6a7b8c9d0e1f','Running',1693240000,1693241486,TRUE,'b3e4f9a2-9f9c-4a2b-8d9f-6c7e5b8a9d3f'),
('8d9e0f1a-2b3c-4d4e-5f6a-7b8c9d0e1f2a','Lifting',1693240500,1693243810,TRUE,'b3e4f9a2-9f9c-4a2b-8d9f-6c7e5b8a9d3f'),
('9e0f1a2b-3c4d-4e5f-6a7b-8c9d0e1f2a3b','Lifting',1693250000,1693251882,TRUE,'c5f6a2b4-8a8d-4b3c-9e8a-7d6f4c9b2e4a'),
('0f1a2b3c-4d5e-4f6a-7b8c-9d0e1f2a3b4c','Lifting',1693250500,1693253185,TRUE,'c5f6a2b4-8a8d-4b3c-9e8a-7d6f4c9b2e4a'),
('1a2b3c4d-5e6f-4a7b-8c9d-0e1f2a3b4c5e','Running',1693260000,1693262168,TRUE,'d7a9b3c5-9b9e-4c4d-8f9b-6e7a5d8c3f5b'),
('2b3c4d5e-6f7a-4b8c-9d0e-1f2a3b4c5d6f','Lifting',1693260500,1693262407,TRUE,'d7a9b3c5-9b9e-4c4d-8f9b-6e7a5d8c3f5b'),
('3c4d5e6f-7a8b-4c9d-0e1f-2a3b4c5d6e7a','Walking',1693270000,1693271035,TRUE,'e9b2c5d7-8c8f-4d5e-9a8c-7f6b4e9d4a6c'),
('4d5e6f7a-8b9c-4d0e-1f2a-3b4c5d6e7f8b','Lifting',1693270500,1693272815,TRUE,'e9b2c5d7-8c8f-4d5e-9a8c-7f6b4e9d4a6c'),
('5e6f7a8b-9c0d-4e1f-2a3b-4c5d6e7f8a9c','Walking',1693280000,1693281644,TRUE,'f2c4d7e9-9d9a-4e6f-8b9d-6a7c5f8e5b7d'),
('6f7a8b9c-0d1e-4f2a-3b4c-5d6e7f8a9b0d','Walking',1693280500,1693282689,TRUE,'f2c4d7e9-9d9a-4e6f-8b9d-6a7c5f8e5b7d'),
('7a8b9c0d-1e2f-4a3b-4c5d-6e7f8a9b0c1e','Cycling',1693290000,1693293138,TRUE,'a4d6e9f2-8e8b-4f7a-9c8e-7b6d4a9f6c8e'),
('8b9c0d1e-2f3a-4b4c-5d6e-7f8a9b0c1d2f','Cycling',1693290500,1693292557,TRUE,'a4d6e9f2-8e8b-4f7a-9c8e-7b6d4a9f6c8e'),
('9c0d1e2f-3a4b-4c5d-6e7f-8a9b0c1d2e3a','Lifting',1693300000,1693301498,TRUE,'b6e8f2a4-9f9c-4a8b-8d9f-6c7e5b8a7d9f'),
('0d1e2f3a-4b5c-4d6e-7f8a-9b0c1d2e3f4b','Lifting',1693300500,1693302857,TRUE,'b6e8f2a4-9f9c-4a8b-8d9f-6c7e5b8a7d9f'),
('1e2f3a4b-5c6d-4e7f-8a9b-0c1d2e3f4a5c','Standing',1693310000,1693310663,TRUE,'c8f9a4b6-8a8d-4b9c-9e8a-7d6f4c9b8e2a'),
('2f3a4b5c-6d7e-4f8a-9b0c-1d2e3f4a5b6d','GripTest',1693310500,1693313922,TRUE,'c8f9a4b6-8a8d-4b9c-9e8a-7d6f4c9b8e2a'),
('3a4b5c6d-7e8f-4a9b-0c1d-2e3f4a5b6c7e','Running',1693320000,1693322879,TRUE,'d2a5b7c9-9b9e-4c8d-8f9b-6e7a5d8c9f3b'),
('4b5c6d7e-8f9a-4b0c-1d2e-3f4a5b6c7d8f','Cycling',1693320500,1693324049,TRUE,'d2a5b7c9-9b9e-4c8d-8f9b-6e7a5d8c9f3b'),
('5c6d7e8f-9a0b-4c1d-2e3f-4a5b6c7d8e9a','Standing',1693330000,1693330739,TRUE,'e4b7c9d2-8c8f-4d9e-9a8c-7f6b4e9d2a4c'),
('6d7e8f9a-0b1c-4d2e-3f4a-5b6c7d8e9f0b','Walking',1693330500,1693332982,TRUE,'e4b7c9d2-8c8f-4d9e-9a8c-7f6b4e9d2a4c'),
('7e8f9a0b-1c2d-4e3f-4a5b-6c7d8e9f0a1c','GripTest',1693340000,1693343526,TRUE,'f6c9d2e4-9d9a-4e8f-8b9d-6a7c5f8e3b5d'),
('8f9a0b1c-2d3e-4f4a-5b6c-7d8e9f0a1b2d','GripTest',1693340500,1693342089,TRUE,'f6c9d2e4-9d9a-4e8f-8b9d-6a7c5f8e3b5d'),
('9a0b1c2d-3e4f-4a5b-6c7d-8e9f0a1b2c3e','GripTest',1693350000,1693351566,TRUE,'a8d2e4f6-8e8b-4f9a-9c8e-7b6d4a9f4c6e'),
('0b1c2d3e-4f5a-4b6c-7d8e-9f0a1b2c3d4f','Walking',1693350500,1693352865,TRUE,'a8d2e4f6-8e8b-4f9a-9c8e-7b6d4a9f4c6e'),
('1c2d3e4f-5a6b-4c7d-8e9f-0a1b2c3d4e5a','Standing',1693360000,1693363409,TRUE,'b9e4f6a8-9f9c-4a2b-8d9f-6c7e5b8a5d7f'),
('2d3e4f5a-6b7c-4d8e-9f0a-1b2c3d4e5f6b','Walking',1693360500,1693361507,TRUE,'b9e4f6a8-9f9c-4a2b-8d9f-6c7e5b8a5d7f'),
('3e4f5a6b-7c8d-4e9f-0a1b-2c3d4e5f6a7c','Standing',1693370000,1693372299,TRUE,'c2f6a8b9-8a8d-4b3c-9e8a-7d6f4c9b6e8a'),
('4f5a6b7c-8d9e-4f0a-1b2c-3d4e5f6a7b8d','Cycling',1693370500,1693371302,TRUE,'c2f6a8b9-8a8d-4b3c-9e8a-7d6f4c9b6e8a'),
('5a6b7c8d-9e0f-4a1b-2c3d-4e5f6a7b8c9e','Lifting',1693380000,1693381582,TRUE,'d4a8b9c2-9b9e-4c4d-8f9b-6e7a5d8c7f9b'),
('6b7c8d9e-0f1a-4b2c-3d4e-5f6a7b8c9d0f','GripTest',1693380500,1693382449,TRUE,'d4a8b9c2-9b9e-4c4d-8f9b-6e7a5d8c7f9b'),
('7c8d9e0f-1a2b-4c3d-4e5f-6a7b8c9d0e1a','Lifting',1693390000,1693392771,TRUE,'e6b9c2d4-8c8f-4d5e-9a8c-7f6b4e9d8a2c'),
('8d9e0f1a-2b3c-4d4e-5f6a-7b8c9d0e1f2b','Standing',1693390500,1693391395,TRUE,'e6b9c2d4-8c8f-4d5e-9a8c-7f6b4e9d8a2c'),
('9e0f1a2b-3c4d-4e5f-6a7b-8c9d0e1f2a3c','Lifting',1693400000,1693400843,TRUE,'f8c2d4e6-9d9a-4e6f-8b9d-6a7c5f8e9b3d'),
('0f1a2b3c-4d5e-4f6a-7b8c-9d0e1f2a3b4d','Standing',1693400500,1693402908,TRUE,'f8c2d4e6-9d9a-4e6f-8b9d-6a7c5f8e9b3d'),
('1a2b3c4d-5e6f-4a7b-8c9d-0e1f2a3b4c5f','Standing',1693410000,1693413137,TRUE,'a9d4e6f8-8e8b-4f7a-9c8e-7b6d4a9f2c4e'),
('2b3c4d5e-6f7a-4b8c-9d0e-1f2a3b4c5d6a','Walking',1693410500,1693413339,TRUE,'a9d4e6f8-8e8b-4f7a-9c8e-7b6d4a9f2c4e'),
('3c4d5e6f-7a8b-4c9d-0e1f-2a3b4c5d6e7b','Running',1693420000,1693422000,TRUE,'b2e6f8a9-9f9c-4a8b-8d9f-6c7e5b8a3d5f'),
('4d5e6f7a-8b9c-4d0e-1f2a-3b4c5d6e7f8c','GripTest',1693420500,1693422774,TRUE,'b2e6f8a9-9f9c-4a8b-8d9f-6c7e5b8a3d5f'),
('5e6f7a8b-9c0d-4e1f-2a3b-4c5d6e7f8a9d','Lifting',1693430000,1693430650,TRUE,'c4f8a2b5-8a8d-4b9c-9e8a-7d6f4c9b4e6a'),
('6f7a8b9c-0d1e-4f2a-3b4c-5d6e7f8a9b0e','Walking',1693430500,1693431507,TRUE,'c4f8a2b5-8a8d-4b9c-9e8a-7d6f4c9b4e6a'),
('7a8b9c0d-1e2f-4a3b-4c5d-6e7f8a9b0c1f','GripTest',1693440000,1693441203,TRUE,'d6a2b5c7-9b9e-4c8d-8f9b-6e7a5d8c5f7b'),
('8b9c0d1e-2f3a-4b4c-5d6e-7f8a9b0c1d2a','Lifting',1693440500,1693442772,TRUE,'d6a2b5c7-9b9e-4c8d-8f9b-6e7a5d8c5f7b'),
('9c0d1e2f-3a4b-4c5d-6e7f-8a9b0c1d2e3b','Running',1693450000,1693452416,TRUE,'e8b5c7d9-8c8f-4d9e-9a8c-7f6b4e9d6a8c'),
('0d1e2f3a-4b5c-4d6e-7f8a-9b0c1d2e3f4c','Walking',1693450500,1693454059,TRUE,'e8b5c7d9-8c8f-4d9e-9a8c-7f6b4e9d6a8c'),
('1e2f3a4b-5c6d-4e7f-8a9b-0c1d2e3f4a5d','GripTest',1693460000,1693463445,TRUE,'f9c7d9e2-9d9a-4e8f-8b9d-6a7c5f8e7b9d'),
('2f3a4b5c-6d7e-4f8a-9b0c-1d2e3f4a5b6e','Cycling',1693460500,1693463692,TRUE,'f9c7d9e2-9d9a-4e8f-8b9d-6a7c5f8e7b9d'),
('3a4b5c6d-7e8f-4a9b-0c1d-2e3f4a5b6c7f','Standing',1693470000,1693471986,TRUE,'a2d9e2f4-8e8b-4f9a-9c8e-7b6d4a9f8c2e'),
('4b5c6d7e-8f9a-4b0c-1d2e-3f4a5b6c7d8a','Standing',1693470500,1693472926,TRUE,'a2d9e2f4-8e8b-4f9a-9c8e-7b6d4a9f8c2e'),
('5c6d7e8f-9a0b-4c1d-2e3f-4a5b6c7d8e9b','Walking',1693480000,1693483093,TRUE,'b4e2f4a6-9f9c-4a2b-8d9f-6c7e5b8a9d3f'),
('6d7e8f9a-0b1c-4d2e-3f4a-5b6c7d8e9f0c','GripTest',1693480500,1693483913,TRUE,'b4e2f4a6-9f9c-4a2b-8d9f-6c7e5b8a9d3f'),
('7e8f9a0b-1c2d-4e3f-4a5b-6c7d8e9f0a1d','Walking',1693490000,1693491540,TRUE,'c6f4a6b8-8a8d-4b3c-9e8a-7d6f4c9b2e4a'),
('8f9a0b1c-2d3e-4f4a-5b6c-7d8e9f0a1b2e','Running',1693490500,1693491427,TRUE,'c6f4a6b8-8a8d-4b3c-9e8a-7d6f4c9b2e4a'),
('9a0b1c2d-3e4f-4a5b-6c7d-8e9f0a1b2c3f','Cycling',1693500000,1693503455,TRUE,'d8a6b8c9-9b9e-4c4d-8f9b-6e7a5d8c3f5b'),
('0b1c2d3e-4f5a-4b6c-7d8e-9f0a1b2c3d4a','GripTest',1693500500,1693501462,TRUE,'d8a6b8c9-9b9e-4c4d-8f9b-6e7a5d8c3f5b'),
('1c2d3e4f-5a6b-4c7d-8e9f-0a1b2c3d4e5b','GripTest',1693510000,1693512468,TRUE,'e9b8c9d2-8c8f-4d5e-9a8c-7f6b4e9d4a6c'),
('2d3e4f5a-6b7c-4d8e-9f0a-1b2c3d4e5f6c','Running',1693510500,1693512817,TRUE,'e9b8c9d2-8c8f-4d5e-9a8c-7f6b4e9d4a6c'),
('3e4f5a6b-7c8d-4e9f-0a1b-2c3d4e5f6a7d','Running',1693520000,1693520791,TRUE,'f2c9d2e4-9d9a-4e6f-8b9d-6a7c5f8e5b7d'),
('4f5a6b7c-8d9e-4f0a-1b2c-3d4e5f6a7b8e','Walking',1693520500,1693522485,TRUE,'f2c9d2e4-9d9a-4e6f-8b9d-6a7c5f8e5b7d'),
('5a6b7c8d-9e0f-4a1b-2c3d-4e5f6a7b8c9f','Cycling',1693530000,1693530849,TRUE,'a4d2e4f6-8e8b-4f7a-9c8e-7b6d4a9f6c8e'),
('6b7c8d9e-0f1a-4b2c-3d4e-5f6a7b8c9d0a','Lifting',1693530500,1693533867,TRUE,'a4d2e4f6-8e8b-4f7a-9c8e-7b6d4a9f6c8e'),
('7c8d9e0f-1a2b-4c3d-4e5f-6a7b8c9d0e1b','Lifting',1693540000,1693540923,TRUE,'b6e4f6a8-9f9c-4a8b-8d9f-6c7e5b8a7d9f'),
('8d9e0f1a-2b3c-4d4e-5f6a-7b8c9d0e1f2c','Running',1693540500,1693542253,TRUE,'b6e4f6a8-9f9c-4a8b-8d9f-6c7e5b8a7d9f'),
('9e0f1a2b-3c4d-4e5f-6a7b-8c9d0e1f2a3d','Running',1693550000,1693552987,TRUE,'c8f6a8b9-8a8d-4b9c-9e8a-7d6f4c9b8e2a'),
('0f1a2b3c-4d5e-4f6a-7b8c-9d0e1f2a3b4e','Cycling',1693550500,1693553750,TRUE,'c8f6a8b9-8a8d-4b9c-9e8a-7d6f4c9b8e2a'),
('1a2b3c4d-5e6f-4a7b-8c9d-0e1f2a3b4c5a','GripTest',1693560000,1693563300,TRUE,'d9a8b9c2-9b9e-4c8d-8f9b-6e7a5d8c9f3b'),
('2b3c4d5e-6f7a-4b8c-9d0e-1f2a3b4c5d6b','Lifting',1693560500,1693561680,TRUE,'d9a8b9c2-9b9e-4c8d-8f9b-6e7a5d8c9f3b'),
('3c4d5e6f-7a8b-4c9d-0e1f-2a3b4c5d6e7c','Running',1693570000,1693572351,TRUE,'e2b9c2d4-8c8f-4d9e-9a8c-7f6b4e9d2a4c'),
('4d5e6f7a-8b9c-4d0e-1f2a-3b4c5d6e7f8d','Cycling',1693570500,1693572372,TRUE,'e2b9c2d4-8c8f-4d9e-9a8c-7f6b4e9d2a4c'),
('5e6f7a8b-9c0d-4e1f-2a3b-4c5d6e7f8a9e','Standing',1693580000,1693582412,TRUE,'f4c2d4e6-9d9a-4e8f-8b9d-6a7c5f8e3b5d'),
('6f7a8b9c-0d1e-4f2a-3b4c-5d6e7f8a9b0f','Lifting',1693580500,1693582958,TRUE,'f4c2d4e6-9d9a-4e8f-8b9d-6a7c5f8e3b5d'),
('7a8b9c0d-1e2f-4a3b-4c5d-6e7f8a9b0c1a','Cycling',1693590000,1693591277,TRUE,'a6d4e6f8-8e8b-4f9a-9c8e-7b6d4a9f4c6e'),
('8b9c0d1e-2f3a-4b4c-5d6e-7f8a9b0c1d2b','Running',1693590500,1693592634,TRUE,'a6d4e6f8-8e8b-4f9a-9c8e-7b6d4a9f4c6e'),
('9c0d1e2f-3a4b-4c5d-6e7f-8a9b0c1d2e3c','GripTest',1693600000,1693601893,TRUE,'b8e6f8a9-9f9c-4a2b-8d9f-6c7e5b8a5d7f'),
('0d1e2f3a-4b5c-4d6e-7f8a-9b0c1d2e3f4d','Walking',1693600500,1693602626,TRUE,'b8e6f8a9-9f9c-4a2b-8d9f-6c7e5b8a5d7f');

-- INSERT INTO ActivityReading (activity_id, reading_series_id, sensor_id) VALUES

-- INSERT INTO Sensor (sensor_id, location_name, sensor_location_id, sensor_type, is_connected, patient_email, location_id, pressure_sensor_id, activity_id) VALUES

-- INSERT INTO PressureReading (pressure_reading_id, pressure_value, time, sensor_type, is_uploaded, reading_series_id, activity_id, sensor_id) VALUES